<?xml version="1.0" encoding="UTF-8" standalone="no" ?>
<gpx creator="CompeGPS" version="1.1" xsi:schemaLocation="http://www.topografix.com/GPX/1/1 http://www.topografix.com/GPX/1/1/gpx.xsd http://www.garmin.com/xmlschemas/WaypointExtension/v1 http://www8.garmin.com/xmlschemas/WaypointExtensionv1.xsd http://www.garmin.com/xmlschemas/TrackPointExtension/v1 http://www.garmin.com/xmlschemas/TrackPointExtensionv1.xsd http://www.garmin.com/xmlschemas/GpxExtensions/v3 http://www8.garmin.com/xmlschemas/GpxExtensionsv3.xsd http://www.garmin.com/xmlschemas/ActivityExtension/v1 http://www8.garmin.com/xmlschemas/ActivityExtensionv1.xsd http://www.garmin.com/xmlschemas/AdventuresExtensions/v1 http://www8.garmin.com/xmlschemas/AdventuresExtensionv1.xsd http://www.garmin.com/xmlschemas/PressureExtension/v1 http://www.garmin.com/xmlschemas/PressureExtensionv1.xsd http://www.garmin.com/xmlschemas/TripExtensions/v1 http://www.garmin.com/xmlschemas/TripExtensionsv1.xsd http://www.garmin.com/xmlschemas/TripMetaDataExtensions/v1 http://www.garmin.com/xmlschemas/TripMetaDataExtensionsv1.xsd http://www.garmin.com/xmlschemas/ViaPointTransportationModeExtensions/v1 http://www.garmin.com/xmlschemas/ViaPointTransportationModeExtensionsv1.xsd http://www.garmin.com/xmlschemas/CreationTimeExtension/v1 http://www.garmin.com/xmlschemas/CreationTimeExtensionsv1.xsd http://www.garmin.com/xmlschemas/AccelerationExtension/v1 http://www.garmin.com/xmlschemas/AccelerationExtensionv1.xsd http://www.garmin.com/xmlschemas/PowerExtension/v1 http://www.garmin.com/xmlschemas/PowerExtensionv1.xsd http://www.garmin.com/xmlschemas/VideoExtension/v1 http://www.garmin.com/xmlschemas/VideoExtensionv1.xsd" xmlns="http://www.topografix.com/GPX/1/1" xmlns:xsi="http://www.w3.org/2001/XMLSchema-instance" xmlns:wptx1="http://www.garmin.com/xmlschemas/WaypointExtension/v1" xmlns:gpxtrx="http://www.garmin.com/xmlschemas/GpxExtensions/v3" xmlns:gpxtpx="http://www.garmin.com/xmlschemas/TrackPointExtension/v1" xmlns:gpxx="http://www.garmin.com/xmlschemas/GpxExtensions/v3" xmlns:trp="http://www.garmin.com/xmlschemas/TripExtensions/v1" xmlns:adv="http://www.garmin.com/xmlschemas/AdventuresExtensions/v1" xmlns:prs="http://www.garmin.com/xmlschemas/PressureExtension/v1" xmlns:tmd="http://www.garmin.com/xmlschemas/TripMetaDataExtensions/v1" xmlns:vptm="http://www.garmin.com/xmlschemas/ViaPointTransportationModeExtensions/v1" xmlns:ctx="http://www.garmin.com/xmlschemas/CreationTimeExtension/v1" xmlns:gpxacc="http://www.garmin.com/xmlschemas/AccelerationExtension/v1" xmlns:gpxpx="http://www.garmin.com/xmlschemas/PowerExtension/v1" xmlns:vidx1="http://www.garmin.com/xmlschemas/VideoExtension/v1" xmlns:twonav="http://twonav.com/twonav">
  <metadata>
    <author>
      <email id="" domain=""/>
    </author>
    <copyright author="">
      <license></license>
    </copyright>
    <link href="http://www.compegps.com">
      <text>CompeGPS TEAM, SL</text>
    </link>
    <time>2018-09-30T11:35:01.000Z</time>
    <bounds maxlat="42.289676" maxlon="-6.751855" minlat="42.267779" minlon="-6.788132"/>
  </metadata>
  <trk>
    <name>[EXVTEI2301] D1 Teixadal Casaio TRK V0</name>
    <extensions>
      <line xmlns="http://www.topografix.com/GPX/gpx_style/0/2">
        <width>4</width>
      </line>
      <gpxx:TrackExtension>
        <gpxx:DisplayColor>DarkRed</gpxx:DisplayColor>
      </gpxx:TrackExtension>
      <twonav:TwoNavExtension>
        <twonav:activity>4</twonav:activity>
        <twonav:terrain>0</twonav:terrain>
      </twonav:TwoNavExtension>
    </extensions>
    <trkseg>
      <trkpt lat="42.289617" lon="-6.751912">
        <ele>1703.5</ele>
        <time>2018-09-30T06:22:21.000Z</time>
      </trkpt>
      <trkpt lat="42.289607" lon="-6.751909">
        <ele>1703.1</ele>
        <time>2018-09-30T06:22:29.000Z</time>
      </trkpt>
      <trkpt lat="42.289607" lon="-6.751922">
        <ele>1704.0</ele>
        <time>2018-09-30T06:22:34.000Z</time>
      </trkpt>
      <trkpt lat="42.289584" lon="-6.751927">
        <ele>1703.1</ele>
        <time>2018-09-30T06:22:48.000Z</time>
      </trkpt>
      <trkpt lat="42.289582" lon="-6.751916">
        <ele>1704.6</ele>
        <time>2018-09-30T06:22:55.000Z</time>
      </trkpt>
      <trkpt lat="42.289540" lon="-6.751921">
        <ele>1705.1</ele>
        <time>2018-09-30T06:23:21.000Z</time>
      </trkpt>
      <trkpt lat="42.289543" lon="-6.751921">
        <ele>1705.1</ele>
        <time>2018-09-30T06:23:23.000Z</time>
      </trkpt>
      <trkpt lat="42.289633" lon="-6.751855">
        <ele>1705.0</ele>
        <time>2018-09-30T06:23:34.000Z</time>
      </trkpt>
      <trkpt lat="42.289592" lon="-6.751902">
        <ele>1705.1</ele>
        <time>2018-09-30T06:23:47.000Z</time>
      </trkpt>
      <trkpt lat="42.289583" lon="-6.751909">
        <ele>1705.0</ele>
        <time>2018-09-30T06:23:52.000Z</time>
      </trkpt>
      <trkpt lat="42.289507" lon="-6.752003">
        <ele>1705.1</ele>
        <time>2018-09-30T06:23:59.000Z</time>
      </trkpt>
      <trkpt lat="42.289447" lon="-6.752077">
        <ele>1705.5</ele>
        <time>2018-09-30T06:24:05.000Z</time>
      </trkpt>
      <trkpt lat="42.289378" lon="-6.752163">
        <ele>1706.1</ele>
        <time>2018-09-30T06:24:12.000Z</time>
      </trkpt>
      <trkpt lat="42.289329" lon="-6.752167">
        <ele>1706.1</ele>
        <time>2018-09-30T06:24:25.000Z</time>
      </trkpt>
      <trkpt lat="42.289322" lon="-6.752163">
        <ele>1706.0</ele>
        <time>2018-09-30T06:24:29.000Z</time>
      </trkpt>
      <trkpt lat="42.289243" lon="-6.752315">
        <ele>1706.9</ele>
        <time>2018-09-30T06:24:39.000Z</time>
      </trkpt>
      <trkpt lat="42.289229" lon="-6.752347">
        <ele>1707.0</ele>
        <time>2018-09-30T06:24:50.000Z</time>
      </trkpt>
      <trkpt lat="42.289186" lon="-6.752397">
        <ele>1707.4</ele>
        <time>2018-09-30T06:24:59.000Z</time>
      </trkpt>
      <trkpt lat="42.289148" lon="-6.752444">
        <ele>1707.9</ele>
        <time>2018-09-30T06:25:03.000Z</time>
      </trkpt>
      <trkpt lat="42.289000" lon="-6.752617">
        <ele>1709.4</ele>
        <time>2018-09-30T06:25:17.000Z</time>
      </trkpt>
      <trkpt lat="42.288820" lon="-6.752762">
        <ele>1711.8</ele>
        <time>2018-09-30T06:25:33.000Z</time>
      </trkpt>
      <trkpt lat="42.288625" lon="-6.752861">
        <ele>1714.7</ele>
        <time>2018-09-30T06:25:49.000Z</time>
      </trkpt>
      <trkpt lat="42.288435" lon="-6.752880">
        <ele>1717.1</ele>
        <time>2018-09-30T06:26:05.000Z</time>
      </trkpt>
      <trkpt lat="42.288430" lon="-6.752878">
        <ele>1717.0</ele>
        <time>2018-09-30T06:26:10.000Z</time>
      </trkpt>
      <trkpt lat="42.288407" lon="-6.752901">
        <ele>1717.5</ele>
        <time>2018-09-30T06:26:20.000Z</time>
      </trkpt>
      <trkpt lat="42.288411" lon="-6.752905">
        <ele>1717.6</ele>
        <time>2018-09-30T06:26:28.000Z</time>
      </trkpt>
      <trkpt lat="42.288460" lon="-6.753070">
        <ele>1718.0</ele>
        <time>2018-09-30T06:26:38.000Z</time>
      </trkpt>
      <trkpt lat="42.288476" lon="-6.753097">
        <ele>1718.0</ele>
        <time>2018-09-30T06:26:44.000Z</time>
      </trkpt>
      <trkpt lat="42.288536" lon="-6.753128">
        <ele>1718.0</ele>
        <time>2018-09-30T06:26:49.000Z</time>
      </trkpt>
      <trkpt lat="42.288801" lon="-6.753203">
        <ele>1719.9</ele>
        <time>2018-09-30T06:27:07.000Z</time>
      </trkpt>
      <trkpt lat="42.289034" lon="-6.753313">
        <ele>1721.9</ele>
        <time>2018-09-30T06:27:23.000Z</time>
      </trkpt>
      <trkpt lat="42.289133" lon="-6.753377">
        <ele>1722.4</ele>
        <time>2018-09-30T06:27:30.000Z</time>
      </trkpt>
      <trkpt lat="42.289302" lon="-6.753514">
        <ele>1722.4</ele>
        <time>2018-09-30T06:27:46.000Z</time>
      </trkpt>
      <trkpt lat="42.289411" lon="-6.753664">
        <ele>1723.4</ele>
        <time>2018-09-30T06:27:59.000Z</time>
      </trkpt>
      <trkpt lat="42.289499" lon="-6.753910">
        <ele>1723.8</ele>
        <time>2018-09-30T06:28:14.000Z</time>
      </trkpt>
      <trkpt lat="42.289534" lon="-6.754182">
        <ele>1725.8</ele>
        <time>2018-09-30T06:28:29.000Z</time>
      </trkpt>
      <trkpt lat="42.289513" lon="-6.754467">
        <ele>1726.2</ele>
        <time>2018-09-30T06:28:44.000Z</time>
      </trkpt>
      <trkpt lat="42.289447" lon="-6.754706">
        <ele>1727.1</ele>
        <time>2018-09-30T06:28:58.000Z</time>
      </trkpt>
      <trkpt lat="42.289371" lon="-6.754933">
        <ele>1727.1</ele>
        <time>2018-09-30T06:29:12.000Z</time>
      </trkpt>
      <trkpt lat="42.289249" lon="-6.755131">
        <ele>1727.6</ele>
        <time>2018-09-30T06:29:27.000Z</time>
      </trkpt>
      <trkpt lat="42.289065" lon="-6.755243">
        <ele>1725.7</ele>
        <time>2018-09-30T06:29:43.000Z</time>
      </trkpt>
      <trkpt lat="42.289042" lon="-6.755269">
        <ele>1725.8</ele>
        <time>2018-09-30T06:29:46.000Z</time>
      </trkpt>
      <trkpt lat="42.289022" lon="-6.755283">
        <ele>1727.6</ele>
        <time>2018-09-30T06:29:48.000Z</time>
      </trkpt>
      <trkpt lat="42.289008" lon="-6.755308">
        <ele>1727.7</ele>
        <time>2018-09-30T06:29:54.000Z</time>
      </trkpt>
      <trkpt lat="42.288919" lon="-6.755469">
        <ele>1724.3</ele>
        <time>2018-09-30T06:30:03.000Z</time>
      </trkpt>
      <trkpt lat="42.288800" lon="-6.755692">
        <ele>1721.3</ele>
        <time>2018-09-30T06:30:13.000Z</time>
      </trkpt>
      <trkpt lat="42.288674" lon="-6.755937">
        <ele>1720.9</ele>
        <time>2018-09-30T06:30:25.000Z</time>
      </trkpt>
      <trkpt lat="42.288627" lon="-6.756007">
        <ele>1721.0</ele>
        <time>2018-09-30T06:30:35.000Z</time>
      </trkpt>
      <trkpt lat="42.288591" lon="-6.756150">
        <ele>1721.0</ele>
        <time>2018-09-30T06:30:46.000Z</time>
      </trkpt>
      <trkpt lat="42.288522" lon="-6.756376">
        <ele>1720.4</ele>
        <time>2018-09-30T06:31:01.000Z</time>
      </trkpt>
      <trkpt lat="42.288376" lon="-6.756615">
        <ele>1718.4</ele>
        <time>2018-09-30T06:31:19.000Z</time>
      </trkpt>
      <trkpt lat="42.288163" lon="-6.756842">
        <ele>1718.0</ele>
        <time>2018-09-30T06:31:40.000Z</time>
      </trkpt>
      <trkpt lat="42.288156" lon="-6.756849">
        <ele>1718.0</ele>
        <time>2018-09-30T06:31:41.000Z</time>
      </trkpt>
      <trkpt lat="42.288007" lon="-6.756949">
        <ele>1717.6</ele>
        <time>2018-09-30T06:31:54.000Z</time>
      </trkpt>
      <trkpt lat="42.287846" lon="-6.757010">
        <ele>1717.6</ele>
        <time>2018-09-30T06:32:07.000Z</time>
      </trkpt>
      <trkpt lat="42.287629" lon="-6.757036">
        <ele>1717.6</ele>
        <time>2018-09-30T06:32:23.000Z</time>
      </trkpt>
      <trkpt lat="42.287393" lon="-6.757060">
        <ele>1718.5</ele>
        <time>2018-09-30T06:32:41.000Z</time>
      </trkpt>
      <trkpt lat="42.287214" lon="-6.757046">
        <ele>1721.0</ele>
        <time>2018-09-30T06:32:55.000Z</time>
      </trkpt>
      <trkpt lat="42.287039" lon="-6.757037">
        <ele>1724.3</ele>
        <time>2018-09-30T06:33:10.000Z</time>
      </trkpt>
      <trkpt lat="42.286876" lon="-6.757031">
        <ele>1726.2</ele>
        <time>2018-09-30T06:33:25.000Z</time>
      </trkpt>
      <trkpt lat="42.286777" lon="-6.757048">
        <ele>1727.6</ele>
        <time>2018-09-30T06:33:36.000Z</time>
      </trkpt>
      <trkpt lat="42.286740" lon="-6.757045">
        <ele>1728.2</ele>
        <time>2018-09-30T06:33:49.000Z</time>
      </trkpt>
      <trkpt lat="42.286736" lon="-6.757042">
        <ele>1728.1</ele>
        <time>2018-09-30T06:33:51.000Z</time>
      </trkpt>
      <trkpt lat="42.286544" lon="-6.756862">
        <ele>1728.1</ele>
        <time>2018-09-30T06:34:07.000Z</time>
      </trkpt>
      <trkpt lat="42.286352" lon="-6.756645">
        <ele>1728.2</ele>
        <time>2018-09-30T06:34:23.000Z</time>
      </trkpt>
      <trkpt lat="42.286222" lon="-6.756435">
        <ele>1730.9</ele>
        <time>2018-09-30T06:34:39.000Z</time>
      </trkpt>
      <trkpt lat="42.286131" lon="-6.756307">
        <ele>1734.3</ele>
        <time>2018-09-30T06:34:51.000Z</time>
      </trkpt>
      <trkpt lat="42.285960" lon="-6.756069">
        <ele>1736.7</ele>
        <time>2018-09-30T06:35:10.000Z</time>
      </trkpt>
      <trkpt lat="42.285905" lon="-6.756021">
        <ele>1737.3</ele>
        <time>2018-09-30T06:35:21.000Z</time>
      </trkpt>
      <trkpt lat="42.285805" lon="-6.755995">
        <ele>1737.8</ele>
        <time>2018-09-30T06:35:33.000Z</time>
      </trkpt>
      <trkpt lat="42.285575" lon="-6.755995">
        <ele>1739.7</ele>
        <time>2018-09-30T06:35:50.000Z</time>
      </trkpt>
      <trkpt lat="42.285386" lon="-6.756022">
        <ele>1742.0</ele>
        <time>2018-09-30T06:36:06.000Z</time>
      </trkpt>
      <trkpt lat="42.285221" lon="-6.756027">
        <ele>1745.0</ele>
        <time>2018-09-30T06:36:21.000Z</time>
      </trkpt>
      <trkpt lat="42.285086" lon="-6.756047">
        <ele>1748.3</ele>
        <time>2018-09-30T06:36:35.000Z</time>
      </trkpt>
      <trkpt lat="42.285036" lon="-6.756045">
        <ele>1748.7</ele>
        <time>2018-09-30T06:36:40.000Z</time>
      </trkpt>
      <trkpt lat="42.284878" lon="-6.755992">
        <ele>1751.6</ele>
        <time>2018-09-30T06:36:55.000Z</time>
      </trkpt>
      <trkpt lat="42.284747" lon="-6.755990">
        <ele>1754.1</ele>
        <time>2018-09-30T06:37:09.000Z</time>
      </trkpt>
      <trkpt lat="42.284644" lon="-6.755998">
        <ele>1756.5</ele>
        <time>2018-09-30T06:37:20.000Z</time>
      </trkpt>
      <trkpt lat="42.284542" lon="-6.756010">
        <ele>1758.3</ele>
        <time>2018-09-30T06:37:30.000Z</time>
      </trkpt>
      <trkpt lat="42.284517" lon="-6.756017">
        <ele>1759.4</ele>
        <time>2018-09-30T06:37:33.000Z</time>
      </trkpt>
      <trkpt lat="42.284481" lon="-6.756026">
        <ele>1759.8</ele>
        <time>2018-09-30T06:37:37.000Z</time>
      </trkpt>
      <trkpt lat="42.284403" lon="-6.756060">
        <ele>1762.3</ele>
        <time>2018-09-30T06:37:46.000Z</time>
      </trkpt>
      <trkpt lat="42.284320" lon="-6.756095">
        <ele>1764.2</ele>
        <time>2018-09-30T06:37:55.000Z</time>
      </trkpt>
      <trkpt lat="42.284240" lon="-6.756149">
        <ele>1766.6</ele>
        <time>2018-09-30T06:38:06.000Z</time>
      </trkpt>
      <trkpt lat="42.284231" lon="-6.756150">
        <ele>1767.1</ele>
        <time>2018-09-30T06:38:07.000Z</time>
      </trkpt>
      <trkpt lat="42.284157" lon="-6.756136">
        <ele>1768.4</ele>
        <time>2018-09-30T06:38:15.000Z</time>
      </trkpt>
      <trkpt lat="42.284085" lon="-6.756130">
        <ele>1769.9</ele>
        <time>2018-09-30T06:38:23.000Z</time>
      </trkpt>
      <trkpt lat="42.283970" lon="-6.756152">
        <ele>1771.8</ele>
        <time>2018-09-30T06:38:34.000Z</time>
      </trkpt>
      <trkpt lat="42.283917" lon="-6.756182">
        <ele>1772.9</ele>
        <time>2018-09-30T06:38:41.000Z</time>
      </trkpt>
      <trkpt lat="42.283784" lon="-6.756242">
        <ele>1774.3</ele>
        <time>2018-09-30T06:38:54.000Z</time>
      </trkpt>
      <trkpt lat="42.283688" lon="-6.756293">
        <ele>1776.7</ele>
        <time>2018-09-30T06:39:05.000Z</time>
      </trkpt>
      <trkpt lat="42.283636" lon="-6.756378">
        <ele>1778.5</ele>
        <time>2018-09-30T06:39:15.000Z</time>
      </trkpt>
      <trkpt lat="42.283596" lon="-6.756474">
        <ele>1780.5</ele>
        <time>2018-09-30T06:39:25.000Z</time>
      </trkpt>
      <trkpt lat="42.283578" lon="-6.756512">
        <ele>1781.0</ele>
        <time>2018-09-30T06:39:29.000Z</time>
      </trkpt>
      <trkpt lat="42.283568" lon="-6.756531">
        <ele>1781.4</ele>
        <time>2018-09-30T06:39:31.000Z</time>
      </trkpt>
      <trkpt lat="42.283536" lon="-6.756610">
        <ele>1782.9</ele>
        <time>2018-09-30T06:39:39.000Z</time>
      </trkpt>
      <trkpt lat="42.283490" lon="-6.756705">
        <ele>1785.4</ele>
        <time>2018-09-30T06:39:49.000Z</time>
      </trkpt>
      <trkpt lat="42.283435" lon="-6.756825">
        <ele>1787.2</ele>
        <time>2018-09-30T06:40:00.000Z</time>
      </trkpt>
      <trkpt lat="42.283421" lon="-6.756857">
        <ele>1787.7</ele>
        <time>2018-09-30T06:40:03.000Z</time>
      </trkpt>
      <trkpt lat="42.283399" lon="-6.756880">
        <ele>1788.1</ele>
        <time>2018-09-30T06:40:06.000Z</time>
      </trkpt>
      <trkpt lat="42.283330" lon="-6.757042">
        <ele>1790.2</ele>
        <time>2018-09-30T06:40:19.000Z</time>
      </trkpt>
      <trkpt lat="42.283321" lon="-6.757064">
        <ele>1790.6</ele>
        <time>2018-09-30T06:40:21.000Z</time>
      </trkpt>
      <trkpt lat="42.283224" lon="-6.757204">
        <ele>1792.1</ele>
        <time>2018-09-30T06:40:34.000Z</time>
      </trkpt>
      <trkpt lat="42.283154" lon="-6.757260">
        <ele>1792.6</ele>
        <time>2018-09-30T06:40:41.000Z</time>
      </trkpt>
      <trkpt lat="42.283099" lon="-6.757339">
        <ele>1793.1</ele>
        <time>2018-09-30T06:40:53.000Z</time>
      </trkpt>
      <trkpt lat="42.282959" lon="-6.757469">
        <ele>1793.4</ele>
        <time>2018-09-30T06:41:07.000Z</time>
      </trkpt>
      <trkpt lat="42.282877" lon="-6.757502">
        <ele>1792.0</ele>
        <time>2018-09-30T06:41:17.000Z</time>
        <cmt>HITO - DESVÍO IZQUIERDA - CAMINO</cmt>
      </trkpt>
      <trkpt lat="42.282870" lon="-6.757507">
        <ele>1792.0</ele>
        <time>2018-09-30T06:41:18.000Z</time>
      </trkpt>
      <trkpt lat="42.282729" lon="-6.757676">
        <ele>1792.5</ele>
        <time>2018-09-30T06:41:31.000Z</time>
      </trkpt>
      <trkpt lat="42.282630" lon="-6.757897">
        <ele>1793.4</ele>
        <time>2018-09-30T06:41:45.000Z</time>
      </trkpt>
      <trkpt lat="42.282608" lon="-6.758111">
        <ele>1794.4</ele>
        <time>2018-09-30T06:41:57.000Z</time>
      </trkpt>
      <trkpt lat="42.282585" lon="-6.758436">
        <ele>1794.4</ele>
        <time>2018-09-30T06:42:13.000Z</time>
      </trkpt>
      <trkpt lat="42.282564" lon="-6.758776">
        <ele>1794.5</ele>
        <time>2018-09-30T06:42:30.000Z</time>
      </trkpt>
      <trkpt lat="42.282572" lon="-6.758883">
        <ele>1792.5</ele>
        <time>2018-09-30T06:42:39.000Z</time>
      </trkpt>
      <trkpt lat="42.282583" lon="-6.758981">
        <ele>1792.5</ele>
        <time>2018-09-30T06:42:45.000Z</time>
      </trkpt>
      <trkpt lat="42.282592" lon="-6.759083">
        <ele>1791.6</ele>
        <time>2018-09-30T06:42:57.000Z</time>
      </trkpt>
      <trkpt lat="42.282597" lon="-6.759088">
        <ele>1791.5</ele>
        <time>2018-09-30T06:43:05.000Z</time>
      </trkpt>
      <trkpt lat="42.282542" lon="-6.759322">
        <ele>1791.1</ele>
        <time>2018-09-30T06:43:18.000Z</time>
      </trkpt>
      <trkpt lat="42.282521" lon="-6.759353">
        <ele>1792.5</ele>
        <time>2018-09-30T06:43:20.000Z</time>
      </trkpt>
      <trkpt lat="42.282416" lon="-6.759573">
        <ele>1795.4</ele>
        <time>2018-09-30T06:43:34.000Z</time>
      </trkpt>
      <trkpt lat="42.282302" lon="-6.759782">
        <ele>1798.7</ele>
        <time>2018-09-30T06:43:49.000Z</time>
      </trkpt>
      <trkpt lat="42.282148" lon="-6.759992">
        <ele>1801.7</ele>
        <time>2018-09-30T06:44:07.000Z</time>
      </trkpt>
      <trkpt lat="42.282019" lon="-6.760176">
        <ele>1804.0</ele>
        <time>2018-09-30T06:44:23.000Z</time>
      </trkpt>
      <trkpt lat="42.281893" lon="-6.760378">
        <ele>1807.4</ele>
        <time>2018-09-30T06:44:41.000Z</time>
      </trkpt>
      <trkpt lat="42.281766" lon="-6.760561">
        <ele>1809.9</ele>
        <time>2018-09-30T06:44:57.000Z</time>
      </trkpt>
      <trkpt lat="42.281648" lon="-6.760760">
        <ele>1812.7</ele>
        <time>2018-09-30T06:45:14.000Z</time>
      </trkpt>
      <trkpt lat="42.281536" lon="-6.760956">
        <ele>1815.6</ele>
        <time>2018-09-30T06:45:30.000Z</time>
      </trkpt>
      <trkpt lat="42.281445" lon="-6.761123">
        <ele>1817.5</ele>
        <time>2018-09-30T06:45:44.000Z</time>
      </trkpt>
      <trkpt lat="42.281327" lon="-6.761317">
        <ele>1820.3</ele>
        <time>2018-09-30T06:46:00.000Z</time>
      </trkpt>
      <trkpt lat="42.281233" lon="-6.761523">
        <ele>1822.9</ele>
        <time>2018-09-30T06:46:16.000Z</time>
      </trkpt>
      <trkpt lat="42.281146" lon="-6.761721">
        <ele>1825.2</ele>
        <time>2018-09-30T06:46:31.000Z</time>
      </trkpt>
      <trkpt lat="42.281074" lon="-6.761896">
        <ele>1827.7</ele>
        <time>2018-09-30T06:46:45.000Z</time>
      </trkpt>
      <trkpt lat="42.280999" lon="-6.762086">
        <ele>1830.0</ele>
        <time>2018-09-30T06:47:00.000Z</time>
      </trkpt>
      <trkpt lat="42.280928" lon="-6.762289">
        <ele>1832.9</ele>
        <time>2018-09-30T06:47:15.000Z</time>
      </trkpt>
      <trkpt lat="42.280894" lon="-6.762572">
        <ele>1834.8</ele>
        <time>2018-09-30T06:47:31.000Z</time>
      </trkpt>
      <trkpt lat="42.280896" lon="-6.762864">
        <ele>1835.2</ele>
        <time>2018-09-30T06:47:47.000Z</time>
      </trkpt>
      <trkpt lat="42.280898" lon="-6.762914">
        <ele>1835.2</ele>
        <time>2018-09-30T06:47:50.000Z</time>
      </trkpt>
      <trkpt lat="42.280919" lon="-6.762984">
        <ele>1835.3</ele>
        <time>2018-09-30T06:48:00.000Z</time>
      </trkpt>
      <trkpt lat="42.280913" lon="-6.763112">
        <ele>1835.3</ele>
        <time>2018-09-30T06:48:12.000Z</time>
      </trkpt>
      <trkpt lat="42.280911" lon="-6.763127">
        <ele>1833.9</ele>
        <time>2018-09-30T06:48:14.000Z</time>
        <cmt>ALTO DE LA CABRITA - DESVÍO DERECHA</cmt>
      </trkpt>
      <trkpt lat="42.280909" lon="-6.763200">
        <ele>1832.8</ele>
        <time>2018-09-30T06:48:21.000Z</time>
      </trkpt>
      <trkpt lat="42.280904" lon="-6.763209">
        <ele>1832.4</ele>
        <time>2018-09-30T06:48:38.000Z</time>
      </trkpt>
      <trkpt lat="42.280927" lon="-6.763197">
        <ele>1832.4</ele>
        <time>2018-09-30T06:48:49.000Z</time>
      </trkpt>
      <trkpt lat="42.280944" lon="-6.763172">
        <ele>1832.5</ele>
        <time>2018-09-30T06:48:57.000Z</time>
      </trkpt>
      <trkpt lat="42.280956" lon="-6.763211">
        <ele>1832.4</ele>
        <time>2018-09-30T06:49:04.000Z</time>
      </trkpt>
      <trkpt lat="42.280966" lon="-6.763248">
        <ele>1832.5</ele>
        <time>2018-09-30T06:49:07.000Z</time>
      </trkpt>
      <trkpt lat="42.280985" lon="-6.763310">
        <ele>1832.4</ele>
        <time>2018-09-30T06:49:12.000Z</time>
      </trkpt>
      <trkpt lat="42.281016" lon="-6.763354">
        <ele>1831.9</ele>
        <time>2018-09-30T06:49:22.000Z</time>
      </trkpt>
      <trkpt lat="42.281010" lon="-6.763354">
        <ele>1832.0</ele>
        <time>2018-09-30T06:49:25.000Z</time>
      </trkpt>
      <trkpt lat="42.280992" lon="-6.763364">
        <ele>1832.0</ele>
        <time>2018-09-30T06:49:27.000Z</time>
      </trkpt>
      <trkpt lat="42.280966" lon="-6.763373">
        <ele>1832.5</ele>
        <time>2018-09-30T06:49:39.000Z</time>
      </trkpt>
      <trkpt lat="42.280992" lon="-6.763398">
        <ele>1832.4</ele>
        <time>2018-09-30T06:49:42.000Z</time>
      </trkpt>
      <trkpt lat="42.281050" lon="-6.763489">
        <ele>1833.4</ele>
        <time>2018-09-30T06:49:54.000Z</time>
        <cmt>MIRADOR NATURAL DEL ALTO DE LA CABRITA (1833 m)</cmt>
      </trkpt>
      <trkpt lat="42.281043" lon="-6.763489">
        <ele>1832.0</ele>
        <time>2018-09-30T06:49:59.000Z</time>
      </trkpt>
      <trkpt lat="42.281014" lon="-6.763498">
        <ele>1832.5</ele>
        <time>2018-09-30T06:50:22.000Z</time>
      </trkpt>
      <trkpt lat="42.281003" lon="-6.763502">
        <ele>1833.4</ele>
        <time>2018-09-30T06:50:37.000Z</time>
      </trkpt>
      <trkpt lat="42.281008" lon="-6.763458">
        <ele>1833.4</ele>
        <time>2018-09-30T06:50:45.000Z</time>
      </trkpt>
      <trkpt lat="42.281010" lon="-6.763454">
        <ele>1832.4</ele>
        <time>2018-09-30T06:51:00.000Z</time>
      </trkpt>
      <trkpt lat="42.280970" lon="-6.763432">
        <ele>1832.4</ele>
        <time>2018-09-30T06:51:22.000Z</time>
      </trkpt>
      <trkpt lat="42.280986" lon="-6.763469">
        <ele>1832.4</ele>
        <time>2018-09-30T06:51:35.000Z</time>
      </trkpt>
      <trkpt lat="42.281044" lon="-6.763527">
        <ele>1832.5</ele>
        <time>2018-09-30T06:51:44.000Z</time>
      </trkpt>
      <trkpt lat="42.281064" lon="-6.763583">
        <ele>1832.0</ele>
        <time>2018-09-30T06:51:53.000Z</time>
      </trkpt>
      <trkpt lat="42.281019" lon="-6.763571">
        <ele>1831.9</ele>
        <time>2018-09-30T06:52:05.000Z</time>
      </trkpt>
      <trkpt lat="42.281000" lon="-6.763533">
        <ele>1832.0</ele>
        <time>2018-09-30T06:52:15.000Z</time>
      </trkpt>
      <trkpt lat="42.281031" lon="-6.763528">
        <ele>1833.3</ele>
        <time>2018-09-30T06:52:39.000Z</time>
      </trkpt>
      <trkpt lat="42.281032" lon="-6.763528">
        <ele>1833.3</ele>
        <time>2018-09-30T06:52:56.000Z</time>
      </trkpt>
      <trkpt lat="42.281042" lon="-6.763525">
        <ele>1833.4</ele>
        <time>2018-09-30T06:53:12.000Z</time>
      </trkpt>
      <trkpt lat="42.281043" lon="-6.763526">
        <ele>1833.4</ele>
        <time>2018-09-30T06:53:31.000Z</time>
      </trkpt>
      <trkpt lat="42.281033" lon="-6.763525">
        <ele>1833.9</ele>
        <time>2018-09-30T06:53:47.000Z</time>
      </trkpt>
      <trkpt lat="42.281015" lon="-6.763530">
        <ele>1832.5</ele>
        <time>2018-09-30T06:53:57.000Z</time>
      </trkpt>
      <trkpt lat="42.280992" lon="-6.763536">
        <ele>1832.4</ele>
        <time>2018-09-30T06:54:18.000Z</time>
      </trkpt>
      <trkpt lat="42.281016" lon="-6.763569">
        <ele>1832.4</ele>
        <time>2018-09-30T06:54:32.000Z</time>
      </trkpt>
      <trkpt lat="42.281060" lon="-6.763593">
        <ele>1831.9</ele>
        <time>2018-09-30T06:54:37.000Z</time>
      </trkpt>
      <trkpt lat="42.281070" lon="-6.763623">
        <ele>1831.9</ele>
        <time>2018-09-30T06:54:40.000Z</time>
      </trkpt>
      <trkpt lat="42.281092" lon="-6.763786">
        <ele>1829.6</ele>
        <time>2018-09-30T06:54:51.000Z</time>
      </trkpt>
      <trkpt lat="42.281195" lon="-6.763892">
        <ele>1826.1</ele>
        <time>2018-09-30T06:55:04.000Z</time>
      </trkpt>
      <trkpt lat="42.281234" lon="-6.763973">
        <ele>1825.2</ele>
        <time>2018-09-30T06:55:15.000Z</time>
      </trkpt>
      <trkpt lat="42.281261" lon="-6.764055">
        <ele>1823.8</ele>
        <time>2018-09-30T06:55:26.000Z</time>
      </trkpt>
      <trkpt lat="42.281335" lon="-6.764170">
        <ele>1822.3</ele>
        <time>2018-09-30T06:55:39.000Z</time>
      </trkpt>
      <trkpt lat="42.281391" lon="-6.764286">
        <ele>1820.3</ele>
        <time>2018-09-30T06:55:51.000Z</time>
      </trkpt>
      <trkpt lat="42.281457" lon="-6.764394">
        <ele>1817.9</ele>
        <time>2018-09-30T06:56:03.000Z</time>
      </trkpt>
      <trkpt lat="42.281486" lon="-6.764428">
        <ele>1817.0</ele>
        <time>2018-09-30T06:56:08.000Z</time>
      </trkpt>
      <trkpt lat="42.281532" lon="-6.764510">
        <ele>1815.5</ele>
        <time>2018-09-30T06:56:16.000Z</time>
      </trkpt>
      <trkpt lat="42.281574" lon="-6.764565">
        <ele>1815.1</ele>
        <time>2018-09-30T06:56:22.000Z</time>
      </trkpt>
      <trkpt lat="42.281611" lon="-6.764634">
        <ele>1813.7</ele>
        <time>2018-09-30T06:56:28.000Z</time>
      </trkpt>
      <trkpt lat="42.281619" lon="-6.764661">
        <ele>1813.2</ele>
        <time>2018-09-30T06:56:30.000Z</time>
      </trkpt>
      <trkpt lat="42.281657" lon="-6.764790">
        <ele>1811.2</ele>
        <time>2018-09-30T06:56:43.000Z</time>
      </trkpt>
      <trkpt lat="42.281653" lon="-6.764803">
        <ele>1811.2</ele>
        <time>2018-09-30T06:56:50.000Z</time>
      </trkpt>
      <trkpt lat="42.281699" lon="-6.764898">
        <ele>1810.3</ele>
        <time>2018-09-30T06:57:01.000Z</time>
      </trkpt>
      <trkpt lat="42.281671" lon="-6.764906">
        <ele>1809.9</ele>
        <time>2018-09-30T06:57:17.000Z</time>
      </trkpt>
      <trkpt lat="42.281691" lon="-6.764987">
        <ele>1809.4</ele>
        <time>2018-09-30T06:57:25.000Z</time>
      </trkpt>
      <trkpt lat="42.281740" lon="-6.765045">
        <ele>1808.3</ele>
        <time>2018-09-30T06:57:32.000Z</time>
      </trkpt>
      <trkpt lat="42.281764" lon="-6.765075">
        <ele>1808.0</ele>
        <time>2018-09-30T06:57:35.000Z</time>
      </trkpt>
      <trkpt lat="42.281781" lon="-6.765159">
        <ele>1806.9</ele>
        <time>2018-09-30T06:57:41.000Z</time>
      </trkpt>
      <trkpt lat="42.281855" lon="-6.765308">
        <ele>1805.0</ele>
        <time>2018-09-30T06:57:54.000Z</time>
      </trkpt>
      <trkpt lat="42.281888" lon="-6.765434">
        <ele>1803.0</ele>
        <time>2018-09-30T06:58:06.000Z</time>
      </trkpt>
      <trkpt lat="42.281928" lon="-6.765515">
        <ele>1800.6</ele>
        <time>2018-09-30T06:58:16.000Z</time>
      </trkpt>
      <trkpt lat="42.281972" lon="-6.765568">
        <ele>1798.7</ele>
        <time>2018-09-30T06:58:23.000Z</time>
      </trkpt>
      <trkpt lat="42.282023" lon="-6.765676">
        <ele>1796.9</ele>
        <time>2018-09-30T06:58:33.000Z</time>
      </trkpt>
      <trkpt lat="42.282050" lon="-6.765809">
        <ele>1795.0</ele>
        <time>2018-09-30T06:58:45.000Z</time>
      </trkpt>
      <trkpt lat="42.282042" lon="-6.765813">
        <ele>1794.9</ele>
        <time>2018-09-30T06:58:49.000Z</time>
      </trkpt>
      <trkpt lat="42.282081" lon="-6.765852">
        <ele>1794.5</ele>
        <time>2018-09-30T06:58:53.000Z</time>
      </trkpt>
      <trkpt lat="42.282105" lon="-6.765888">
        <ele>1794.0</ele>
        <time>2018-09-30T06:58:56.000Z</time>
      </trkpt>
      <trkpt lat="42.282124" lon="-6.765948">
        <ele>1793.1</ele>
        <time>2018-09-30T06:59:02.000Z</time>
      </trkpt>
      <trkpt lat="42.282207" lon="-6.766172">
        <ele>1791.5</ele>
        <time>2018-09-30T06:59:17.000Z</time>
      </trkpt>
      <trkpt lat="42.282219" lon="-6.766200">
        <ele>1790.6</ele>
        <time>2018-09-30T06:59:19.000Z</time>
      </trkpt>
      <trkpt lat="42.282283" lon="-6.766275">
        <ele>1789.6</ele>
        <time>2018-09-30T06:59:26.000Z</time>
      </trkpt>
      <trkpt lat="42.282308" lon="-6.766392">
        <ele>1788.6</ele>
        <time>2018-09-30T06:59:38.000Z</time>
      </trkpt>
      <trkpt lat="42.282334" lon="-6.766473">
        <ele>1787.8</ele>
        <time>2018-09-30T06:59:46.000Z</time>
      </trkpt>
      <trkpt lat="42.282359" lon="-6.766589">
        <ele>1786.7</ele>
        <time>2018-09-30T06:59:58.000Z</time>
      </trkpt>
      <trkpt lat="42.282359" lon="-6.766607">
        <ele>1785.7</ele>
        <time>2018-09-30T07:00:08.000Z</time>
      </trkpt>
      <trkpt lat="42.282389" lon="-6.766689">
        <ele>1784.4</ele>
        <time>2018-09-30T07:00:19.000Z</time>
      </trkpt>
      <trkpt lat="42.282420" lon="-6.766737">
        <ele>1783.8</ele>
        <time>2018-09-30T07:00:23.000Z</time>
      </trkpt>
      <trkpt lat="42.282476" lon="-6.766874">
        <ele>1781.4</ele>
        <time>2018-09-30T07:00:35.000Z</time>
      </trkpt>
      <trkpt lat="42.282485" lon="-6.766999">
        <ele>1778.5</ele>
        <time>2018-09-30T07:00:45.000Z</time>
      </trkpt>
      <trkpt lat="42.282501" lon="-6.767029">
        <ele>1778.2</ele>
        <time>2018-09-30T07:00:48.000Z</time>
      </trkpt>
      <trkpt lat="42.282525" lon="-6.767077">
        <ele>1776.6</ele>
        <time>2018-09-30T07:00:52.000Z</time>
      </trkpt>
      <trkpt lat="42.282582" lon="-6.767094">
        <ele>1775.3</ele>
        <time>2018-09-30T07:01:02.000Z</time>
      </trkpt>
      <trkpt lat="42.282603" lon="-6.767110">
        <ele>1774.2</ele>
        <time>2018-09-30T07:01:12.000Z</time>
      </trkpt>
      <trkpt lat="42.282648" lon="-6.767168">
        <ele>1771.8</ele>
        <time>2018-09-30T07:01:25.000Z</time>
      </trkpt>
      <trkpt lat="42.282692" lon="-6.767231">
        <ele>1768.9</ele>
        <time>2018-09-30T07:01:35.000Z</time>
      </trkpt>
      <trkpt lat="42.282698" lon="-6.767252">
        <ele>1768.4</ele>
        <time>2018-09-30T07:01:37.000Z</time>
      </trkpt>
      <trkpt lat="42.282722" lon="-6.767345">
        <ele>1765.2</ele>
        <time>2018-09-30T07:01:49.000Z</time>
      </trkpt>
      <trkpt lat="42.282737" lon="-6.767383">
        <ele>1761.3</ele>
        <time>2018-09-30T07:01:58.000Z</time>
      </trkpt>
      <trkpt lat="42.282757" lon="-6.767376">
        <ele>1761.8</ele>
        <time>2018-09-30T07:02:07.000Z</time>
        <cmt>SENDA</cmt>
      </trkpt>
      <trkpt lat="42.282755" lon="-6.767373">
        <ele>1761.8</ele>
        <time>2018-09-30T07:02:28.000Z</time>
      </trkpt>
      <trkpt lat="42.282768" lon="-6.767374">
        <ele>1761.3</ele>
        <time>2018-09-30T07:02:41.000Z</time>
      </trkpt>
      <trkpt lat="42.282813" lon="-6.767377">
        <ele>1758.8</ele>
        <time>2018-09-30T07:02:52.000Z</time>
      </trkpt>
      <trkpt lat="42.282818" lon="-6.767379">
        <ele>1758.9</ele>
        <time>2018-09-30T07:02:53.000Z</time>
      </trkpt>
      <trkpt lat="42.282865" lon="-6.767393">
        <ele>1757.0</ele>
        <time>2018-09-30T07:02:58.000Z</time>
      </trkpt>
      <trkpt lat="42.282869" lon="-6.767431">
        <ele>1755.9</ele>
        <time>2018-09-30T07:03:01.000Z</time>
      </trkpt>
      <trkpt lat="42.282855" lon="-6.767513">
        <ele>1753.1</ele>
        <time>2018-09-30T07:03:12.000Z</time>
      </trkpt>
      <trkpt lat="42.282869" lon="-6.767519">
        <ele>1752.6</ele>
        <time>2018-09-30T07:03:15.000Z</time>
      </trkpt>
      <trkpt lat="42.282875" lon="-6.767607">
        <ele>1750.3</ele>
        <time>2018-09-30T07:03:22.000Z</time>
      </trkpt>
      <trkpt lat="42.282886" lon="-6.767663">
        <ele>1748.3</ele>
        <time>2018-09-30T07:03:27.000Z</time>
      </trkpt>
      <trkpt lat="42.282907" lon="-6.767683">
        <ele>1746.8</ele>
        <time>2018-09-30T07:03:30.000Z</time>
      </trkpt>
      <trkpt lat="42.282922" lon="-6.767698">
        <ele>1746.4</ele>
        <time>2018-09-30T07:03:32.000Z</time>
      </trkpt>
      <trkpt lat="42.282971" lon="-6.767713">
        <ele>1744.9</ele>
        <time>2018-09-30T07:03:37.000Z</time>
      </trkpt>
      <trkpt lat="42.283046" lon="-6.767757">
        <ele>1741.6</ele>
        <time>2018-09-30T07:03:48.000Z</time>
      </trkpt>
      <trkpt lat="42.283075" lon="-6.767785">
        <ele>1740.1</ele>
        <time>2018-09-30T07:03:53.000Z</time>
      </trkpt>
      <trkpt lat="42.283064" lon="-6.767872">
        <ele>1737.7</ele>
        <time>2018-09-30T07:04:04.000Z</time>
      </trkpt>
      <trkpt lat="42.283083" lon="-6.767933">
        <ele>1735.8</ele>
        <time>2018-09-30T07:04:13.000Z</time>
      </trkpt>
      <trkpt lat="42.283105" lon="-6.768006">
        <ele>1732.9</ele>
        <time>2018-09-30T07:04:22.000Z</time>
      </trkpt>
      <trkpt lat="42.283133" lon="-6.768084">
        <ele>1731.4</ele>
        <time>2018-09-30T07:04:30.000Z</time>
      </trkpt>
      <trkpt lat="42.283178" lon="-6.768200">
        <ele>1728.6</ele>
        <time>2018-09-30T07:04:38.000Z</time>
      </trkpt>
      <trkpt lat="42.283183" lon="-6.768231">
        <ele>1728.1</ele>
        <time>2018-09-30T07:04:40.000Z</time>
      </trkpt>
      <trkpt lat="42.283195" lon="-6.768291">
        <ele>1726.7</ele>
        <time>2018-09-30T07:04:51.000Z</time>
      </trkpt>
      <trkpt lat="42.283198" lon="-6.768292">
        <ele>1726.7</ele>
        <time>2018-09-30T07:04:56.000Z</time>
      </trkpt>
      <trkpt lat="42.283217" lon="-6.768349">
        <ele>1726.2</ele>
        <time>2018-09-30T07:05:00.000Z</time>
      </trkpt>
      <trkpt lat="42.283238" lon="-6.768406">
        <ele>1725.2</ele>
        <time>2018-09-30T07:05:03.000Z</time>
      </trkpt>
      <trkpt lat="42.283295" lon="-6.768505">
        <ele>1722.8</ele>
        <time>2018-09-30T07:05:10.000Z</time>
      </trkpt>
      <trkpt lat="42.283395" lon="-6.768674">
        <ele>1719.5</ele>
        <time>2018-09-30T07:05:22.000Z</time>
      </trkpt>
      <trkpt lat="42.283456" lon="-6.768833">
        <ele>1718.4</ele>
        <time>2018-09-30T07:05:33.000Z</time>
      </trkpt>
      <trkpt lat="42.283498" lon="-6.768974">
        <ele>1717.6</ele>
        <time>2018-09-30T07:05:44.000Z</time>
      </trkpt>
      <trkpt lat="42.283549" lon="-6.769141">
        <ele>1717.5</ele>
        <time>2018-09-30T07:05:56.000Z</time>
      </trkpt>
      <trkpt lat="42.283583" lon="-6.769263">
        <ele>1717.5</ele>
        <time>2018-09-30T07:06:06.000Z</time>
      </trkpt>
      <trkpt lat="42.283591" lon="-6.769390">
        <ele>1717.5</ele>
        <time>2018-09-30T07:06:17.000Z</time>
      </trkpt>
      <trkpt lat="42.283605" lon="-6.769439">
        <ele>1716.6</ele>
        <time>2018-09-30T07:06:21.000Z</time>
      </trkpt>
      <trkpt lat="42.283640" lon="-6.769483">
        <ele>1716.0</ele>
        <time>2018-09-30T07:06:25.000Z</time>
      </trkpt>
      <trkpt lat="42.283708" lon="-6.769647">
        <ele>1714.6</ele>
        <time>2018-09-30T07:06:39.000Z</time>
      </trkpt>
      <trkpt lat="42.283727" lon="-6.769709">
        <ele>1714.6</ele>
        <time>2018-09-30T07:06:45.000Z</time>
      </trkpt>
      <trkpt lat="42.283733" lon="-6.769818">
        <ele>1713.7</ele>
        <time>2018-09-30T07:06:55.000Z</time>
      </trkpt>
      <trkpt lat="42.283734" lon="-6.769883">
        <ele>1712.7</ele>
        <time>2018-09-30T07:07:04.000Z</time>
      </trkpt>
      <trkpt lat="42.283739" lon="-6.769954">
        <ele>1711.7</ele>
        <time>2018-09-30T07:07:09.000Z</time>
      </trkpt>
      <trkpt lat="42.283713" lon="-6.770006">
        <ele>1710.3</ele>
        <time>2018-09-30T07:07:14.000Z</time>
      </trkpt>
      <trkpt lat="42.283734" lon="-6.770172">
        <ele>1708.5</ele>
        <time>2018-09-30T07:07:25.000Z</time>
      </trkpt>
      <trkpt lat="42.283722" lon="-6.770235">
        <ele>1707.9</ele>
        <time>2018-09-30T07:07:35.000Z</time>
      </trkpt>
      <trkpt lat="42.283718" lon="-6.770242">
        <ele>1707.9</ele>
        <time>2018-09-30T07:07:40.000Z</time>
      </trkpt>
      <trkpt lat="42.283738" lon="-6.770288">
        <ele>1708.0</ele>
        <time>2018-09-30T07:07:44.000Z</time>
      </trkpt>
      <trkpt lat="42.283703" lon="-6.770210">
        <ele>1707.5</ele>
        <time>2018-09-30T07:07:50.000Z</time>
        <cmt>SEGUIR RECTO (NO IR HACIA EL POSTE DE LA IZQUIERDA)</cmt>
      </trkpt>
      <trkpt lat="42.283685" lon="-6.770143">
        <ele>1707.4</ele>
        <time>2018-09-30T07:07:55.000Z</time>
      </trkpt>
      <trkpt lat="42.283680" lon="-6.770115">
        <ele>1709.8</ele>
        <time>2018-09-30T07:07:57.000Z</time>
      </trkpt>
      <trkpt lat="42.283681" lon="-6.770046">
        <ele>1709.9</ele>
        <time>2018-09-30T07:08:03.000Z</time>
      </trkpt>
      <trkpt lat="42.283700" lon="-6.769976">
        <ele>1710.4</ele>
        <time>2018-09-30T07:08:15.000Z</time>
      </trkpt>
      <trkpt lat="42.283701" lon="-6.769982">
        <ele>1710.3</ele>
        <time>2018-09-30T07:08:17.000Z</time>
      </trkpt>
      <trkpt lat="42.283697" lon="-6.770092">
        <ele>1708.8</ele>
        <time>2018-09-30T07:08:24.000Z</time>
      </trkpt>
      <trkpt lat="42.283704" lon="-6.770154">
        <ele>1708.4</ele>
        <time>2018-09-30T07:08:28.000Z</time>
      </trkpt>
      <trkpt lat="42.283734" lon="-6.770358">
        <ele>1707.5</ele>
        <time>2018-09-30T07:08:40.000Z</time>
      </trkpt>
      <trkpt lat="42.283787" lon="-6.770554">
        <ele>1706.4</ele>
        <time>2018-09-30T07:08:54.000Z</time>
      </trkpt>
      <trkpt lat="42.283814" lon="-6.770643">
        <ele>1706.4</ele>
        <time>2018-09-30T07:09:01.000Z</time>
      </trkpt>
      <trkpt lat="42.283842" lon="-6.770830">
        <ele>1706.5</ele>
        <time>2018-09-30T07:09:14.000Z</time>
      </trkpt>
      <trkpt lat="42.283863" lon="-6.771071">
        <ele>1706.0</ele>
        <time>2018-09-30T07:09:28.000Z</time>
      </trkpt>
      <trkpt lat="42.283879" lon="-6.771189">
        <ele>1705.5</ele>
        <time>2018-09-30T07:09:35.000Z</time>
      </trkpt>
      <trkpt lat="42.283902" lon="-6.771376">
        <ele>1704.5</ele>
        <time>2018-09-30T07:09:45.000Z</time>
      </trkpt>
      <trkpt lat="42.283940" lon="-6.771598">
        <ele>1701.7</ele>
        <time>2018-09-30T07:09:57.000Z</time>
      </trkpt>
      <trkpt lat="42.283944" lon="-6.771726">
        <ele>1700.7</ele>
        <time>2018-09-30T07:10:03.000Z</time>
      </trkpt>
      <trkpt lat="42.283964" lon="-6.771806">
        <ele>1700.2</ele>
        <time>2018-09-30T07:10:07.000Z</time>
      </trkpt>
      <trkpt lat="42.283988" lon="-6.772103">
        <ele>1698.3</ele>
        <time>2018-09-30T07:10:21.000Z</time>
      </trkpt>
      <trkpt lat="42.284024" lon="-6.772368">
        <ele>1697.9</ele>
        <time>2018-09-30T07:10:35.000Z</time>
      </trkpt>
      <trkpt lat="42.284033" lon="-6.772545">
        <ele>1695.9</ele>
        <time>2018-09-30T07:10:45.000Z</time>
      </trkpt>
      <trkpt lat="42.284024" lon="-6.772622">
        <ele>1694.4</ele>
        <time>2018-09-30T07:10:55.000Z</time>
      </trkpt>
      <trkpt lat="42.284047" lon="-6.772806">
        <ele>1692.0</ele>
        <time>2018-09-30T07:11:06.000Z</time>
      </trkpt>
      <trkpt lat="42.284075" lon="-6.772875">
        <ele>1691.1</ele>
        <time>2018-09-30T07:11:15.000Z</time>
      </trkpt>
      <trkpt lat="42.284094" lon="-6.772958">
        <ele>1689.1</ele>
        <time>2018-09-30T07:11:20.000Z</time>
      </trkpt>
      <trkpt lat="42.284097" lon="-6.772985">
        <ele>1688.7</ele>
        <time>2018-09-30T07:11:22.000Z</time>
        <cmt>DESVÍO IZQUIERDA - MONTE A TRAVÉS (ENLACE RUTA)</cmt>
      </trkpt>
      <trkpt lat="42.284019" lon="-6.773175">
        <ele>1688.2</ele>
        <time>2018-09-30T07:11:36.000Z</time>
      </trkpt>
      <trkpt lat="42.283958" lon="-6.773310">
        <ele>1688.2</ele>
        <time>2018-09-30T07:11:48.000Z</time>
      </trkpt>
      <trkpt lat="42.283904" lon="-6.773418">
        <ele>1686.7</ele>
        <time>2018-09-30T07:11:59.000Z</time>
      </trkpt>
      <trkpt lat="42.283887" lon="-6.773517">
        <ele>1685.9</ele>
        <time>2018-09-30T07:12:11.000Z</time>
      </trkpt>
      <trkpt lat="42.283881" lon="-6.773572">
        <ele>1684.3</ele>
        <time>2018-09-30T07:12:22.000Z</time>
      </trkpt>
      <trkpt lat="42.283887" lon="-6.773615">
        <ele>1683.5</ele>
        <time>2018-09-30T07:12:39.000Z</time>
      </trkpt>
      <trkpt lat="42.283914" lon="-6.773623">
        <ele>1682.9</ele>
        <time>2018-09-30T07:12:56.000Z</time>
      </trkpt>
      <trkpt lat="42.283906" lon="-6.773729">
        <ele>1680.0</ele>
        <time>2018-09-30T07:13:07.000Z</time>
      </trkpt>
      <trkpt lat="42.283902" lon="-6.773829">
        <ele>1676.2</ele>
        <time>2018-09-30T07:13:17.000Z</time>
      </trkpt>
      <trkpt lat="42.283891" lon="-6.773892">
        <ele>1674.8</ele>
        <time>2018-09-30T07:13:26.000Z</time>
      </trkpt>
      <trkpt lat="42.283859" lon="-6.773934">
        <ele>1672.4</ele>
        <time>2018-09-30T07:13:35.000Z</time>
      </trkpt>
      <trkpt lat="42.283842" lon="-6.773988">
        <ele>1670.4</ele>
        <time>2018-09-30T07:13:45.000Z</time>
      </trkpt>
      <trkpt lat="42.283803" lon="-6.774055">
        <ele>1667.5</ele>
        <time>2018-09-30T07:13:56.000Z</time>
      </trkpt>
      <trkpt lat="42.283769" lon="-6.774133">
        <ele>1664.6</ele>
        <time>2018-09-30T07:14:05.000Z</time>
      </trkpt>
      <trkpt lat="42.283721" lon="-6.774152">
        <ele>1661.8</ele>
        <time>2018-09-30T07:14:14.000Z</time>
      </trkpt>
      <trkpt lat="42.283722" lon="-6.774230">
        <ele>1659.9</ele>
        <time>2018-09-30T07:14:24.000Z</time>
      </trkpt>
      <trkpt lat="42.283699" lon="-6.774249">
        <ele>1658.9</ele>
        <time>2018-09-30T07:14:35.000Z</time>
        <cmt>SENDERO NUEVO DESBROZADO</cmt>
      </trkpt>
      <trkpt lat="42.283689" lon="-6.774264">
        <ele>1658.9</ele>
        <time>2018-09-30T07:14:56.000Z</time>
      </trkpt>
      <trkpt lat="42.283657" lon="-6.774254">
        <ele>1658.8</ele>
        <time>2018-09-30T07:15:06.000Z</time>
      </trkpt>
      <trkpt lat="42.283654" lon="-6.774257">
        <ele>1658.8</ele>
        <time>2018-09-30T07:15:15.000Z</time>
      </trkpt>
      <trkpt lat="42.283485" lon="-6.774129">
        <ele>1658.4</ele>
        <time>2018-09-30T07:15:29.000Z</time>
      </trkpt>
      <trkpt lat="42.283421" lon="-6.774110">
        <ele>1658.4</ele>
        <time>2018-09-30T07:15:34.000Z</time>
      </trkpt>
      <trkpt lat="42.283390" lon="-6.774100">
        <ele>1657.4</ele>
        <time>2018-09-30T07:15:37.000Z</time>
      </trkpt>
      <trkpt lat="42.283382" lon="-6.774093">
        <ele>1657.4</ele>
        <time>2018-09-30T07:15:40.000Z</time>
      </trkpt>
      <trkpt lat="42.283235" lon="-6.774029">
        <ele>1657.4</ele>
        <time>2018-09-30T07:15:52.000Z</time>
      </trkpt>
      <trkpt lat="42.283064" lon="-6.773996">
        <ele>1657.0</ele>
        <time>2018-09-30T07:16:06.000Z</time>
      </trkpt>
      <trkpt lat="42.283053" lon="-6.773995">
        <ele>1657.0</ele>
        <time>2018-09-30T07:16:07.000Z</time>
      </trkpt>
      <trkpt lat="42.282973" lon="-6.774020">
        <ele>1657.0</ele>
        <time>2018-09-30T07:16:19.000Z</time>
      </trkpt>
      <trkpt lat="42.282942" lon="-6.774020">
        <ele>1656.9</ele>
        <time>2018-09-30T07:16:22.000Z</time>
      </trkpt>
      <trkpt lat="42.282925" lon="-6.774034">
        <ele>1657.0</ele>
        <time>2018-09-30T07:16:24.000Z</time>
      </trkpt>
      <trkpt lat="42.282885" lon="-6.774046">
        <ele>1656.9</ele>
        <time>2018-09-30T07:16:28.000Z</time>
      </trkpt>
      <trkpt lat="42.282808" lon="-6.774018">
        <ele>1655.0</ele>
        <time>2018-09-30T07:16:35.000Z</time>
      </trkpt>
      <trkpt lat="42.282753" lon="-6.774016">
        <ele>1654.0</ele>
        <time>2018-09-30T07:16:40.000Z</time>
      </trkpt>
      <trkpt lat="42.282639" lon="-6.773947">
        <ele>1652.1</ele>
        <time>2018-09-30T07:16:53.000Z</time>
      </trkpt>
      <trkpt lat="42.282632" lon="-6.773939">
        <ele>1652.1</ele>
        <time>2018-09-30T07:17:05.000Z</time>
      </trkpt>
      <trkpt lat="42.282560" lon="-6.773879">
        <ele>1650.8</ele>
        <time>2018-09-30T07:17:17.000Z</time>
      </trkpt>
      <trkpt lat="42.282441" lon="-6.773790">
        <ele>1647.8</ele>
        <time>2018-09-30T07:17:27.000Z</time>
      </trkpt>
      <trkpt lat="42.282352" lon="-6.773704">
        <ele>1645.9</ele>
        <time>2018-09-30T07:17:35.000Z</time>
      </trkpt>
      <trkpt lat="42.282316" lon="-6.773645">
        <ele>1644.9</ele>
        <time>2018-09-30T07:17:39.000Z</time>
      </trkpt>
      <trkpt lat="42.282268" lon="-6.773608">
        <ele>1643.9</ele>
        <time>2018-09-30T07:17:44.000Z</time>
      </trkpt>
      <trkpt lat="42.282154" lon="-6.773442">
        <ele>1642.1</ele>
        <time>2018-09-30T07:17:57.000Z</time>
      </trkpt>
      <trkpt lat="42.282019" lon="-6.773243">
        <ele>1639.7</ele>
        <time>2018-09-30T07:18:10.000Z</time>
      </trkpt>
      <trkpt lat="42.281995" lon="-6.773180">
        <ele>1639.6</ele>
        <time>2018-09-30T07:18:15.000Z</time>
      </trkpt>
      <trkpt lat="42.281960" lon="-6.773131">
        <ele>1638.7</ele>
        <time>2018-09-30T07:18:20.000Z</time>
      </trkpt>
      <trkpt lat="42.281950" lon="-6.773107">
        <ele>1638.2</ele>
        <time>2018-09-30T07:18:22.000Z</time>
      </trkpt>
      <trkpt lat="42.281901" lon="-6.773044">
        <ele>1636.7</ele>
        <time>2018-09-30T07:18:28.000Z</time>
      </trkpt>
      <trkpt lat="42.281827" lon="-6.772948">
        <ele>1634.3</ele>
        <time>2018-09-30T07:18:40.000Z</time>
      </trkpt>
      <trkpt lat="42.281796" lon="-6.772908">
        <ele>1633.9</ele>
        <time>2018-09-30T07:18:52.000Z</time>
      </trkpt>
      <trkpt lat="42.281730" lon="-6.772808">
        <ele>1632.0</ele>
        <time>2018-09-30T07:19:03.000Z</time>
      </trkpt>
      <trkpt lat="42.281664" lon="-6.772655">
        <ele>1631.1</ele>
        <time>2018-09-30T07:19:15.000Z</time>
      </trkpt>
      <trkpt lat="42.281581" lon="-6.772520">
        <ele>1628.7</ele>
        <time>2018-09-30T07:19:28.000Z</time>
      </trkpt>
      <trkpt lat="42.281474" lon="-6.772393">
        <ele>1626.3</ele>
        <time>2018-09-30T07:19:42.000Z</time>
      </trkpt>
      <trkpt lat="42.281401" lon="-6.772296">
        <ele>1626.3</ele>
        <time>2018-09-30T07:19:54.000Z</time>
      </trkpt>
      <trkpt lat="42.281415" lon="-6.772271">
        <ele>1625.7</ele>
        <time>2018-09-30T07:20:09.000Z</time>
      </trkpt>
      <trkpt lat="42.281433" lon="-6.772263">
        <ele>1625.7</ele>
        <time>2018-09-30T07:20:15.000Z</time>
      </trkpt>
      <trkpt lat="42.281315" lon="-6.772184">
        <ele>1624.7</ele>
        <time>2018-09-30T07:20:24.000Z</time>
      </trkpt>
      <trkpt lat="42.281166" lon="-6.772017">
        <ele>1621.8</ele>
        <time>2018-09-30T07:20:38.000Z</time>
      </trkpt>
      <trkpt lat="42.281126" lon="-6.771950">
        <ele>1620.9</ele>
        <time>2018-09-30T07:20:44.000Z</time>
      </trkpt>
      <trkpt lat="42.281072" lon="-6.771810">
        <ele>1619.0</ele>
        <time>2018-09-30T07:20:57.000Z</time>
      </trkpt>
      <trkpt lat="42.281026" lon="-6.771721">
        <ele>1617.0</ele>
        <time>2018-09-30T07:21:05.000Z</time>
      </trkpt>
      <trkpt lat="42.280993" lon="-6.771650">
        <ele>1617.1</ele>
        <time>2018-09-30T07:21:11.000Z</time>
      </trkpt>
      <trkpt lat="42.280976" lon="-6.771634">
        <ele>1616.6</ele>
        <time>2018-09-30T07:21:13.000Z</time>
      </trkpt>
      <trkpt lat="42.280911" lon="-6.771471">
        <ele>1614.1</ele>
        <time>2018-09-30T07:21:26.000Z</time>
      </trkpt>
      <trkpt lat="42.280818" lon="-6.771376">
        <ele>1612.7</ele>
        <time>2018-09-30T07:21:39.000Z</time>
      </trkpt>
      <trkpt lat="42.280731" lon="-6.771271">
        <ele>1611.7</ele>
        <time>2018-09-30T07:21:51.000Z</time>
      </trkpt>
      <trkpt lat="42.280646" lon="-6.771163">
        <ele>1611.3</ele>
        <time>2018-09-30T07:22:03.000Z</time>
      </trkpt>
      <trkpt lat="42.280593" lon="-6.771085">
        <ele>1610.8</ele>
        <time>2018-09-30T07:22:12.000Z</time>
      </trkpt>
      <trkpt lat="42.280564" lon="-6.771056">
        <ele>1610.8</ele>
        <time>2018-09-30T07:22:16.000Z</time>
      </trkpt>
      <trkpt lat="42.280542" lon="-6.771039">
        <ele>1610.8</ele>
        <time>2018-09-30T07:22:19.000Z</time>
      </trkpt>
      <trkpt lat="42.280490" lon="-6.770999">
        <ele>1609.8</ele>
        <time>2018-09-30T07:22:26.000Z</time>
      </trkpt>
      <trkpt lat="42.280449" lon="-6.770967">
        <ele>1608.4</ele>
        <time>2018-09-30T07:22:31.000Z</time>
      </trkpt>
      <trkpt lat="42.280384" lon="-6.770885">
        <ele>1608.0</ele>
        <time>2018-09-30T07:22:39.000Z</time>
      </trkpt>
      <trkpt lat="42.280294" lon="-6.770841">
        <ele>1606.1</ele>
        <time>2018-09-30T07:22:50.000Z</time>
      </trkpt>
      <trkpt lat="42.280162" lon="-6.770767">
        <ele>1604.1</ele>
        <time>2018-09-30T07:23:02.000Z</time>
      </trkpt>
      <trkpt lat="42.280047" lon="-6.770659">
        <ele>1602.6</ele>
        <time>2018-09-30T07:23:13.000Z</time>
      </trkpt>
      <trkpt lat="42.279930" lon="-6.770558">
        <ele>1600.2</ele>
        <time>2018-09-30T07:23:25.000Z</time>
      </trkpt>
      <trkpt lat="42.279847" lon="-6.770484">
        <ele>1599.2</ele>
        <time>2018-09-30T07:23:35.000Z</time>
      </trkpt>
      <trkpt lat="42.279704" lon="-6.770384">
        <ele>1595.9</ele>
        <time>2018-09-30T07:23:49.000Z</time>
      </trkpt>
      <trkpt lat="42.279693" lon="-6.770378">
        <ele>1595.5</ele>
        <time>2018-09-30T07:23:50.000Z</time>
      </trkpt>
      <trkpt lat="42.279658" lon="-6.770343">
        <ele>1594.9</ele>
        <time>2018-09-30T07:23:54.000Z</time>
      </trkpt>
      <trkpt lat="42.279529" lon="-6.770251">
        <ele>1592.0</ele>
        <time>2018-09-30T07:24:07.000Z</time>
      </trkpt>
      <trkpt lat="42.279425" lon="-6.770163">
        <ele>1590.6</ele>
        <time>2018-09-30T07:24:18.000Z</time>
      </trkpt>
      <trkpt lat="42.279326" lon="-6.770081">
        <ele>1589.2</ele>
        <time>2018-09-30T07:24:29.000Z</time>
      </trkpt>
      <trkpt lat="42.279261" lon="-6.769997">
        <ele>1586.8</ele>
        <time>2018-09-30T07:24:41.000Z</time>
      </trkpt>
      <trkpt lat="42.279230" lon="-6.769973">
        <ele>1586.8</ele>
        <time>2018-09-30T07:24:45.000Z</time>
      </trkpt>
      <trkpt lat="42.279198" lon="-6.769930">
        <ele>1585.9</ele>
        <time>2018-09-30T07:24:49.000Z</time>
      </trkpt>
      <trkpt lat="42.279052" lon="-6.769817">
        <ele>1583.4</ele>
        <time>2018-09-30T07:25:03.000Z</time>
      </trkpt>
      <trkpt lat="42.279025" lon="-6.769809">
        <ele>1583.0</ele>
        <time>2018-09-30T07:25:05.000Z</time>
      </trkpt>
      <trkpt lat="42.278947" lon="-6.769715">
        <ele>1581.5</ele>
        <time>2018-09-30T07:25:17.000Z</time>
      </trkpt>
      <trkpt lat="42.278941" lon="-6.769705">
        <ele>1581.6</ele>
        <time>2018-09-30T07:25:18.000Z</time>
      </trkpt>
      <trkpt lat="42.278889" lon="-6.769642">
        <ele>1579.6</ele>
        <time>2018-09-30T07:25:27.000Z</time>
      </trkpt>
      <trkpt lat="42.278842" lon="-6.769635">
        <ele>1577.6</ele>
        <time>2018-09-30T07:25:33.000Z</time>
      </trkpt>
      <trkpt lat="42.278825" lon="-6.769641">
        <ele>1577.1</ele>
        <time>2018-09-30T07:25:35.000Z</time>
      </trkpt>
      <trkpt lat="42.278757" lon="-6.769578">
        <ele>1575.2</ele>
        <time>2018-09-30T07:25:41.000Z</time>
      </trkpt>
      <trkpt lat="42.278733" lon="-6.769574">
        <ele>1573.3</ele>
        <time>2018-09-30T07:25:51.000Z</time>
      </trkpt>
      <trkpt lat="42.278734" lon="-6.769568">
        <ele>1573.4</ele>
        <time>2018-09-30T07:25:56.000Z</time>
      </trkpt>
      <trkpt lat="42.278628" lon="-6.769495">
        <ele>1570.5</ele>
        <time>2018-09-30T07:26:08.000Z</time>
      </trkpt>
      <trkpt lat="42.278512" lon="-6.769430">
        <ele>1567.0</ele>
        <time>2018-09-30T07:26:18.000Z</time>
      </trkpt>
      <trkpt lat="42.278408" lon="-6.769320">
        <ele>1564.2</ele>
        <time>2018-09-30T07:26:29.000Z</time>
      </trkpt>
      <trkpt lat="42.278356" lon="-6.769258">
        <ele>1562.7</ele>
        <time>2018-09-30T07:26:36.000Z</time>
      </trkpt>
      <trkpt lat="42.278363" lon="-6.769213">
        <ele>1561.8</ele>
        <time>2018-09-30T07:26:45.000Z</time>
      </trkpt>
      <trkpt lat="42.278326" lon="-6.769165">
        <ele>1562.3</ele>
        <time>2018-09-30T07:26:54.000Z</time>
        <cmt>SENDERO</cmt>
      </trkpt>
      <trkpt lat="42.278323" lon="-6.769163">
        <ele>1562.2</ele>
        <time>2018-09-30T07:26:55.000Z</time>
      </trkpt>
      <trkpt lat="42.278272" lon="-6.769120">
        <ele>1560.8</ele>
        <time>2018-09-30T07:27:03.000Z</time>
      </trkpt>
      <trkpt lat="42.278247" lon="-6.769017">
        <ele>1558.9</ele>
        <time>2018-09-30T07:27:16.000Z</time>
      </trkpt>
      <trkpt lat="42.278206" lon="-6.768937">
        <ele>1558.5</ele>
        <time>2018-09-30T07:27:29.000Z</time>
      </trkpt>
      <trkpt lat="42.278220" lon="-6.768932">
        <ele>1558.5</ele>
        <time>2018-09-30T07:27:43.000Z</time>
      </trkpt>
      <trkpt lat="42.278228" lon="-6.768911">
        <ele>1557.9</ele>
        <time>2018-09-30T07:28:05.000Z</time>
      </trkpt>
      <trkpt lat="42.278213" lon="-6.768911">
        <ele>1558.0</ele>
        <time>2018-09-30T07:28:21.000Z</time>
        <cmt>REGO - MANANTIAL</cmt>
      </trkpt>
      <trkpt lat="42.278190" lon="-6.768962">
        <ele>1558.0</ele>
        <time>2018-09-30T07:28:37.000Z</time>
      </trkpt>
      <trkpt lat="42.278169" lon="-6.768972">
        <ele>1557.9</ele>
        <time>2018-09-30T07:28:49.000Z</time>
      </trkpt>
      <trkpt lat="42.278089" lon="-6.769037">
        <ele>1557.9</ele>
        <time>2018-09-30T07:28:59.000Z</time>
      </trkpt>
      <trkpt lat="42.278069" lon="-6.769063">
        <ele>1557.9</ele>
        <time>2018-09-30T07:29:02.000Z</time>
      </trkpt>
      <trkpt lat="42.278038" lon="-6.769102">
        <ele>1557.9</ele>
        <time>2018-09-30T07:29:07.000Z</time>
      </trkpt>
      <trkpt lat="42.277965" lon="-6.769186">
        <ele>1557.5</ele>
        <time>2018-09-30T07:29:18.000Z</time>
      </trkpt>
      <trkpt lat="42.277892" lon="-6.769247">
        <ele>1556.9</ele>
        <time>2018-09-30T07:29:28.000Z</time>
      </trkpt>
      <trkpt lat="42.277859" lon="-6.769291">
        <ele>1555.5</ele>
        <time>2018-09-30T07:29:34.000Z</time>
      </trkpt>
      <trkpt lat="42.277802" lon="-6.769362">
        <ele>1554.2</ele>
        <time>2018-09-30T07:29:44.000Z</time>
      </trkpt>
      <trkpt lat="42.277709" lon="-6.769403">
        <ele>1553.1</ele>
        <time>2018-09-30T07:29:56.000Z</time>
      </trkpt>
      <trkpt lat="42.277650" lon="-6.769438">
        <ele>1552.6</ele>
        <time>2018-09-30T07:30:05.000Z</time>
      </trkpt>
      <trkpt lat="42.277584" lon="-6.769499">
        <ele>1551.7</ele>
        <time>2018-09-30T07:30:18.000Z</time>
      </trkpt>
      <trkpt lat="42.277592" lon="-6.769543">
        <ele>1549.3</ele>
        <time>2018-09-30T07:30:24.000Z</time>
      </trkpt>
      <trkpt lat="42.277568" lon="-6.769575">
        <ele>1547.3</ele>
        <time>2018-09-30T07:30:29.000Z</time>
      </trkpt>
      <trkpt lat="42.277478" lon="-6.769664">
        <ele>1545.5</ele>
        <time>2018-09-30T07:30:41.000Z</time>
      </trkpt>
      <trkpt lat="42.277386" lon="-6.769803">
        <ele>1543.5</ele>
        <time>2018-09-30T07:30:52.000Z</time>
      </trkpt>
      <trkpt lat="42.277384" lon="-6.769794">
        <ele>1543.6</ele>
        <time>2018-09-30T07:30:55.000Z</time>
      </trkpt>
      <trkpt lat="42.277351" lon="-6.769836">
        <ele>1543.0</ele>
        <time>2018-09-30T07:30:59.000Z</time>
      </trkpt>
      <trkpt lat="42.277252" lon="-6.769949">
        <ele>1541.6</ele>
        <time>2018-09-30T07:31:10.000Z</time>
      </trkpt>
      <trkpt lat="42.277245" lon="-6.769958">
        <ele>1541.6</ele>
        <time>2018-09-30T07:31:11.000Z</time>
      </trkpt>
      <trkpt lat="42.277183" lon="-6.770033">
        <ele>1539.3</ele>
        <time>2018-09-30T07:31:24.000Z</time>
      </trkpt>
      <trkpt lat="42.277147" lon="-6.770122">
        <ele>1535.9</ele>
        <time>2018-09-30T07:31:36.000Z</time>
      </trkpt>
      <trkpt lat="42.277097" lon="-6.770200">
        <ele>1533.4</ele>
        <time>2018-09-30T07:31:47.000Z</time>
      </trkpt>
      <trkpt lat="42.276999" lon="-6.770231">
        <ele>1532.1</ele>
        <time>2018-09-30T07:32:00.000Z</time>
      </trkpt>
      <trkpt lat="42.276930" lon="-6.770260">
        <ele>1528.7</ele>
        <time>2018-09-30T07:32:12.000Z</time>
      </trkpt>
      <trkpt lat="42.276904" lon="-6.770279">
        <ele>1527.7</ele>
        <time>2018-09-30T07:32:19.000Z</time>
      </trkpt>
      <trkpt lat="42.276834" lon="-6.770332">
        <ele>1526.3</ele>
        <time>2018-09-30T07:32:30.000Z</time>
      </trkpt>
      <trkpt lat="42.276832" lon="-6.770361">
        <ele>1527.7</ele>
        <time>2018-09-30T07:32:33.000Z</time>
      </trkpt>
      <trkpt lat="42.276826" lon="-6.770426">
        <ele>1526.3</ele>
        <time>2018-09-30T07:32:40.000Z</time>
      </trkpt>
      <trkpt lat="42.276797" lon="-6.770478">
        <ele>1525.3</ele>
        <time>2018-09-30T07:32:45.000Z</time>
      </trkpt>
      <trkpt lat="42.276749" lon="-6.770558">
        <ele>1523.3</ele>
        <time>2018-09-30T07:32:55.000Z</time>
      </trkpt>
      <trkpt lat="42.276754" lon="-6.770572">
        <ele>1523.3</ele>
        <time>2018-09-30T07:33:05.000Z</time>
      </trkpt>
      <trkpt lat="42.276686" lon="-6.770670">
        <ele>1524.8</ele>
        <time>2018-09-30T07:33:15.000Z</time>
      </trkpt>
      <trkpt lat="42.276649" lon="-6.770759">
        <ele>1527.2</ele>
        <time>2018-09-30T07:33:25.000Z</time>
      </trkpt>
      <trkpt lat="42.276630" lon="-6.770815">
        <ele>1528.1</ele>
        <time>2018-09-30T07:33:31.000Z</time>
      </trkpt>
      <trkpt lat="42.276605" lon="-6.770874">
        <ele>1526.7</ele>
        <time>2018-09-30T07:33:36.000Z</time>
      </trkpt>
      <trkpt lat="42.276608" lon="-6.770914">
        <ele>1526.3</ele>
        <time>2018-09-30T07:33:39.000Z</time>
      </trkpt>
      <trkpt lat="42.276591" lon="-6.770957">
        <ele>1526.3</ele>
        <time>2018-09-30T07:33:43.000Z</time>
      </trkpt>
      <trkpt lat="42.276595" lon="-6.771001">
        <ele>1526.3</ele>
        <time>2018-09-30T07:33:46.000Z</time>
      </trkpt>
      <trkpt lat="42.276615" lon="-6.771184">
        <ele>1526.3</ele>
        <time>2018-09-30T07:33:59.000Z</time>
      </trkpt>
      <trkpt lat="42.276638" lon="-6.771240">
        <ele>1524.8</ele>
        <time>2018-09-30T07:34:04.000Z</time>
      </trkpt>
      <trkpt lat="42.276637" lon="-6.771355">
        <ele>1524.4</ele>
        <time>2018-09-30T07:34:13.000Z</time>
      </trkpt>
      <trkpt lat="42.276581" lon="-6.771460">
        <ele>1524.3</ele>
        <time>2018-09-30T07:34:24.000Z</time>
      </trkpt>
      <trkpt lat="42.276538" lon="-6.771550">
        <ele>1523.8</ele>
        <time>2018-09-30T07:34:34.000Z</time>
      </trkpt>
      <trkpt lat="42.276527" lon="-6.771575">
        <ele>1523.8</ele>
        <time>2018-09-30T07:34:37.000Z</time>
      </trkpt>
      <trkpt lat="42.276460" lon="-6.771667">
        <ele>1525.3</ele>
        <time>2018-09-30T07:34:48.000Z</time>
      </trkpt>
      <trkpt lat="42.276431" lon="-6.771717">
        <ele>1523.8</ele>
        <time>2018-09-30T07:34:54.000Z</time>
      </trkpt>
      <trkpt lat="42.276357" lon="-6.771820">
        <ele>1522.3</ele>
        <time>2018-09-30T07:35:06.000Z</time>
      </trkpt>
      <trkpt lat="42.276300" lon="-6.771888">
        <ele>1521.4</ele>
        <time>2018-09-30T07:35:16.000Z</time>
      </trkpt>
      <trkpt lat="42.276230" lon="-6.771961">
        <ele>1519.6</ele>
        <time>2018-09-30T07:35:25.000Z</time>
      </trkpt>
      <trkpt lat="42.276199" lon="-6.772003">
        <ele>1521.0</ele>
        <time>2018-09-30T07:35:31.000Z</time>
      </trkpt>
      <trkpt lat="42.276163" lon="-6.772080">
        <ele>1522.9</ele>
        <time>2018-09-30T07:35:41.000Z</time>
      </trkpt>
      <trkpt lat="42.276138" lon="-6.772157">
        <ele>1525.3</ele>
        <time>2018-09-30T07:35:52.000Z</time>
      </trkpt>
      <trkpt lat="42.276111" lon="-6.772208">
        <ele>1526.2</ele>
        <time>2018-09-30T07:36:02.000Z</time>
      </trkpt>
      <trkpt lat="42.276119" lon="-6.772277">
        <ele>1528.1</ele>
        <time>2018-09-30T07:36:11.000Z</time>
      </trkpt>
      <trkpt lat="42.276106" lon="-6.772376">
        <ele>1528.6</ele>
        <time>2018-09-30T07:36:22.000Z</time>
      </trkpt>
      <trkpt lat="42.276111" lon="-6.772419">
        <ele>1528.7</ele>
        <time>2018-09-30T07:36:27.000Z</time>
      </trkpt>
      <trkpt lat="42.276107" lon="-6.772438">
        <ele>1528.6</ele>
        <time>2018-09-30T07:36:29.000Z</time>
      </trkpt>
      <trkpt lat="42.276074" lon="-6.772554">
        <ele>1527.2</ele>
        <time>2018-09-30T07:36:39.000Z</time>
      </trkpt>
      <trkpt lat="42.276062" lon="-6.772588">
        <ele>1526.8</ele>
        <time>2018-09-30T07:36:42.000Z</time>
      </trkpt>
      <trkpt lat="42.276041" lon="-6.772688">
        <ele>1526.2</ele>
        <time>2018-09-30T07:36:53.000Z</time>
      </trkpt>
      <trkpt lat="42.276040" lon="-6.772698">
        <ele>1526.2</ele>
        <time>2018-09-30T07:36:54.000Z</time>
      </trkpt>
      <trkpt lat="42.276039" lon="-6.772718">
        <ele>1525.7</ele>
        <time>2018-09-30T07:37:04.000Z</time>
      </trkpt>
      <trkpt lat="42.275991" lon="-6.772756">
        <ele>1525.8</ele>
        <time>2018-09-30T07:37:23.000Z</time>
      </trkpt>
      <trkpt lat="42.275968" lon="-6.772807">
        <ele>1525.8</ele>
        <time>2018-09-30T07:37:28.000Z</time>
      </trkpt>
      <trkpt lat="42.275977" lon="-6.772923">
        <ele>1524.4</ele>
        <time>2018-09-30T07:37:38.000Z</time>
      </trkpt>
      <trkpt lat="42.275915" lon="-6.773079">
        <ele>1523.3</ele>
        <time>2018-09-30T07:37:50.000Z</time>
      </trkpt>
      <trkpt lat="42.275912" lon="-6.773092">
        <ele>1523.3</ele>
        <time>2018-09-30T07:37:51.000Z</time>
      </trkpt>
      <trkpt lat="42.275868" lon="-6.773273">
        <ele>1522.4</ele>
        <time>2018-09-30T07:38:03.000Z</time>
      </trkpt>
      <trkpt lat="42.275862" lon="-6.773300">
        <ele>1521.4</ele>
        <time>2018-09-30T07:38:08.000Z</time>
      </trkpt>
      <trkpt lat="42.275804" lon="-6.773417">
        <ele>1521.4</ele>
        <time>2018-09-30T07:38:17.000Z</time>
      </trkpt>
      <trkpt lat="42.275779" lon="-6.773479">
        <ele>1521.4</ele>
        <time>2018-09-30T07:38:21.000Z</time>
      </trkpt>
      <trkpt lat="42.275741" lon="-6.773561">
        <ele>1522.8</ele>
        <time>2018-09-30T07:38:27.000Z</time>
      </trkpt>
      <trkpt lat="42.275687" lon="-6.773724">
        <ele>1522.9</ele>
        <time>2018-09-30T07:38:38.000Z</time>
      </trkpt>
      <trkpt lat="42.275663" lon="-6.773800">
        <ele>1521.5</ele>
        <time>2018-09-30T07:38:45.000Z</time>
      </trkpt>
      <trkpt lat="42.275641" lon="-6.773879">
        <ele>1521.0</ele>
        <time>2018-09-30T07:38:50.000Z</time>
      </trkpt>
      <trkpt lat="42.275566" lon="-6.774019">
        <ele>1519.1</ele>
        <time>2018-09-30T07:39:02.000Z</time>
      </trkpt>
      <trkpt lat="42.275488" lon="-6.774092">
        <ele>1518.0</ele>
        <time>2018-09-30T07:39:14.000Z</time>
      </trkpt>
      <trkpt lat="42.275472" lon="-6.774127">
        <ele>1518.0</ele>
        <time>2018-09-30T07:39:26.000Z</time>
      </trkpt>
      <trkpt lat="42.275434" lon="-6.774203">
        <ele>1517.1</ele>
        <time>2018-09-30T07:39:31.000Z</time>
      </trkpt>
      <trkpt lat="42.275322" lon="-6.774326">
        <ele>1515.7</ele>
        <time>2018-09-30T07:39:45.000Z</time>
      </trkpt>
      <trkpt lat="42.275311" lon="-6.774313">
        <ele>1515.1</ele>
        <time>2018-09-30T07:39:58.000Z</time>
        <cmt>MIRADOR NATURAL A LA BOCAMINA Y ESCOMBRERA</cmt>
      </trkpt>
      <trkpt lat="42.275322" lon="-6.774319">
        <ele>1515.1</ele>
        <time>2018-09-30T07:40:14.000Z</time>
      </trkpt>
      <trkpt lat="42.275299" lon="-6.774306">
        <ele>1514.3</ele>
        <time>2018-09-30T07:40:18.000Z</time>
      </trkpt>
      <trkpt lat="42.275277" lon="-6.774314">
        <ele>1515.7</ele>
        <time>2018-09-30T07:40:20.000Z</time>
      </trkpt>
      <trkpt lat="42.275181" lon="-6.774355">
        <ele>1513.2</ele>
        <time>2018-09-30T07:40:30.000Z</time>
      </trkpt>
      <trkpt lat="42.275058" lon="-6.774421">
        <ele>1509.8</ele>
        <time>2018-09-30T07:40:43.000Z</time>
      </trkpt>
      <trkpt lat="42.274998" lon="-6.774477">
        <ele>1508.5</ele>
        <time>2018-09-30T07:40:53.000Z</time>
      </trkpt>
      <trkpt lat="42.274902" lon="-6.774531">
        <ele>1505.0</ele>
        <time>2018-09-30T07:41:04.000Z</time>
      </trkpt>
      <trkpt lat="42.274807" lon="-6.774529">
        <ele>1502.7</ele>
        <time>2018-09-30T07:41:15.000Z</time>
      </trkpt>
      <trkpt lat="42.274712" lon="-6.774522">
        <ele>1500.2</ele>
        <time>2018-09-30T07:41:26.000Z</time>
      </trkpt>
      <trkpt lat="42.274625" lon="-6.774510">
        <ele>1498.3</ele>
        <time>2018-09-30T07:41:35.000Z</time>
      </trkpt>
      <trkpt lat="42.274558" lon="-6.774504">
        <ele>1496.9</ele>
        <time>2018-09-30T07:41:42.000Z</time>
      </trkpt>
      <trkpt lat="42.274506" lon="-6.774513">
        <ele>1495.4</ele>
        <time>2018-09-30T07:41:48.000Z</time>
      </trkpt>
      <trkpt lat="42.274489" lon="-6.774519">
        <ele>1495.4</ele>
        <time>2018-09-30T07:41:50.000Z</time>
      </trkpt>
      <trkpt lat="42.274426" lon="-6.774530">
        <ele>1493.1</ele>
        <time>2018-09-30T07:42:05.000Z</time>
      </trkpt>
      <trkpt lat="42.274386" lon="-6.774525">
        <ele>1492.6</ele>
        <time>2018-09-30T07:42:09.000Z</time>
      </trkpt>
      <trkpt lat="42.274264" lon="-6.774509">
        <ele>1489.2</ele>
        <time>2018-09-30T07:42:21.000Z</time>
      </trkpt>
      <trkpt lat="42.274226" lon="-6.774504">
        <ele>1488.3</ele>
        <time>2018-09-30T07:42:26.000Z</time>
      </trkpt>
      <trkpt lat="42.274196" lon="-6.774481">
        <ele>1487.4</ele>
        <time>2018-09-30T07:42:29.000Z</time>
      </trkpt>
      <trkpt lat="42.274163" lon="-6.774444">
        <ele>1486.4</ele>
        <time>2018-09-30T07:42:33.000Z</time>
      </trkpt>
      <trkpt lat="42.274129" lon="-6.774399">
        <ele>1484.8</ele>
        <time>2018-09-30T07:42:37.000Z</time>
      </trkpt>
      <trkpt lat="42.274064" lon="-6.774429">
        <ele>1484.8</ele>
        <time>2018-09-30T07:42:48.000Z</time>
      </trkpt>
      <trkpt lat="42.273994" lon="-6.774507">
        <ele>1483.9</ele>
        <time>2018-09-30T07:42:57.000Z</time>
      </trkpt>
      <trkpt lat="42.273985" lon="-6.774550">
        <ele>1483.5</ele>
        <time>2018-09-30T07:43:00.000Z</time>
      </trkpt>
      <trkpt lat="42.273944" lon="-6.774611">
        <ele>1483.5</ele>
        <time>2018-09-30T07:43:06.000Z</time>
      </trkpt>
      <trkpt lat="42.273898" lon="-6.774687">
        <ele>1484.9</ele>
        <time>2018-09-30T07:43:14.000Z</time>
      </trkpt>
      <trkpt lat="42.273882" lon="-6.774767">
        <ele>1484.9</ele>
        <time>2018-09-30T07:43:26.000Z</time>
      </trkpt>
      <trkpt lat="42.273876" lon="-6.774818">
        <ele>1483.4</ele>
        <time>2018-09-30T07:43:31.000Z</time>
      </trkpt>
      <trkpt lat="42.273871" lon="-6.774827">
        <ele>1482.9</ele>
        <time>2018-09-30T07:43:32.000Z</time>
      </trkpt>
      <trkpt lat="42.273822" lon="-6.774916">
        <ele>1483.0</ele>
        <time>2018-09-30T07:43:43.000Z</time>
      </trkpt>
      <trkpt lat="42.273793" lon="-6.775034">
        <ele>1482.9</ele>
        <time>2018-09-30T07:43:54.000Z</time>
      </trkpt>
      <trkpt lat="42.273743" lon="-6.775134">
        <ele>1483.0</ele>
        <time>2018-09-30T07:44:04.000Z</time>
      </trkpt>
      <trkpt lat="42.273730" lon="-6.775179">
        <ele>1483.0</ele>
        <time>2018-09-30T07:44:08.000Z</time>
      </trkpt>
      <trkpt lat="42.273676" lon="-6.775267">
        <ele>1483.9</ele>
        <time>2018-09-30T07:44:17.000Z</time>
      </trkpt>
      <trkpt lat="42.273644" lon="-6.775359">
        <ele>1484.4</ele>
        <time>2018-09-30T07:44:26.000Z</time>
      </trkpt>
      <trkpt lat="42.273641" lon="-6.775362">
        <ele>1484.8</ele>
        <time>2018-09-30T07:44:30.000Z</time>
      </trkpt>
      <trkpt lat="42.273611" lon="-6.775415">
        <ele>1484.9</ele>
        <time>2018-09-30T07:44:35.000Z</time>
      </trkpt>
      <trkpt lat="42.273569" lon="-6.775514">
        <ele>1485.4</ele>
        <time>2018-09-30T07:44:46.000Z</time>
      </trkpt>
      <trkpt lat="42.273523" lon="-6.775606">
        <ele>1485.8</ele>
        <time>2018-09-30T07:44:57.000Z</time>
      </trkpt>
      <trkpt lat="42.273508" lon="-6.775646">
        <ele>1486.3</ele>
        <time>2018-09-30T07:45:01.000Z</time>
      </trkpt>
      <trkpt lat="42.273496" lon="-6.775669">
        <ele>1486.4</ele>
        <time>2018-09-30T07:45:03.000Z</time>
      </trkpt>
      <trkpt lat="42.273449" lon="-6.775821">
        <ele>1486.9</ele>
        <time>2018-09-30T07:45:15.000Z</time>
      </trkpt>
      <trkpt lat="42.273444" lon="-6.775863">
        <ele>1486.9</ele>
        <time>2018-09-30T07:45:18.000Z</time>
      </trkpt>
      <trkpt lat="42.273439" lon="-6.775888">
        <ele>1486.8</ele>
        <time>2018-09-30T07:45:20.000Z</time>
      </trkpt>
      <trkpt lat="42.273416" lon="-6.776016">
        <ele>1486.9</ele>
        <time>2018-09-30T07:45:29.000Z</time>
      </trkpt>
      <trkpt lat="42.273398" lon="-6.776104">
        <ele>1486.8</ele>
        <time>2018-09-30T07:45:36.000Z</time>
      </trkpt>
      <trkpt lat="42.273384" lon="-6.776140">
        <ele>1486.8</ele>
        <time>2018-09-30T07:45:39.000Z</time>
      </trkpt>
      <trkpt lat="42.273384" lon="-6.776165">
        <ele>1487.4</ele>
        <time>2018-09-30T07:45:41.000Z</time>
      </trkpt>
      <trkpt lat="42.273336" lon="-6.776307">
        <ele>1487.8</ele>
        <time>2018-09-30T07:45:53.000Z</time>
      </trkpt>
      <trkpt lat="42.273339" lon="-6.776322">
        <ele>1487.8</ele>
        <time>2018-09-30T07:45:54.000Z</time>
      </trkpt>
      <trkpt lat="42.273325" lon="-6.776412">
        <ele>1488.3</ele>
        <time>2018-09-30T07:46:00.000Z</time>
      </trkpt>
      <trkpt lat="42.273285" lon="-6.776556">
        <ele>1488.7</ele>
        <time>2018-09-30T07:46:11.000Z</time>
      </trkpt>
      <trkpt lat="42.273256" lon="-6.776667">
        <ele>1490.7</ele>
        <time>2018-09-30T07:46:21.000Z</time>
      </trkpt>
      <trkpt lat="42.273252" lon="-6.776693">
        <ele>1490.6</ele>
        <time>2018-09-30T07:46:23.000Z</time>
      </trkpt>
      <trkpt lat="42.273240" lon="-6.776727">
        <ele>1490.6</ele>
        <time>2018-09-30T07:46:26.000Z</time>
      </trkpt>
      <trkpt lat="42.273236" lon="-6.776752">
        <ele>1490.6</ele>
        <time>2018-09-30T07:46:28.000Z</time>
      </trkpt>
      <trkpt lat="42.273169" lon="-6.776843">
        <ele>1490.6</ele>
        <time>2018-09-30T07:46:39.000Z</time>
      </trkpt>
      <trkpt lat="42.273150" lon="-6.776872">
        <ele>1489.7</ele>
        <time>2018-09-30T07:46:42.000Z</time>
      </trkpt>
      <trkpt lat="42.273098" lon="-6.776912">
        <ele>1488.7</ele>
        <time>2018-09-30T07:46:50.000Z</time>
      </trkpt>
      <trkpt lat="42.273114" lon="-6.776909">
        <ele>1488.8</ele>
        <time>2018-09-30T07:46:59.000Z</time>
      </trkpt>
      <trkpt lat="42.273081" lon="-6.776917">
        <ele>1488.7</ele>
        <time>2018-09-30T07:47:11.000Z</time>
      </trkpt>
      <trkpt lat="42.273086" lon="-6.776922">
        <ele>1488.7</ele>
        <time>2018-09-30T07:47:22.000Z</time>
      </trkpt>
      <trkpt lat="42.273095" lon="-6.776936">
        <ele>1488.7</ele>
        <time>2018-09-30T07:47:32.000Z</time>
      </trkpt>
      <trkpt lat="42.273091" lon="-6.776946">
        <ele>1489.3</ele>
        <time>2018-09-30T07:47:39.000Z</time>
        <cmt>MIRADOR NATURAL AL TEIXADAL</cmt>
      </trkpt>
      <trkpt lat="42.273082" lon="-6.776946">
        <ele>1489.2</ele>
        <time>2018-09-30T07:47:59.000Z</time>
      </trkpt>
      <trkpt lat="42.273068" lon="-6.776950">
        <ele>1489.3</ele>
        <time>2018-09-30T07:48:11.000Z</time>
      </trkpt>
      <trkpt lat="42.273065" lon="-6.776949">
        <ele>1489.3</ele>
        <time>2018-09-30T07:48:33.000Z</time>
      </trkpt>
      <trkpt lat="42.273079" lon="-6.776937">
        <ele>1489.2</ele>
        <time>2018-09-30T07:48:54.000Z</time>
      </trkpt>
      <trkpt lat="42.273085" lon="-6.776978">
        <ele>1489.3</ele>
        <time>2018-09-30T07:49:04.000Z</time>
      </trkpt>
      <trkpt lat="42.273080" lon="-6.776978">
        <ele>1489.2</ele>
        <time>2018-09-30T07:49:20.000Z</time>
      </trkpt>
      <trkpt lat="42.273072" lon="-6.776945">
        <ele>1489.2</ele>
        <time>2018-09-30T07:49:33.000Z</time>
      </trkpt>
      <trkpt lat="42.273035" lon="-6.776932">
        <ele>1489.3</ele>
        <time>2018-09-30T07:49:42.000Z</time>
      </trkpt>
      <trkpt lat="42.273016" lon="-6.776961">
        <ele>1487.8</ele>
        <time>2018-09-30T07:49:54.000Z</time>
      </trkpt>
      <trkpt lat="42.273025" lon="-6.776950">
        <ele>1487.7</ele>
        <time>2018-09-30T07:50:12.000Z</time>
      </trkpt>
      <trkpt lat="42.272989" lon="-6.776938">
        <ele>1487.4</ele>
        <time>2018-09-30T07:50:31.000Z</time>
      </trkpt>
      <trkpt lat="42.272981" lon="-6.776937">
        <ele>1487.3</ele>
        <time>2018-09-30T07:50:32.000Z</time>
      </trkpt>
      <trkpt lat="42.272902" lon="-6.776945">
        <ele>1484.9</ele>
        <time>2018-09-30T07:50:42.000Z</time>
      </trkpt>
      <trkpt lat="42.272815" lon="-6.776931">
        <ele>1482.9</ele>
        <time>2018-09-30T07:50:54.000Z</time>
      </trkpt>
      <trkpt lat="42.272741" lon="-6.776910">
        <ele>1482.0</ele>
        <time>2018-09-30T07:51:04.000Z</time>
      </trkpt>
      <trkpt lat="42.272656" lon="-6.776893">
        <ele>1480.6</ele>
        <time>2018-09-30T07:51:16.000Z</time>
      </trkpt>
      <trkpt lat="42.272564" lon="-6.776903">
        <ele>1478.6</ele>
        <time>2018-09-30T07:51:27.000Z</time>
      </trkpt>
      <trkpt lat="42.272466" lon="-6.776875">
        <ele>1476.7</ele>
        <time>2018-09-30T07:51:39.000Z</time>
      </trkpt>
      <trkpt lat="42.272399" lon="-6.776851">
        <ele>1475.7</ele>
        <time>2018-09-30T07:51:48.000Z</time>
      </trkpt>
      <trkpt lat="42.272351" lon="-6.776835">
        <ele>1475.2</ele>
        <time>2018-09-30T07:51:54.000Z</time>
      </trkpt>
      <trkpt lat="42.272319" lon="-6.776827">
        <ele>1475.2</ele>
        <time>2018-09-30T07:51:58.000Z</time>
      </trkpt>
      <trkpt lat="42.272255" lon="-6.776840">
        <ele>1473.8</ele>
        <time>2018-09-30T07:52:08.000Z</time>
      </trkpt>
      <trkpt lat="42.272123" lon="-6.776816">
        <ele>1472.4</ele>
        <time>2018-09-30T07:52:21.000Z</time>
      </trkpt>
      <trkpt lat="42.272055" lon="-6.776807">
        <ele>1471.4</ele>
        <time>2018-09-30T07:52:28.000Z</time>
      </trkpt>
      <trkpt lat="42.271937" lon="-6.776747">
        <ele>1471.4</ele>
        <time>2018-09-30T07:52:40.000Z</time>
      </trkpt>
      <trkpt lat="42.271909" lon="-6.776743">
        <ele>1472.9</ele>
        <time>2018-09-30T07:52:43.000Z</time>
      </trkpt>
      <trkpt lat="42.271872" lon="-6.776719">
        <ele>1473.4</ele>
        <time>2018-09-30T07:52:47.000Z</time>
      </trkpt>
      <trkpt lat="42.271852" lon="-6.776720">
        <ele>1473.9</ele>
        <time>2018-09-30T07:52:49.000Z</time>
      </trkpt>
      <trkpt lat="42.271791" lon="-6.776682">
        <ele>1474.3</ele>
        <time>2018-09-30T07:52:56.000Z</time>
      </trkpt>
      <trkpt lat="42.271656" lon="-6.776655">
        <ele>1474.3</ele>
        <time>2018-09-30T07:53:10.000Z</time>
      </trkpt>
      <trkpt lat="42.271529" lon="-6.776605">
        <ele>1474.3</ele>
        <time>2018-09-30T07:53:23.000Z</time>
      </trkpt>
      <trkpt lat="42.271464" lon="-6.776593">
        <ele>1474.4</ele>
        <time>2018-09-30T07:53:30.000Z</time>
      </trkpt>
      <trkpt lat="42.271328" lon="-6.776526">
        <ele>1472.9</ele>
        <time>2018-09-30T07:53:44.000Z</time>
      </trkpt>
      <trkpt lat="42.271208" lon="-6.776485">
        <ele>1472.8</ele>
        <time>2018-09-30T07:53:56.000Z</time>
      </trkpt>
      <trkpt lat="42.271058" lon="-6.776400">
        <ele>1473.4</ele>
        <time>2018-09-30T07:54:10.000Z</time>
      </trkpt>
      <trkpt lat="42.270930" lon="-6.776396">
        <ele>1474.4</ele>
        <time>2018-09-30T07:54:22.000Z</time>
      </trkpt>
      <trkpt lat="42.270830" lon="-6.776328">
        <ele>1474.3</ele>
        <time>2018-09-30T07:54:33.000Z</time>
      </trkpt>
      <trkpt lat="42.270834" lon="-6.776326">
        <ele>1474.3</ele>
        <time>2018-09-30T07:54:45.000Z</time>
      </trkpt>
      <trkpt lat="42.270814" lon="-6.776318">
        <ele>1474.3</ele>
        <time>2018-09-30T07:54:49.000Z</time>
      </trkpt>
      <trkpt lat="42.270790" lon="-6.776321">
        <ele>1474.4</ele>
        <time>2018-09-30T07:54:56.000Z</time>
      </trkpt>
      <trkpt lat="42.270659" lon="-6.776270">
        <ele>1474.3</ele>
        <time>2018-09-30T07:55:07.000Z</time>
      </trkpt>
      <trkpt lat="42.270514" lon="-6.776190">
        <ele>1474.3</ele>
        <time>2018-09-30T07:55:20.000Z</time>
      </trkpt>
      <trkpt lat="42.270470" lon="-6.776184">
        <ele>1472.8</ele>
        <time>2018-09-30T07:55:24.000Z</time>
      </trkpt>
      <trkpt lat="42.270438" lon="-6.776162">
        <ele>1472.9</ele>
        <time>2018-09-30T07:55:27.000Z</time>
      </trkpt>
      <trkpt lat="42.270381" lon="-6.776163">
        <ele>1472.8</ele>
        <time>2018-09-30T07:55:32.000Z</time>
      </trkpt>
      <trkpt lat="42.270347" lon="-6.776150">
        <ele>1472.8</ele>
        <time>2018-09-30T07:55:35.000Z</time>
      </trkpt>
      <trkpt lat="42.270304" lon="-6.776159">
        <ele>1472.9</ele>
        <time>2018-09-30T07:55:39.000Z</time>
      </trkpt>
      <trkpt lat="42.270170" lon="-6.776134">
        <ele>1472.4</ele>
        <time>2018-09-30T07:55:51.000Z</time>
      </trkpt>
      <trkpt lat="42.270048" lon="-6.776094">
        <ele>1472.0</ele>
        <time>2018-09-30T07:56:03.000Z</time>
      </trkpt>
      <trkpt lat="42.270018" lon="-6.776072">
        <ele>1473.3</ele>
        <time>2018-09-30T07:56:07.000Z</time>
      </trkpt>
      <trkpt lat="42.269920" lon="-6.776069">
        <ele>1474.4</ele>
        <time>2018-09-30T07:56:19.000Z</time>
      </trkpt>
      <trkpt lat="42.269912" lon="-6.776072">
        <ele>1474.4</ele>
        <time>2018-09-30T07:56:20.000Z</time>
      </trkpt>
      <trkpt lat="42.269835" lon="-6.776059">
        <ele>1474.4</ele>
        <time>2018-09-30T07:56:30.000Z</time>
      </trkpt>
      <trkpt lat="42.269741" lon="-6.776058">
        <ele>1472.4</ele>
        <time>2018-09-30T07:56:40.000Z</time>
      </trkpt>
      <trkpt lat="42.269637" lon="-6.776086">
        <ele>1472.4</ele>
        <time>2018-09-30T07:56:51.000Z</time>
        <cmt>REGO - MANANTIAL</cmt>
      </trkpt>
      <trkpt lat="42.269636" lon="-6.776060">
        <ele>1471.5</ele>
        <time>2018-09-30T07:57:00.000Z</time>
      </trkpt>
      <trkpt lat="42.269646" lon="-6.776031">
        <ele>1471.5</ele>
        <time>2018-09-30T07:57:21.000Z</time>
      </trkpt>
      <trkpt lat="42.269596" lon="-6.776119">
        <ele>1472.9</ele>
        <time>2018-09-30T07:57:32.000Z</time>
      </trkpt>
      <trkpt lat="42.269589" lon="-6.776134">
        <ele>1472.8</ele>
        <time>2018-09-30T07:57:33.000Z</time>
      </trkpt>
      <trkpt lat="42.269433" lon="-6.776227">
        <ele>1472.9</ele>
        <time>2018-09-30T07:57:46.000Z</time>
      </trkpt>
      <trkpt lat="42.269289" lon="-6.776223">
        <ele>1474.9</ele>
        <time>2018-09-30T07:57:58.000Z</time>
      </trkpt>
      <trkpt lat="42.269143" lon="-6.776250">
        <ele>1474.8</ele>
        <time>2018-09-30T07:58:10.000Z</time>
      </trkpt>
      <trkpt lat="42.269013" lon="-6.776267">
        <ele>1472.8</ele>
        <time>2018-09-30T07:58:21.000Z</time>
      </trkpt>
      <trkpt lat="42.268930" lon="-6.776277">
        <ele>1471.9</ele>
        <time>2018-09-30T07:58:30.000Z</time>
      </trkpt>
      <trkpt lat="42.268852" lon="-6.776258">
        <ele>1471.9</ele>
        <time>2018-09-30T07:58:43.000Z</time>
      </trkpt>
      <trkpt lat="42.268763" lon="-6.776308">
        <ele>1471.4</ele>
        <time>2018-09-30T07:58:54.000Z</time>
      </trkpt>
      <trkpt lat="42.268682" lon="-6.776329">
        <ele>1470.4</ele>
        <time>2018-09-30T07:59:04.000Z</time>
      </trkpt>
      <trkpt lat="42.268579" lon="-6.776382">
        <ele>1469.0</ele>
        <time>2018-09-30T07:59:17.000Z</time>
      </trkpt>
      <trkpt lat="42.268481" lon="-6.776378">
        <ele>1468.1</ele>
        <time>2018-09-30T07:59:28.000Z</time>
        <cmt>INICIO DEL TEIXADAL</cmt>
      </trkpt>
      <trkpt lat="42.268431" lon="-6.776365">
        <ele>1469.0</ele>
        <time>2018-09-30T07:59:42.000Z</time>
      </trkpt>
      <trkpt lat="42.268389" lon="-6.776372">
        <ele>1469.0</ele>
        <time>2018-09-30T07:59:59.000Z</time>
      </trkpt>
      <trkpt lat="42.268331" lon="-6.776415">
        <ele>1469.0</ele>
        <time>2018-09-30T08:00:10.000Z</time>
      </trkpt>
      <trkpt lat="42.268266" lon="-6.776470">
        <ele>1467.5</ele>
        <time>2018-09-30T08:00:20.000Z</time>
      </trkpt>
      <trkpt lat="42.268221" lon="-6.776496">
        <ele>1469.1</ele>
        <time>2018-09-30T08:00:26.000Z</time>
      </trkpt>
      <trkpt lat="42.268092" lon="-6.776570">
        <ele>1469.1</ele>
        <time>2018-09-30T08:00:38.000Z</time>
      </trkpt>
      <trkpt lat="42.267988" lon="-6.776638">
        <ele>1469.1</ele>
        <time>2018-09-30T08:00:50.000Z</time>
      </trkpt>
      <trkpt lat="42.267888" lon="-6.776693">
        <ele>1467.6</ele>
        <time>2018-09-30T08:01:02.000Z</time>
      </trkpt>
      <trkpt lat="42.267877" lon="-6.776692">
        <ele>1467.5</ele>
        <time>2018-09-30T08:01:03.000Z</time>
      </trkpt>
      <trkpt lat="42.267845" lon="-6.776745">
        <ele>1467.1</ele>
        <time>2018-09-30T08:01:12.000Z</time>
      </trkpt>
      <trkpt lat="42.267839" lon="-6.776777">
        <ele>1467.2</ele>
        <time>2018-09-30T08:01:16.000Z</time>
      </trkpt>
      <trkpt lat="42.267825" lon="-6.776833">
        <ele>1468.1</ele>
        <time>2018-09-30T08:01:26.000Z</time>
        <cmt>REGO DO PENEDO Y SURBIA</cmt>
      </trkpt>
      <trkpt lat="42.267798" lon="-6.776797">
        <ele>1468.0</ele>
        <time>2018-09-30T08:01:39.000Z</time>
      </trkpt>
      <trkpt lat="42.267805" lon="-6.776862">
        <ele>1468.0</ele>
        <time>2018-09-30T08:01:52.000Z</time>
      </trkpt>
      <trkpt lat="42.267802" lon="-6.776878">
        <ele>1466.7</ele>
        <time>2018-09-30T08:01:54.000Z</time>
      </trkpt>
      <trkpt lat="42.267809" lon="-6.776900">
        <ele>1468.6</ele>
        <time>2018-09-30T08:01:57.000Z</time>
      </trkpt>
      <trkpt lat="42.267787" lon="-6.776984">
        <ele>1470.4</ele>
        <time>2018-09-30T08:02:08.000Z</time>
      </trkpt>
      <trkpt lat="42.267779" lon="-6.777045">
        <ele>1472.0</ele>
        <time>2018-09-30T08:02:19.000Z</time>
      </trkpt>
      <trkpt lat="42.267818" lon="-6.777142">
        <ele>1472.8</ele>
        <time>2018-09-30T08:02:40.000Z</time>
        <cmt>BOSQUECILLO DE ACEBOS - 1</cmt>
      </trkpt>
      <trkpt lat="42.267824" lon="-6.777220">
        <ele>1474.3</ele>
        <time>2018-09-30T08:02:57.000Z</time>
      </trkpt>
      <trkpt lat="42.267830" lon="-6.777311">
        <ele>1475.2</ele>
        <time>2018-09-30T08:03:11.000Z</time>
      </trkpt>
      <trkpt lat="42.267825" lon="-6.777357">
        <ele>1475.7</ele>
        <time>2018-09-30T08:03:22.000Z</time>
      </trkpt>
      <trkpt lat="42.267818" lon="-6.777358">
        <ele>1474.9</ele>
        <time>2018-09-30T08:03:33.000Z</time>
      </trkpt>
      <trkpt lat="42.267865" lon="-6.777345">
        <ele>1474.8</ele>
        <time>2018-09-30T08:03:53.000Z</time>
      </trkpt>
      <trkpt lat="42.267870" lon="-6.777493">
        <ele>1476.2</ele>
        <time>2018-09-30T08:04:06.000Z</time>
      </trkpt>
      <trkpt lat="42.267946" lon="-6.777573">
        <ele>1476.3</ele>
        <time>2018-09-30T08:04:20.000Z</time>
      </trkpt>
      <trkpt lat="42.267971" lon="-6.777543">
        <ele>1475.3</ele>
        <time>2018-09-30T08:04:23.000Z</time>
      </trkpt>
      <trkpt lat="42.268020" lon="-6.777510">
        <ele>1473.8</ele>
        <time>2018-09-30T08:04:28.000Z</time>
      </trkpt>
      <trkpt lat="42.268206" lon="-6.777406">
        <ele>1472.5</ele>
        <time>2018-09-30T08:04:43.000Z</time>
      </trkpt>
      <trkpt lat="42.268268" lon="-6.777434">
        <ele>1472.9</ele>
        <time>2018-09-30T08:04:55.000Z</time>
      </trkpt>
      <trkpt lat="42.268266" lon="-6.777444">
        <ele>1472.8</ele>
        <time>2018-09-30T08:04:56.000Z</time>
      </trkpt>
      <trkpt lat="42.268226" lon="-6.777584">
        <ele>1472.8</ele>
        <time>2018-09-30T08:05:08.000Z</time>
      </trkpt>
      <trkpt lat="42.268175" lon="-6.777621">
        <ele>1473.3</ele>
        <time>2018-09-30T08:05:20.000Z</time>
      </trkpt>
      <trkpt lat="42.268166" lon="-6.777646">
        <ele>1472.4</ele>
        <time>2018-09-30T08:05:32.000Z</time>
        <cmt>MALLADA DO PENEDO - CABAÑA DERRUIDA</cmt>
      </trkpt>
      <trkpt lat="42.268175" lon="-6.777650">
        <ele>1472.4</ele>
        <time>2018-09-30T08:05:52.000Z</time>
      </trkpt>
      <trkpt lat="42.268178" lon="-6.777656">
        <ele>1473.3</ele>
        <time>2018-09-30T08:06:12.000Z</time>
      </trkpt>
      <trkpt lat="42.268187" lon="-6.777632">
        <ele>1472.4</ele>
        <time>2018-09-30T08:06:23.000Z</time>
      </trkpt>
      <trkpt lat="42.268192" lon="-6.777626">
        <ele>1472.4</ele>
        <time>2018-09-30T08:06:39.000Z</time>
      </trkpt>
      <trkpt lat="42.268183" lon="-6.777578">
        <ele>1473.8</ele>
        <time>2018-09-30T08:06:49.000Z</time>
      </trkpt>
      <trkpt lat="42.268181" lon="-6.777571">
        <ele>1473.8</ele>
        <time>2018-09-30T08:06:50.000Z</time>
      </trkpt>
      <trkpt lat="42.268200" lon="-6.777571">
        <ele>1473.8</ele>
        <time>2018-09-30T08:07:02.000Z</time>
      </trkpt>
      <trkpt lat="42.268200" lon="-6.777569">
        <ele>1473.8</ele>
        <time>2018-09-30T08:07:15.000Z</time>
      </trkpt>
      <trkpt lat="42.268231" lon="-6.777599">
        <ele>1473.9</ele>
        <time>2018-09-30T08:07:31.000Z</time>
      </trkpt>
      <trkpt lat="42.268198" lon="-6.777605">
        <ele>1473.9</ele>
        <time>2018-09-30T08:07:39.000Z</time>
      </trkpt>
      <trkpt lat="42.268177" lon="-6.777620">
        <ele>1473.8</ele>
        <time>2018-09-30T08:07:47.000Z</time>
      </trkpt>
      <trkpt lat="42.268181" lon="-6.777645">
        <ele>1473.8</ele>
        <time>2018-09-30T08:08:00.000Z</time>
      </trkpt>
      <trkpt lat="42.268183" lon="-6.777654">
        <ele>1473.8</ele>
        <time>2018-09-30T08:08:13.000Z</time>
      </trkpt>
      <trkpt lat="42.268188" lon="-6.777648">
        <ele>1473.8</ele>
        <time>2018-09-30T08:08:27.000Z</time>
      </trkpt>
      <trkpt lat="42.268166" lon="-6.777633">
        <ele>1473.8</ele>
        <time>2018-09-30T08:08:45.000Z</time>
      </trkpt>
      <trkpt lat="42.268155" lon="-6.777688">
        <ele>1473.8</ele>
        <time>2018-09-30T08:09:01.000Z</time>
      </trkpt>
      <trkpt lat="42.268151" lon="-6.777634">
        <ele>1472.4</ele>
        <time>2018-09-30T08:09:23.000Z</time>
      </trkpt>
      <trkpt lat="42.268155" lon="-6.777619">
        <ele>1472.4</ele>
        <time>2018-09-30T08:09:46.000Z</time>
      </trkpt>
      <trkpt lat="42.268165" lon="-6.777617">
        <ele>1472.4</ele>
        <time>2018-09-30T08:09:56.000Z</time>
      </trkpt>
      <trkpt lat="42.268163" lon="-6.777594">
        <ele>1473.3</ele>
        <time>2018-09-30T08:10:06.000Z</time>
      </trkpt>
      <trkpt lat="42.268187" lon="-6.777634">
        <ele>1473.4</ele>
        <time>2018-09-30T08:10:14.000Z</time>
      </trkpt>
      <trkpt lat="42.268177" lon="-6.777632">
        <ele>1472.5</ele>
        <time>2018-09-30T08:10:22.000Z</time>
      </trkpt>
      <trkpt lat="42.268177" lon="-6.777642">
        <ele>1472.4</ele>
        <time>2018-09-30T08:10:35.000Z</time>
      </trkpt>
      <trkpt lat="42.268153" lon="-6.777598">
        <ele>1473.3</ele>
        <time>2018-09-30T08:10:41.000Z</time>
      </trkpt>
      <trkpt lat="42.268157" lon="-6.777604">
        <ele>1473.4</ele>
        <time>2018-09-30T08:10:46.000Z</time>
      </trkpt>
      <trkpt lat="42.268174" lon="-6.777616">
        <ele>1473.4</ele>
        <time>2018-09-30T08:10:48.000Z</time>
      </trkpt>
      <trkpt lat="42.268180" lon="-6.777643">
        <ele>1473.4</ele>
        <time>2018-09-30T08:10:57.000Z</time>
      </trkpt>
      <trkpt lat="42.268149" lon="-6.777656">
        <ele>1473.3</ele>
        <time>2018-09-30T08:11:12.000Z</time>
      </trkpt>
      <trkpt lat="42.268146" lon="-6.777685">
        <ele>1473.4</ele>
        <time>2018-09-30T08:11:35.000Z</time>
      </trkpt>
      <trkpt lat="42.268136" lon="-6.777691">
        <ele>1473.3</ele>
        <time>2018-09-30T08:11:42.000Z</time>
      </trkpt>
      <trkpt lat="42.268135" lon="-6.777688">
        <ele>1471.9</ele>
        <time>2018-09-30T08:11:51.000Z</time>
      </trkpt>
      <trkpt lat="42.268166" lon="-6.777686">
        <ele>1472.0</ele>
        <time>2018-09-30T08:12:07.000Z</time>
      </trkpt>
      <trkpt lat="42.268182" lon="-6.777650">
        <ele>1471.9</ele>
        <time>2018-09-30T08:12:20.000Z</time>
      </trkpt>
      <trkpt lat="42.268201" lon="-6.777645">
        <ele>1471.9</ele>
        <time>2018-09-30T08:12:39.000Z</time>
      </trkpt>
      <trkpt lat="42.268202" lon="-6.777658">
        <ele>1471.9</ele>
        <time>2018-09-30T08:12:57.000Z</time>
      </trkpt>
      <trkpt lat="42.268170" lon="-6.777715">
        <ele>1471.9</ele>
        <time>2018-09-30T08:13:07.000Z</time>
      </trkpt>
      <trkpt lat="42.268163" lon="-6.777719">
        <ele>1472.0</ele>
        <time>2018-09-30T08:13:12.000Z</time>
      </trkpt>
      <trkpt lat="42.268127" lon="-6.777774">
        <ele>1471.0</ele>
        <time>2018-09-30T08:13:18.000Z</time>
      </trkpt>
      <trkpt lat="42.268068" lon="-6.777929">
        <ele>1471.0</ele>
        <time>2018-09-30T08:13:29.000Z</time>
      </trkpt>
      <trkpt lat="42.268070" lon="-6.777982">
        <ele>1471.0</ele>
        <time>2018-09-30T08:13:32.000Z</time>
      </trkpt>
      <trkpt lat="42.268120" lon="-6.778147">
        <ele>1469.9</ele>
        <time>2018-09-30T08:13:44.000Z</time>
      </trkpt>
      <trkpt lat="42.268145" lon="-6.778140">
        <ele>1469.5</ele>
        <time>2018-09-30T08:13:57.000Z</time>
      </trkpt>
      <trkpt lat="42.268170" lon="-6.778146">
        <ele>1467.6</ele>
        <time>2018-09-30T08:14:03.000Z</time>
      </trkpt>
      <trkpt lat="42.268191" lon="-6.778151">
        <ele>1466.2</ele>
        <time>2018-09-30T08:14:10.000Z</time>
        <cmt>BOSQUECILLO DE ACEBOS - 2</cmt>
      </trkpt>
      <trkpt lat="42.268191" lon="-6.778155">
        <ele>1467.6</ele>
        <time>2018-09-30T08:14:12.000Z</time>
      </trkpt>
      <trkpt lat="42.268203" lon="-6.778150">
        <ele>1466.1</ele>
        <time>2018-09-30T08:14:15.000Z</time>
      </trkpt>
      <trkpt lat="42.268232" lon="-6.778207">
        <ele>1464.7</ele>
        <time>2018-09-30T08:14:28.000Z</time>
      </trkpt>
      <trkpt lat="42.268266" lon="-6.778227">
        <ele>1463.7</ele>
        <time>2018-09-30T08:14:42.000Z</time>
      </trkpt>
      <trkpt lat="42.268306" lon="-6.778233">
        <ele>1461.9</ele>
        <time>2018-09-30T08:14:52.000Z</time>
      </trkpt>
      <trkpt lat="42.268347" lon="-6.778253">
        <ele>1460.4</ele>
        <time>2018-09-30T08:15:05.000Z</time>
      </trkpt>
      <trkpt lat="42.268416" lon="-6.778233">
        <ele>1458.5</ele>
        <time>2018-09-30T08:15:16.000Z</time>
      </trkpt>
      <trkpt lat="42.268448" lon="-6.778230">
        <ele>1457.5</ele>
        <time>2018-09-30T08:15:27.000Z</time>
      </trkpt>
      <trkpt lat="42.268539" lon="-6.778265">
        <ele>1456.5</ele>
        <time>2018-09-30T08:15:38.000Z</time>
      </trkpt>
      <trkpt lat="42.268598" lon="-6.778310">
        <ele>1456.6</ele>
        <time>2018-09-30T08:15:43.000Z</time>
      </trkpt>
      <trkpt lat="42.268674" lon="-6.778342">
        <ele>1456.5</ele>
        <time>2018-09-30T08:15:48.000Z</time>
      </trkpt>
      <trkpt lat="42.268727" lon="-6.778333">
        <ele>1456.1</ele>
        <time>2018-09-30T08:15:57.000Z</time>
      </trkpt>
      <trkpt lat="42.268731" lon="-6.778336">
        <ele>1456.0</ele>
        <time>2018-09-30T08:16:01.000Z</time>
      </trkpt>
      <trkpt lat="42.268820" lon="-6.778323">
        <ele>1454.1</ele>
        <time>2018-09-30T08:16:12.000Z</time>
      </trkpt>
      <trkpt lat="42.268876" lon="-6.778316">
        <ele>1452.6</ele>
        <time>2018-09-30T08:16:20.000Z</time>
      </trkpt>
      <trkpt lat="42.268904" lon="-6.778310">
        <ele>1451.2</ele>
        <time>2018-09-30T08:16:31.000Z</time>
      </trkpt>
      <trkpt lat="42.268959" lon="-6.778325">
        <ele>1449.4</ele>
        <time>2018-09-30T08:16:42.000Z</time>
      </trkpt>
      <trkpt lat="42.269024" lon="-6.778330">
        <ele>1447.8</ele>
        <time>2018-09-30T08:16:52.000Z</time>
      </trkpt>
      <trkpt lat="42.269035" lon="-6.778327">
        <ele>1446.4</ele>
        <time>2018-09-30T08:17:03.000Z</time>
      </trkpt>
      <trkpt lat="42.269054" lon="-6.778279">
        <ele>1444.0</ele>
        <time>2018-09-30T08:17:12.000Z</time>
      </trkpt>
      <trkpt lat="42.269117" lon="-6.778215">
        <ele>1441.1</ele>
        <time>2018-09-30T08:17:23.000Z</time>
      </trkpt>
      <trkpt lat="42.269168" lon="-6.778145">
        <ele>1438.8</ele>
        <time>2018-09-30T08:17:32.000Z</time>
      </trkpt>
      <trkpt lat="42.269199" lon="-6.778109">
        <ele>1435.3</ele>
        <time>2018-09-30T08:17:39.000Z</time>
      </trkpt>
      <trkpt lat="42.269204" lon="-6.778107">
        <ele>1435.4</ele>
        <time>2018-09-30T08:17:40.000Z</time>
      </trkpt>
      <trkpt lat="42.269283" lon="-6.778067">
        <ele>1433.0</ele>
        <time>2018-09-30T08:17:51.000Z</time>
      </trkpt>
      <trkpt lat="42.269362" lon="-6.778045">
        <ele>1430.5</ele>
        <time>2018-09-30T08:18:02.000Z</time>
      </trkpt>
      <trkpt lat="42.269427" lon="-6.778048">
        <ele>1429.1</ele>
        <time>2018-09-30T08:18:09.000Z</time>
      </trkpt>
      <trkpt lat="42.269505" lon="-6.778039">
        <ele>1427.7</ele>
        <time>2018-09-30T08:18:19.000Z</time>
      </trkpt>
      <trkpt lat="42.269603" lon="-6.778068">
        <ele>1426.3</ele>
        <time>2018-09-30T08:18:30.000Z</time>
      </trkpt>
      <trkpt lat="42.269667" lon="-6.778118">
        <ele>1425.8</ele>
        <time>2018-09-30T08:18:40.000Z</time>
        <cmt>BOSQUE DEL TEIXADAL</cmt>
      </trkpt>
      <trkpt lat="42.269726" lon="-6.778188">
        <ele>1425.2</ele>
        <time>2018-09-30T08:18:51.000Z</time>
      </trkpt>
      <trkpt lat="42.269785" lon="-6.778246">
        <ele>1424.4</ele>
        <time>2018-09-30T08:19:01.000Z</time>
      </trkpt>
      <trkpt lat="42.269852" lon="-6.778270">
        <ele>1422.9</ele>
        <time>2018-09-30T08:19:12.000Z</time>
      </trkpt>
      <trkpt lat="42.269866" lon="-6.778260">
        <ele>1422.8</ele>
        <time>2018-09-30T08:19:15.000Z</time>
      </trkpt>
      <trkpt lat="42.269888" lon="-6.778233">
        <ele>1422.5</ele>
        <time>2018-09-30T08:19:18.000Z</time>
      </trkpt>
      <trkpt lat="42.269991" lon="-6.778229">
        <ele>1421.0</ele>
        <time>2018-09-30T08:19:29.000Z</time>
      </trkpt>
      <trkpt lat="42.270049" lon="-6.778254">
        <ele>1419.6</ele>
        <time>2018-09-30T08:19:40.000Z</time>
      </trkpt>
      <trkpt lat="42.270125" lon="-6.778248">
        <ele>1417.7</ele>
        <time>2018-09-30T08:19:51.000Z</time>
      </trkpt>
      <trkpt lat="42.270171" lon="-6.778207">
        <ele>1416.1</ele>
        <time>2018-09-30T08:20:01.000Z</time>
      </trkpt>
      <trkpt lat="42.270242" lon="-6.778171">
        <ele>1413.7</ele>
        <time>2018-09-30T08:20:13.000Z</time>
      </trkpt>
      <trkpt lat="42.270304" lon="-6.778140">
        <ele>1412.7</ele>
        <time>2018-09-30T08:20:24.000Z</time>
      </trkpt>
      <trkpt lat="42.270358" lon="-6.778154">
        <ele>1411.8</ele>
        <time>2018-09-30T08:20:36.000Z</time>
      </trkpt>
      <trkpt lat="42.270410" lon="-6.778180">
        <ele>1409.4</ele>
        <time>2018-09-30T08:20:48.000Z</time>
      </trkpt>
      <trkpt lat="42.270478" lon="-6.778214">
        <ele>1408.4</ele>
        <time>2018-09-30T08:21:00.000Z</time>
      </trkpt>
      <trkpt lat="42.270510" lon="-6.778266">
        <ele>1407.1</ele>
        <time>2018-09-30T08:21:12.000Z</time>
      </trkpt>
      <trkpt lat="42.270547" lon="-6.778337">
        <ele>1405.5</ele>
        <time>2018-09-30T08:21:22.000Z</time>
      </trkpt>
      <trkpt lat="42.270591" lon="-6.778371">
        <ele>1405.1</ele>
        <time>2018-09-30T08:21:31.000Z</time>
      </trkpt>
      <trkpt lat="42.270574" lon="-6.778369">
        <ele>1405.1</ele>
        <time>2018-09-30T08:21:41.000Z</time>
      </trkpt>
      <trkpt lat="42.270600" lon="-6.778405">
        <ele>1405.2</ele>
        <time>2018-09-30T08:21:51.000Z</time>
      </trkpt>
      <trkpt lat="42.270641" lon="-6.778472">
        <ele>1404.1</ele>
        <time>2018-09-30T08:22:01.000Z</time>
      </trkpt>
      <trkpt lat="42.270681" lon="-6.778509">
        <ele>1403.6</ele>
        <time>2018-09-30T08:22:13.000Z</time>
      </trkpt>
      <trkpt lat="42.270692" lon="-6.778542">
        <ele>1403.1</ele>
        <time>2018-09-30T08:22:24.000Z</time>
      </trkpt>
      <trkpt lat="42.270744" lon="-6.778548">
        <ele>1403.1</ele>
        <time>2018-09-30T08:22:36.000Z</time>
      </trkpt>
      <trkpt lat="42.270757" lon="-6.778549">
        <ele>1400.8</ele>
        <time>2018-09-30T08:22:49.000Z</time>
      </trkpt>
      <trkpt lat="42.270786" lon="-6.778546">
        <ele>1399.3</ele>
        <time>2018-09-30T08:22:57.000Z</time>
      </trkpt>
      <trkpt lat="42.270792" lon="-6.778584">
        <ele>1398.4</ele>
        <time>2018-09-30T08:23:12.000Z</time>
      </trkpt>
      <trkpt lat="42.270836" lon="-6.778606">
        <ele>1398.3</ele>
        <time>2018-09-30T08:23:24.000Z</time>
      </trkpt>
      <trkpt lat="42.270857" lon="-6.778616">
        <ele>1398.3</ele>
        <time>2018-09-30T08:23:34.000Z</time>
      </trkpt>
      <trkpt lat="42.270896" lon="-6.778613">
        <ele>1397.5</ele>
        <time>2018-09-30T08:23:49.000Z</time>
      </trkpt>
      <trkpt lat="42.270909" lon="-6.778611">
        <ele>1395.9</ele>
        <time>2018-09-30T08:23:59.000Z</time>
      </trkpt>
      <trkpt lat="42.270925" lon="-6.778614">
        <ele>1396.0</ele>
        <time>2018-09-30T08:24:15.000Z</time>
      </trkpt>
      <trkpt lat="42.270947" lon="-6.778588">
        <ele>1393.6</ele>
        <time>2018-09-30T08:24:27.000Z</time>
      </trkpt>
      <trkpt lat="42.270957" lon="-6.778585">
        <ele>1392.6</ele>
        <time>2018-09-30T08:24:39.000Z</time>
      </trkpt>
      <trkpt lat="42.270985" lon="-6.778609">
        <ele>1392.1</ele>
        <time>2018-09-30T08:24:49.000Z</time>
      </trkpt>
      <trkpt lat="42.271017" lon="-6.778605">
        <ele>1389.8</ele>
        <time>2018-09-30T08:25:01.000Z</time>
      </trkpt>
      <trkpt lat="42.271018" lon="-6.778570">
        <ele>1387.4</ele>
        <time>2018-09-30T08:25:12.000Z</time>
      </trkpt>
      <trkpt lat="42.270990" lon="-6.778578">
        <ele>1387.3</ele>
        <time>2018-09-30T08:25:27.000Z</time>
      </trkpt>
      <trkpt lat="42.270994" lon="-6.778582">
        <ele>1388.7</ele>
        <time>2018-09-30T08:25:35.000Z</time>
      </trkpt>
      <trkpt lat="42.270988" lon="-6.778649">
        <ele>1389.2</ele>
        <time>2018-09-30T08:25:45.000Z</time>
      </trkpt>
      <trkpt lat="42.270977" lon="-6.778644">
        <ele>1390.6</ele>
        <time>2018-09-30T08:25:58.000Z</time>
      </trkpt>
      <trkpt lat="42.270971" lon="-6.778622">
        <ele>1390.7</ele>
        <time>2018-09-30T08:26:13.000Z</time>
      </trkpt>
      <trkpt lat="42.270954" lon="-6.778605">
        <ele>1391.7</ele>
        <time>2018-09-30T08:26:24.000Z</time>
        <cmt>CASCADAS DO PENEDO</cmt>
      </trkpt>
      <trkpt lat="42.270939" lon="-6.778605">
        <ele>1391.6</ele>
        <time>2018-09-30T08:26:46.000Z</time>
      </trkpt>
      <trkpt lat="42.270962" lon="-6.778608">
        <ele>1392.2</ele>
        <time>2018-09-30T08:26:57.000Z</time>
      </trkpt>
      <trkpt lat="42.270963" lon="-6.778605">
        <ele>1392.1</ele>
        <time>2018-09-30T08:27:15.000Z</time>
      </trkpt>
      <trkpt lat="42.270965" lon="-6.778594">
        <ele>1392.1</ele>
        <time>2018-09-30T08:27:35.000Z</time>
      </trkpt>
      <trkpt lat="42.270961" lon="-6.778587">
        <ele>1390.6</ele>
        <time>2018-09-30T08:27:55.000Z</time>
      </trkpt>
      <trkpt lat="42.270961" lon="-6.778592">
        <ele>1392.2</ele>
        <time>2018-09-30T08:28:05.000Z</time>
      </trkpt>
      <trkpt lat="42.270966" lon="-6.778603">
        <ele>1390.6</ele>
        <time>2018-09-30T08:28:09.000Z</time>
      </trkpt>
      <trkpt lat="42.271008" lon="-6.778635">
        <ele>1390.2</ele>
        <time>2018-09-30T08:28:19.000Z</time>
      </trkpt>
      <trkpt lat="42.271031" lon="-6.778657">
        <ele>1388.8</ele>
        <time>2018-09-30T08:28:28.000Z</time>
      </trkpt>
      <trkpt lat="42.271076" lon="-6.778692">
        <ele>1389.3</ele>
        <time>2018-09-30T08:28:36.000Z</time>
      </trkpt>
      <trkpt lat="42.271084" lon="-6.778724">
        <ele>1387.3</ele>
        <time>2018-09-30T08:28:45.000Z</time>
      </trkpt>
      <trkpt lat="42.271128" lon="-6.778696">
        <ele>1385.4</ele>
        <time>2018-09-30T08:28:56.000Z</time>
      </trkpt>
      <trkpt lat="42.271179" lon="-6.778755">
        <ele>1384.0</ele>
        <time>2018-09-30T08:29:05.000Z</time>
      </trkpt>
      <trkpt lat="42.271231" lon="-6.778788">
        <ele>1382.5</ele>
        <time>2018-09-30T08:29:16.000Z</time>
      </trkpt>
      <trkpt lat="42.271280" lon="-6.778828">
        <ele>1381.0</ele>
        <time>2018-09-30T08:29:27.000Z</time>
      </trkpt>
      <trkpt lat="42.271321" lon="-6.778837">
        <ele>1380.5</ele>
        <time>2018-09-30T08:29:44.000Z</time>
      </trkpt>
      <trkpt lat="42.271357" lon="-6.778832">
        <ele>1377.2</ele>
        <time>2018-09-30T08:29:55.000Z</time>
      </trkpt>
      <trkpt lat="42.271419" lon="-6.778910">
        <ele>1376.8</ele>
        <time>2018-09-30T08:30:06.000Z</time>
      </trkpt>
      <trkpt lat="42.271524" lon="-6.778964">
        <ele>1376.7</ele>
        <time>2018-09-30T08:30:17.000Z</time>
      </trkpt>
      <trkpt lat="42.271609" lon="-6.778976">
        <ele>1374.8</ele>
        <time>2018-09-30T08:30:29.000Z</time>
      </trkpt>
      <trkpt lat="42.271673" lon="-6.778978">
        <ele>1373.0</ele>
        <time>2018-09-30T08:30:41.000Z</time>
      </trkpt>
      <trkpt lat="42.271720" lon="-6.779009">
        <ele>1370.0</ele>
        <time>2018-09-30T08:30:52.000Z</time>
      </trkpt>
      <trkpt lat="42.271745" lon="-6.779013">
        <ele>1369.1</ele>
        <time>2018-09-30T08:31:01.000Z</time>
      </trkpt>
      <trkpt lat="42.271807" lon="-6.779003">
        <ele>1366.7</ele>
        <time>2018-09-30T08:31:12.000Z</time>
      </trkpt>
      <trkpt lat="42.271872" lon="-6.779063">
        <ele>1364.8</ele>
        <time>2018-09-30T08:31:22.000Z</time>
      </trkpt>
      <trkpt lat="42.271923" lon="-6.779111">
        <ele>1364.3</ele>
        <time>2018-09-30T08:31:33.000Z</time>
      </trkpt>
      <trkpt lat="42.271969" lon="-6.779121">
        <ele>1362.8</ele>
        <time>2018-09-30T08:31:45.000Z</time>
      </trkpt>
      <trkpt lat="42.272037" lon="-6.779114">
        <ele>1360.4</ele>
        <time>2018-09-30T08:32:00.000Z</time>
      </trkpt>
      <trkpt lat="42.272092" lon="-6.779101">
        <ele>1359.5</ele>
        <time>2018-09-30T08:32:12.000Z</time>
      </trkpt>
      <trkpt lat="42.272142" lon="-6.779108">
        <ele>1358.0</ele>
        <time>2018-09-30T08:32:23.000Z</time>
      </trkpt>
      <trkpt lat="42.272204" lon="-6.779117">
        <ele>1356.5</ele>
        <time>2018-09-30T08:32:33.000Z</time>
      </trkpt>
      <trkpt lat="42.272256" lon="-6.779131">
        <ele>1355.2</ele>
        <time>2018-09-30T08:32:43.000Z</time>
      </trkpt>
      <trkpt lat="42.272286" lon="-6.779168">
        <ele>1354.1</ele>
        <time>2018-09-30T08:32:52.000Z</time>
      </trkpt>
      <trkpt lat="42.272311" lon="-6.779227">
        <ele>1354.1</ele>
        <time>2018-09-30T08:33:02.000Z</time>
      </trkpt>
      <trkpt lat="42.272328" lon="-6.779260">
        <ele>1353.2</ele>
        <time>2018-09-30T08:33:05.000Z</time>
      </trkpt>
      <trkpt lat="42.272406" lon="-6.779372">
        <ele>1353.1</ele>
        <time>2018-09-30T08:33:21.000Z</time>
      </trkpt>
      <trkpt lat="42.272427" lon="-6.779422">
        <ele>1354.1</ele>
        <time>2018-09-30T08:33:26.000Z</time>
      </trkpt>
      <trkpt lat="42.272465" lon="-6.779448">
        <ele>1354.2</ele>
        <time>2018-09-30T08:33:44.000Z</time>
      </trkpt>
      <trkpt lat="42.272482" lon="-6.779515">
        <ele>1353.1</ele>
        <time>2018-09-30T08:33:57.000Z</time>
      </trkpt>
      <trkpt lat="42.272542" lon="-6.779628">
        <ele>1352.7</ele>
        <time>2018-09-30T08:34:09.000Z</time>
      </trkpt>
      <trkpt lat="42.272580" lon="-6.779748">
        <ele>1354.2</ele>
        <time>2018-09-30T08:34:20.000Z</time>
      </trkpt>
      <trkpt lat="42.272611" lon="-6.779852">
        <ele>1356.1</ele>
        <time>2018-09-30T08:34:32.000Z</time>
      </trkpt>
      <trkpt lat="42.272592" lon="-6.779946">
        <ele>1358.4</ele>
        <time>2018-09-30T08:34:45.000Z</time>
      </trkpt>
      <trkpt lat="42.272549" lon="-6.779946">
        <ele>1359.5</ele>
        <time>2018-09-30T08:35:07.000Z</time>
      </trkpt>
      <trkpt lat="42.272563" lon="-6.779981">
        <ele>1359.5</ele>
        <time>2018-09-30T08:35:28.000Z</time>
      </trkpt>
      <trkpt lat="42.272560" lon="-6.779962">
        <ele>1358.1</ele>
        <time>2018-09-30T08:35:31.000Z</time>
        <cmt>CHOZO - REFUGIO DE LOS MAQUIS (RUINAS)</cmt>
      </trkpt>
      <trkpt lat="42.272547" lon="-6.779878">
        <ele>1359.0</ele>
        <time>2018-09-30T08:35:56.000Z</time>
      </trkpt>
      <trkpt lat="42.272553" lon="-6.779867">
        <ele>1360.0</ele>
        <time>2018-09-30T08:36:23.000Z</time>
      </trkpt>
      <trkpt lat="42.272520" lon="-6.779878">
        <ele>1357.6</ele>
        <time>2018-09-30T08:36:44.000Z</time>
      </trkpt>
      <trkpt lat="42.272547" lon="-6.779905">
        <ele>1358.9</ele>
        <time>2018-09-30T08:37:02.000Z</time>
      </trkpt>
      <trkpt lat="42.272526" lon="-6.779903">
        <ele>1358.9</ele>
        <time>2018-09-30T08:37:15.000Z</time>
      </trkpt>
      <trkpt lat="42.272505" lon="-6.779930">
        <ele>1358.9</ele>
        <time>2018-09-30T08:37:38.000Z</time>
      </trkpt>
      <trkpt lat="42.272534" lon="-6.779913">
        <ele>1359.0</ele>
        <time>2018-09-30T08:38:01.000Z</time>
      </trkpt>
      <trkpt lat="42.272528" lon="-6.779905">
        <ele>1359.0</ele>
        <time>2018-09-30T08:38:16.000Z</time>
      </trkpt>
      <trkpt lat="42.272500" lon="-6.779912">
        <ele>1359.0</ele>
        <time>2018-09-30T08:38:32.000Z</time>
      </trkpt>
      <trkpt lat="42.272507" lon="-6.779899">
        <ele>1359.0</ele>
        <time>2018-09-30T08:38:54.000Z</time>
      </trkpt>
      <trkpt lat="42.272513" lon="-6.779887">
        <ele>1359.0</ele>
        <time>2018-09-30T08:39:19.000Z</time>
      </trkpt>
      <trkpt lat="42.272495" lon="-6.779892">
        <ele>1358.9</ele>
        <time>2018-09-30T08:39:40.000Z</time>
      </trkpt>
      <trkpt lat="42.272493" lon="-6.779884">
        <ele>1357.5</ele>
        <time>2018-09-30T08:39:43.000Z</time>
      </trkpt>
      <trkpt lat="42.272530" lon="-6.779915">
        <ele>1357.5</ele>
        <time>2018-09-30T08:39:56.000Z</time>
      </trkpt>
      <trkpt lat="42.272532" lon="-6.779939">
        <ele>1357.6</ele>
        <time>2018-09-30T08:40:16.000Z</time>
      </trkpt>
      <trkpt lat="42.272505" lon="-6.779891">
        <ele>1357.5</ele>
        <time>2018-09-30T08:40:34.000Z</time>
      </trkpt>
      <trkpt lat="42.272574" lon="-6.779899">
        <ele>1357.5</ele>
        <time>2018-09-30T08:40:49.000Z</time>
      </trkpt>
      <trkpt lat="42.272492" lon="-6.779854">
        <ele>1357.5</ele>
        <time>2018-09-30T08:41:15.000Z</time>
      </trkpt>
      <trkpt lat="42.272531" lon="-6.779882">
        <ele>1357.6</ele>
        <time>2018-09-30T08:41:31.000Z</time>
      </trkpt>
      <trkpt lat="42.272573" lon="-6.779903">
        <ele>1357.6</ele>
        <time>2018-09-30T08:41:44.000Z</time>
      </trkpt>
      <trkpt lat="42.272526" lon="-6.779925">
        <ele>1358.9</ele>
        <time>2018-09-30T08:41:58.000Z</time>
      </trkpt>
      <trkpt lat="42.272524" lon="-6.779927">
        <ele>1359.0</ele>
        <time>2018-09-30T08:41:59.000Z</time>
      </trkpt>
      <trkpt lat="42.272525" lon="-6.780003">
        <ele>1360.8</ele>
        <time>2018-09-30T08:42:13.000Z</time>
      </trkpt>
      <trkpt lat="42.272510" lon="-6.780057">
        <ele>1363.8</ele>
        <time>2018-09-30T08:42:25.000Z</time>
      </trkpt>
      <trkpt lat="42.272500" lon="-6.780071">
        <ele>1365.3</ele>
        <time>2018-09-30T08:42:29.000Z</time>
      </trkpt>
      <trkpt lat="42.272423" lon="-6.780104">
        <ele>1366.2</ele>
        <time>2018-09-30T08:42:43.000Z</time>
      </trkpt>
      <trkpt lat="42.272402" lon="-6.780115">
        <ele>1368.0</ele>
        <time>2018-09-30T08:42:58.000Z</time>
      </trkpt>
      <trkpt lat="42.272371" lon="-6.780125">
        <ele>1371.4</ele>
        <time>2018-09-30T08:43:13.000Z</time>
      </trkpt>
      <trkpt lat="42.272314" lon="-6.780139">
        <ele>1373.3</ele>
        <time>2018-09-30T08:43:26.000Z</time>
      </trkpt>
      <trkpt lat="42.272279" lon="-6.780172">
        <ele>1376.2</ele>
        <time>2018-09-30T08:43:38.000Z</time>
      </trkpt>
      <trkpt lat="42.272255" lon="-6.780194">
        <ele>1377.3</ele>
        <time>2018-09-30T08:43:46.000Z</time>
      </trkpt>
      <trkpt lat="42.272212" lon="-6.780261">
        <ele>1379.6</ele>
        <time>2018-09-30T08:44:00.000Z</time>
      </trkpt>
      <trkpt lat="42.272216" lon="-6.780308">
        <ele>1381.1</ele>
        <time>2018-09-30T08:44:17.000Z</time>
      </trkpt>
      <trkpt lat="42.272212" lon="-6.780362">
        <ele>1382.0</ele>
        <time>2018-09-30T08:44:32.000Z</time>
      </trkpt>
      <trkpt lat="42.272178" lon="-6.780361">
        <ele>1383.0</ele>
        <time>2018-09-30T08:44:46.000Z</time>
      </trkpt>
      <trkpt lat="42.272197" lon="-6.780381">
        <ele>1385.0</ele>
        <time>2018-09-30T08:45:02.000Z</time>
      </trkpt>
      <trkpt lat="42.272207" lon="-6.780392">
        <ele>1384.9</ele>
        <time>2018-09-30T08:45:12.000Z</time>
      </trkpt>
      <trkpt lat="42.272228" lon="-6.780431">
        <ele>1385.4</ele>
        <time>2018-09-30T08:45:25.000Z</time>
      </trkpt>
      <trkpt lat="42.272244" lon="-6.780481">
        <ele>1385.5</ele>
        <time>2018-09-30T08:45:37.000Z</time>
      </trkpt>
      <trkpt lat="42.272215" lon="-6.780476">
        <ele>1384.5</ele>
        <time>2018-09-30T08:45:51.000Z</time>
      </trkpt>
      <trkpt lat="42.272218" lon="-6.780487">
        <ele>1385.8</ele>
        <time>2018-09-30T08:45:55.000Z</time>
      </trkpt>
      <trkpt lat="42.272210" lon="-6.780476">
        <ele>1387.3</ele>
        <time>2018-09-30T08:46:08.000Z</time>
      </trkpt>
      <trkpt lat="42.272219" lon="-6.780515">
        <ele>1389.3</ele>
        <time>2018-09-30T08:46:22.000Z</time>
      </trkpt>
      <trkpt lat="42.272183" lon="-6.780504">
        <ele>1390.6</ele>
        <time>2018-09-30T08:46:35.000Z</time>
      </trkpt>
      <trkpt lat="42.272123" lon="-6.780489">
        <ele>1392.6</ele>
        <time>2018-09-30T08:46:47.000Z</time>
      </trkpt>
      <trkpt lat="42.272058" lon="-6.780490">
        <ele>1395.5</ele>
        <time>2018-09-30T08:46:59.000Z</time>
      </trkpt>
      <trkpt lat="42.272088" lon="-6.780508">
        <ele>1395.4</ele>
        <time>2018-09-30T08:47:12.000Z</time>
      </trkpt>
      <trkpt lat="42.272054" lon="-6.780519">
        <ele>1395.9</ele>
        <time>2018-09-30T08:47:30.000Z</time>
      </trkpt>
      <trkpt lat="42.272006" lon="-6.780485">
        <ele>1396.0</ele>
        <time>2018-09-30T08:47:49.000Z</time>
      </trkpt>
      <trkpt lat="42.272017" lon="-6.780468">
        <ele>1396.5</ele>
        <time>2018-09-30T08:48:06.000Z</time>
      </trkpt>
      <trkpt lat="42.271998" lon="-6.780452">
        <ele>1396.4</ele>
        <time>2018-09-30T08:48:18.000Z</time>
      </trkpt>
      <trkpt lat="42.271991" lon="-6.780419">
        <ele>1397.0</ele>
        <time>2018-09-30T08:48:38.000Z</time>
      </trkpt>
      <trkpt lat="42.272034" lon="-6.780413">
        <ele>1396.9</ele>
        <time>2018-09-30T08:49:00.000Z</time>
      </trkpt>
      <trkpt lat="42.272060" lon="-6.780459">
        <ele>1396.9</ele>
        <time>2018-09-30T08:49:26.000Z</time>
      </trkpt>
      <trkpt lat="42.272052" lon="-6.780505">
        <ele>1396.9</ele>
        <time>2018-09-30T08:49:45.000Z</time>
      </trkpt>
      <trkpt lat="42.272043" lon="-6.780497">
        <ele>1397.5</ele>
        <time>2018-09-30T08:50:00.000Z</time>
      </trkpt>
      <trkpt lat="42.272060" lon="-6.780529">
        <ele>1396.5</ele>
        <time>2018-09-30T08:50:17.000Z</time>
      </trkpt>
      <trkpt lat="42.272106" lon="-6.780532">
        <ele>1396.5</ele>
        <time>2018-09-30T08:50:34.000Z</time>
      </trkpt>
      <trkpt lat="42.272047" lon="-6.780519">
        <ele>1397.0</ele>
        <time>2018-09-30T08:50:43.000Z</time>
      </trkpt>
      <trkpt lat="42.272001" lon="-6.780527">
        <ele>1396.9</ele>
        <time>2018-09-30T08:51:07.000Z</time>
      </trkpt>
      <trkpt lat="42.271991" lon="-6.780497">
        <ele>1396.9</ele>
        <time>2018-09-30T08:51:32.000Z</time>
      </trkpt>
      <trkpt lat="42.272041" lon="-6.780476">
        <ele>1396.9</ele>
        <time>2018-09-30T08:51:42.000Z</time>
      </trkpt>
      <trkpt lat="42.272045" lon="-6.780498">
        <ele>1396.9</ele>
        <time>2018-09-30T08:51:56.000Z</time>
      </trkpt>
      <trkpt lat="42.272054" lon="-6.780526">
        <ele>1397.0</ele>
        <time>2018-09-30T08:52:13.000Z</time>
      </trkpt>
      <trkpt lat="42.272077" lon="-6.780522">
        <ele>1396.9</ele>
        <time>2018-09-30T08:52:27.000Z</time>
      </trkpt>
      <trkpt lat="42.272109" lon="-6.780533">
        <ele>1395.4</ele>
        <time>2018-09-30T08:52:40.000Z</time>
      </trkpt>
      <trkpt lat="42.272126" lon="-6.780540">
        <ele>1395.4</ele>
        <time>2018-09-30T08:53:00.000Z</time>
      </trkpt>
      <trkpt lat="42.272118" lon="-6.780539">
        <ele>1395.5</ele>
        <time>2018-09-30T08:53:21.000Z</time>
      </trkpt>
      <trkpt lat="42.272124" lon="-6.780559">
        <ele>1395.4</ele>
        <time>2018-09-30T08:53:43.000Z</time>
      </trkpt>
      <trkpt lat="42.272102" lon="-6.780561">
        <ele>1395.4</ele>
        <time>2018-09-30T08:54:06.000Z</time>
      </trkpt>
      <trkpt lat="42.272103" lon="-6.780576">
        <ele>1395.4</ele>
        <time>2018-09-30T08:54:17.000Z</time>
      </trkpt>
      <trkpt lat="42.272050" lon="-6.780490">
        <ele>1395.5</ele>
        <time>2018-09-30T08:54:30.000Z</time>
      </trkpt>
      <trkpt lat="42.272054" lon="-6.780524">
        <ele>1395.5</ele>
        <time>2018-09-30T08:54:41.000Z</time>
      </trkpt>
      <trkpt lat="42.272071" lon="-6.780514">
        <ele>1396.5</ele>
        <time>2018-09-30T08:54:56.000Z</time>
      </trkpt>
      <trkpt lat="42.272140" lon="-6.780516">
        <ele>1396.5</ele>
        <time>2018-09-30T08:55:18.000Z</time>
      </trkpt>
      <trkpt lat="42.272137" lon="-6.780545">
        <ele>1396.4</ele>
        <time>2018-09-30T08:55:28.000Z</time>
      </trkpt>
      <trkpt lat="42.272105" lon="-6.780509">
        <ele>1396.4</ele>
        <time>2018-09-30T08:55:41.000Z</time>
      </trkpt>
      <trkpt lat="42.272109" lon="-6.780548">
        <ele>1396.4</ele>
        <time>2018-09-30T08:56:07.000Z</time>
      </trkpt>
      <trkpt lat="42.272106" lon="-6.780579">
        <ele>1395.0</ele>
        <time>2018-09-30T08:56:19.000Z</time>
      </trkpt>
      <trkpt lat="42.272065" lon="-6.780503">
        <ele>1395.1</ele>
        <time>2018-09-30T08:56:32.000Z</time>
      </trkpt>
      <trkpt lat="42.272088" lon="-6.780513">
        <ele>1395.0</ele>
        <time>2018-09-30T08:56:48.000Z</time>
      </trkpt>
      <trkpt lat="42.272075" lon="-6.780546">
        <ele>1395.1</ele>
        <time>2018-09-30T08:57:04.000Z</time>
      </trkpt>
      <trkpt lat="42.272095" lon="-6.780616">
        <ele>1395.1</ele>
        <time>2018-09-30T08:57:25.000Z</time>
      </trkpt>
      <trkpt lat="42.272091" lon="-6.780582">
        <ele>1395.1</ele>
        <time>2018-09-30T08:57:43.000Z</time>
      </trkpt>
      <trkpt lat="42.272133" lon="-6.780585">
        <ele>1395.0</ele>
        <time>2018-09-30T08:57:57.000Z</time>
      </trkpt>
      <trkpt lat="42.272097" lon="-6.780582">
        <ele>1395.1</ele>
        <time>2018-09-30T08:58:12.000Z</time>
      </trkpt>
      <trkpt lat="42.272049" lon="-6.780543">
        <ele>1394.5</ele>
        <time>2018-09-30T08:58:36.000Z</time>
      </trkpt>
      <trkpt lat="42.272058" lon="-6.780509">
        <ele>1394.6</ele>
        <time>2018-09-30T08:59:05.000Z</time>
      </trkpt>
      <trkpt lat="42.272068" lon="-6.780577">
        <ele>1394.5</ele>
        <time>2018-09-30T08:59:34.000Z</time>
      </trkpt>
      <trkpt lat="42.272115" lon="-6.780552">
        <ele>1395.0</ele>
        <time>2018-09-30T09:00:09.000Z</time>
      </trkpt>
      <trkpt lat="42.272065" lon="-6.780564">
        <ele>1395.1</ele>
        <time>2018-09-30T09:00:42.000Z</time>
      </trkpt>
      <trkpt lat="42.272107" lon="-6.780580">
        <ele>1395.1</ele>
        <time>2018-09-30T09:01:12.000Z</time>
      </trkpt>
      <trkpt lat="42.272147" lon="-6.780596">
        <ele>1395.0</ele>
        <time>2018-09-30T09:01:50.000Z</time>
      </trkpt>
      <trkpt lat="42.272162" lon="-6.780541">
        <ele>1395.1</ele>
        <time>2018-09-30T09:02:17.000Z</time>
      </trkpt>
      <trkpt lat="42.272160" lon="-6.780599">
        <ele>1395.1</ele>
        <time>2018-09-30T09:02:44.000Z</time>
      </trkpt>
      <trkpt lat="42.272144" lon="-6.780580">
        <ele>1395.1</ele>
        <time>2018-09-30T09:03:13.000Z</time>
      </trkpt>
      <trkpt lat="42.272074" lon="-6.780533">
        <ele>1395.4</ele>
        <time>2018-09-30T09:03:46.000Z</time>
      </trkpt>
      <trkpt lat="42.272080" lon="-6.780525">
        <ele>1395.0</ele>
        <time>2018-09-30T09:04:23.000Z</time>
      </trkpt>
      <trkpt lat="42.272116" lon="-6.780541">
        <ele>1395.5</ele>
        <time>2018-09-30T09:04:45.000Z</time>
      </trkpt>
      <trkpt lat="42.272103" lon="-6.780542">
        <ele>1395.4</ele>
        <time>2018-09-30T09:05:13.000Z</time>
      </trkpt>
      <trkpt lat="42.272094" lon="-6.780557">
        <ele>1395.4</ele>
        <time>2018-09-30T09:05:44.000Z</time>
      </trkpt>
      <trkpt lat="42.272139" lon="-6.780536">
        <ele>1395.9</ele>
        <time>2018-09-30T09:06:08.000Z</time>
      </trkpt>
      <trkpt lat="42.272106" lon="-6.780528">
        <ele>1396.4</ele>
        <time>2018-09-30T09:06:37.000Z</time>
      </trkpt>
      <trkpt lat="42.272058" lon="-6.780525">
        <ele>1396.4</ele>
        <time>2018-09-30T09:07:09.000Z</time>
      </trkpt>
      <trkpt lat="42.272050" lon="-6.780455">
        <ele>1396.9</ele>
        <time>2018-09-30T09:07:44.000Z</time>
      </trkpt>
      <trkpt lat="42.272080" lon="-6.780466">
        <ele>1397.4</ele>
        <time>2018-09-30T09:08:16.000Z</time>
      </trkpt>
      <trkpt lat="42.272066" lon="-6.780481">
        <ele>1397.0</ele>
        <time>2018-09-30T09:08:39.000Z</time>
      </trkpt>
      <trkpt lat="42.272102" lon="-6.780494">
        <ele>1397.4</ele>
        <time>2018-09-30T09:09:06.000Z</time>
      </trkpt>
      <trkpt lat="42.272081" lon="-6.780483">
        <ele>1397.5</ele>
        <time>2018-09-30T09:09:27.000Z</time>
      </trkpt>
      <trkpt lat="42.272053" lon="-6.780454">
        <ele>1397.4</ele>
        <time>2018-09-30T09:09:54.000Z</time>
      </trkpt>
      <trkpt lat="42.272059" lon="-6.780508">
        <ele>1398.9</ele>
        <time>2018-09-30T09:10:15.000Z</time>
      </trkpt>
      <trkpt lat="42.272064" lon="-6.780507">
        <ele>1398.9</ele>
        <time>2018-09-30T09:10:16.000Z</time>
      </trkpt>
      <trkpt lat="42.272078" lon="-6.780513">
        <ele>1398.8</ele>
        <time>2018-09-30T09:10:28.000Z</time>
      </trkpt>
      <trkpt lat="42.272101" lon="-6.780510">
        <ele>1398.8</ele>
        <time>2018-09-30T09:10:45.000Z</time>
      </trkpt>
      <trkpt lat="42.272072" lon="-6.780575">
        <ele>1399.3</ele>
        <time>2018-09-30T09:11:09.000Z</time>
      </trkpt>
      <trkpt lat="42.272052" lon="-6.780522">
        <ele>1399.4</ele>
        <time>2018-09-30T09:11:23.000Z</time>
      </trkpt>
      <trkpt lat="42.272062" lon="-6.780509">
        <ele>1399.3</ele>
        <time>2018-09-30T09:11:36.000Z</time>
        <cmt>ROBLE MILENARIO GIGANTE</cmt>
      </trkpt>
      <trkpt lat="42.272048" lon="-6.780507">
        <ele>1399.3</ele>
        <time>2018-09-30T09:11:54.000Z</time>
      </trkpt>
      <trkpt lat="42.272091" lon="-6.780482">
        <ele>1397.9</ele>
        <time>2018-09-30T09:12:12.000Z</time>
      </trkpt>
      <trkpt lat="42.272150" lon="-6.780484">
        <ele>1395.9</ele>
        <time>2018-09-30T09:12:22.000Z</time>
      </trkpt>
      <trkpt lat="42.272207" lon="-6.780578">
        <ele>1394.6</ele>
        <time>2018-09-30T09:12:32.000Z</time>
      </trkpt>
      <trkpt lat="42.272245" lon="-6.780584">
        <ele>1393.5</ele>
        <time>2018-09-30T09:12:40.000Z</time>
      </trkpt>
      <trkpt lat="42.272262" lon="-6.780581">
        <ele>1391.6</ele>
        <time>2018-09-30T09:12:51.000Z</time>
      </trkpt>
      <trkpt lat="42.272291" lon="-6.780561">
        <ele>1390.2</ele>
        <time>2018-09-30T09:13:01.000Z</time>
      </trkpt>
      <trkpt lat="42.272315" lon="-6.780498">
        <ele>1388.2</ele>
        <time>2018-09-30T09:13:11.000Z</time>
      </trkpt>
      <trkpt lat="42.272348" lon="-6.780472">
        <ele>1386.3</ele>
        <time>2018-09-30T09:13:20.000Z</time>
      </trkpt>
      <trkpt lat="42.272340" lon="-6.780443">
        <ele>1385.5</ele>
        <time>2018-09-30T09:13:30.000Z</time>
      </trkpt>
      <trkpt lat="42.272380" lon="-6.780417">
        <ele>1383.4</ele>
        <time>2018-09-30T09:13:39.000Z</time>
      </trkpt>
      <trkpt lat="42.272431" lon="-6.780424">
        <ele>1381.5</ele>
        <time>2018-09-30T09:13:55.000Z</time>
      </trkpt>
      <trkpt lat="42.272387" lon="-6.780388">
        <ele>1379.2</ele>
        <time>2018-09-30T09:14:08.000Z</time>
      </trkpt>
      <trkpt lat="42.272437" lon="-6.780317">
        <ele>1377.3</ele>
        <time>2018-09-30T09:14:19.000Z</time>
      </trkpt>
      <trkpt lat="42.272438" lon="-6.780276">
        <ele>1374.3</ele>
        <time>2018-09-30T09:14:29.000Z</time>
      </trkpt>
      <trkpt lat="42.272467" lon="-6.780230">
        <ele>1372.5</ele>
        <time>2018-09-30T09:14:40.000Z</time>
      </trkpt>
      <trkpt lat="42.272447" lon="-6.780180">
        <ele>1371.9</ele>
        <time>2018-09-30T09:14:51.000Z</time>
      </trkpt>
      <trkpt lat="42.272383" lon="-6.780134">
        <ele>1370.6</ele>
        <time>2018-09-30T09:15:04.000Z</time>
      </trkpt>
      <trkpt lat="42.272452" lon="-6.780078">
        <ele>1369.0</ele>
        <time>2018-09-30T09:15:13.000Z</time>
      </trkpt>
      <trkpt lat="42.272485" lon="-6.779994">
        <ele>1366.6</ele>
        <time>2018-09-30T09:15:26.000Z</time>
      </trkpt>
      <trkpt lat="42.272558" lon="-6.779951">
        <ele>1365.2</ele>
        <time>2018-09-30T09:15:39.000Z</time>
      </trkpt>
      <trkpt lat="42.272622" lon="-6.779934">
        <ele>1363.7</ele>
        <time>2018-09-30T09:15:56.000Z</time>
      </trkpt>
      <trkpt lat="42.272638" lon="-6.779916">
        <ele>1362.4</ele>
        <time>2018-09-30T09:16:04.000Z</time>
      </trkpt>
      <trkpt lat="42.272671" lon="-6.779915">
        <ele>1359.9</ele>
        <time>2018-09-30T09:16:16.000Z</time>
      </trkpt>
      <trkpt lat="42.272740" lon="-6.779978">
        <ele>1358.5</ele>
        <time>2018-09-30T09:16:29.000Z</time>
      </trkpt>
      <trkpt lat="42.272788" lon="-6.780046">
        <ele>1357.0</ele>
        <time>2018-09-30T09:16:42.000Z</time>
      </trkpt>
      <trkpt lat="42.272867" lon="-6.780148">
        <ele>1357.0</ele>
        <time>2018-09-30T09:16:59.000Z</time>
      </trkpt>
      <trkpt lat="42.272921" lon="-6.780252">
        <ele>1355.6</ele>
        <time>2018-09-30T09:17:15.000Z</time>
      </trkpt>
      <trkpt lat="42.272954" lon="-6.780306">
        <ele>1354.2</ele>
        <time>2018-09-30T09:17:26.000Z</time>
      </trkpt>
      <trkpt lat="42.272995" lon="-6.780318">
        <ele>1352.3</ele>
        <time>2018-09-30T09:17:31.000Z</time>
        <cmt>SENDA</cmt>
      </trkpt>
      <trkpt lat="42.273077" lon="-6.780382">
        <ele>1350.7</ele>
        <time>2018-09-30T09:17:49.000Z</time>
      </trkpt>
      <trkpt lat="42.273129" lon="-6.780385">
        <ele>1351.7</ele>
        <time>2018-09-30T09:17:57.000Z</time>
      </trkpt>
      <trkpt lat="42.273147" lon="-6.780371">
        <ele>1350.3</ele>
        <time>2018-09-30T09:17:59.000Z</time>
      </trkpt>
      <trkpt lat="42.273213" lon="-6.780428">
        <ele>1349.9</ele>
        <time>2018-09-30T09:18:10.000Z</time>
      </trkpt>
      <trkpt lat="42.273207" lon="-6.780444">
        <ele>1349.9</ele>
        <time>2018-09-30T09:18:27.000Z</time>
      </trkpt>
      <trkpt lat="42.273269" lon="-6.780427">
        <ele>1348.9</ele>
        <time>2018-09-30T09:18:43.000Z</time>
      </trkpt>
      <trkpt lat="42.273331" lon="-6.780451">
        <ele>1348.3</ele>
        <time>2018-09-30T09:18:52.000Z</time>
      </trkpt>
      <trkpt lat="42.273382" lon="-6.780470">
        <ele>1348.4</ele>
        <time>2018-09-30T09:19:07.000Z</time>
      </trkpt>
      <trkpt lat="42.273409" lon="-6.780464">
        <ele>1347.9</ele>
        <time>2018-09-30T09:19:12.000Z</time>
      </trkpt>
      <trkpt lat="42.273535" lon="-6.780467">
        <ele>1344.5</ele>
        <time>2018-09-30T09:19:24.000Z</time>
      </trkpt>
      <trkpt lat="42.273570" lon="-6.780421">
        <ele>1341.6</ele>
        <time>2018-09-30T09:19:35.000Z</time>
      </trkpt>
      <trkpt lat="42.273600" lon="-6.780389">
        <ele>1339.8</ele>
        <time>2018-09-30T09:19:44.000Z</time>
      </trkpt>
      <trkpt lat="42.273640" lon="-6.780371">
        <ele>1338.2</ele>
        <time>2018-09-30T09:19:59.000Z</time>
      </trkpt>
      <trkpt lat="42.273650" lon="-6.780370">
        <ele>1337.3</ele>
        <time>2018-09-30T09:20:01.000Z</time>
      </trkpt>
      <trkpt lat="42.273678" lon="-6.780350">
        <ele>1334.9</ele>
        <time>2018-09-30T09:20:12.000Z</time>
      </trkpt>
      <trkpt lat="42.273678" lon="-6.780312">
        <ele>1334.4</ele>
        <time>2018-09-30T09:20:36.000Z</time>
      </trkpt>
      <trkpt lat="42.273665" lon="-6.780313">
        <ele>1332.1</ele>
        <time>2018-09-30T09:20:52.000Z</time>
      </trkpt>
      <trkpt lat="42.273669" lon="-6.780310">
        <ele>1330.7</ele>
        <time>2018-09-30T09:21:04.000Z</time>
      </trkpt>
      <trkpt lat="42.273610" lon="-6.780233">
        <ele>1329.7</ele>
        <time>2018-09-30T09:21:21.000Z</time>
      </trkpt>
      <trkpt lat="42.273616" lon="-6.780184">
        <ele>1328.2</ele>
        <time>2018-09-30T09:21:32.000Z</time>
        <cmt>SALIDA DEL TEIXADAL - GRAN TEIXO - REGUEIRO DO PENEDO</cmt>
      </trkpt>
      <trkpt lat="42.273626" lon="-6.780167">
        <ele>1327.3</ele>
        <time>2018-09-30T09:21:36.000Z</time>
      </trkpt>
      <trkpt lat="42.273630" lon="-6.780168">
        <ele>1328.6</ele>
        <time>2018-09-30T09:21:38.000Z</time>
      </trkpt>
      <trkpt lat="42.273665" lon="-6.780193">
        <ele>1328.6</ele>
        <time>2018-09-30T09:21:56.000Z</time>
      </trkpt>
      <trkpt lat="42.273643" lon="-6.780212">
        <ele>1328.7</ele>
        <time>2018-09-30T09:22:07.000Z</time>
      </trkpt>
      <trkpt lat="42.273644" lon="-6.780199">
        <ele>1329.1</ele>
        <time>2018-09-30T09:22:21.000Z</time>
      </trkpt>
      <trkpt lat="42.273648" lon="-6.780171">
        <ele>1329.1</ele>
        <time>2018-09-30T09:22:38.000Z</time>
      </trkpt>
      <trkpt lat="42.273652" lon="-6.780126">
        <ele>1327.7</ele>
        <time>2018-09-30T09:22:49.000Z</time>
      </trkpt>
      <trkpt lat="42.273648" lon="-6.780096">
        <ele>1330.2</ele>
        <time>2018-09-30T09:23:04.000Z</time>
      </trkpt>
      <trkpt lat="42.273685" lon="-6.780093">
        <ele>1330.1</ele>
        <time>2018-09-30T09:23:23.000Z</time>
      </trkpt>
      <trkpt lat="42.273756" lon="-6.780046">
        <ele>1330.6</ele>
        <time>2018-09-30T09:23:29.000Z</time>
      </trkpt>
      <trkpt lat="42.273805" lon="-6.779977">
        <ele>1331.6</ele>
        <time>2018-09-30T09:23:41.000Z</time>
      </trkpt>
      <trkpt lat="42.273838" lon="-6.780023">
        <ele>1331.6</ele>
        <time>2018-09-30T09:23:50.000Z</time>
      </trkpt>
      <trkpt lat="42.273939" lon="-6.780027">
        <ele>1329.1</ele>
        <time>2018-09-30T09:23:59.000Z</time>
      </trkpt>
      <trkpt lat="42.273991" lon="-6.780001">
        <ele>1330.6</ele>
        <time>2018-09-30T09:24:04.000Z</time>
      </trkpt>
      <trkpt lat="42.274077" lon="-6.779928">
        <ele>1334.0</ele>
        <time>2018-09-30T09:24:14.000Z</time>
      </trkpt>
      <trkpt lat="42.274102" lon="-6.779903">
        <ele>1334.4</ele>
        <time>2018-09-30T09:24:17.000Z</time>
      </trkpt>
      <trkpt lat="42.274163" lon="-6.779856">
        <ele>1335.5</ele>
        <time>2018-09-30T09:24:23.000Z</time>
      </trkpt>
      <trkpt lat="42.274250" lon="-6.779803">
        <ele>1336.3</ele>
        <time>2018-09-30T09:24:34.000Z</time>
      </trkpt>
      <trkpt lat="42.274339" lon="-6.779743">
        <ele>1338.2</ele>
        <time>2018-09-30T09:24:45.000Z</time>
      </trkpt>
      <trkpt lat="42.274416" lon="-6.779679">
        <ele>1340.3</ele>
        <time>2018-09-30T09:24:56.000Z</time>
      </trkpt>
      <trkpt lat="42.274433" lon="-6.779675">
        <ele>1340.3</ele>
        <time>2018-09-30T09:24:58.000Z</time>
      </trkpt>
      <trkpt lat="42.274539" lon="-6.779707">
        <ele>1341.1</ele>
        <time>2018-09-30T09:25:09.000Z</time>
      </trkpt>
      <trkpt lat="42.274609" lon="-6.779685">
        <ele>1341.6</ele>
        <time>2018-09-30T09:25:19.000Z</time>
      </trkpt>
      <trkpt lat="42.274629" lon="-6.779687">
        <ele>1342.2</ele>
        <time>2018-09-30T09:25:29.000Z</time>
      </trkpt>
      <trkpt lat="42.274614" lon="-6.779687">
        <ele>1342.6</ele>
        <time>2018-09-30T09:25:45.000Z</time>
        <cmt>MIRADOR NATURAL AL TEIXADAL</cmt>
      </trkpt>
      <trkpt lat="42.274624" lon="-6.779701">
        <ele>1342.6</ele>
        <time>2018-09-30T09:26:07.000Z</time>
      </trkpt>
      <trkpt lat="42.274633" lon="-6.779717">
        <ele>1338.7</ele>
        <time>2018-09-30T09:26:13.000Z</time>
      </trkpt>
      <trkpt lat="42.274633" lon="-6.779717">
        <ele>1344.1</ele>
        <time>2018-09-30T09:26:14.000Z</time>
      </trkpt>
      <trkpt lat="42.274633" lon="-6.779716">
        <ele>1344.0</ele>
        <time>2018-09-30T09:26:15.000Z</time>
      </trkpt>
      <trkpt lat="42.274637" lon="-6.779709">
        <ele>1342.1</ele>
        <time>2018-09-30T09:26:17.000Z</time>
      </trkpt>
      <trkpt lat="42.274643" lon="-6.779700">
        <ele>1342.1</ele>
        <time>2018-09-30T09:26:18.000Z</time>
      </trkpt>
      <trkpt lat="42.274667" lon="-6.779682">
        <ele>1342.1</ele>
        <time>2018-09-30T09:26:27.000Z</time>
      </trkpt>
      <trkpt lat="42.274680" lon="-6.779662">
        <ele>1342.2</ele>
        <time>2018-09-30T09:26:29.000Z</time>
      </trkpt>
      <trkpt lat="42.274721" lon="-6.779615">
        <ele>1342.2</ele>
        <time>2018-09-30T09:26:34.000Z</time>
      </trkpt>
      <trkpt lat="42.274804" lon="-6.779515">
        <ele>1343.2</ele>
        <time>2018-09-30T09:26:45.000Z</time>
      </trkpt>
      <trkpt lat="42.274887" lon="-6.779435">
        <ele>1344.1</ele>
        <time>2018-09-30T09:26:56.000Z</time>
      </trkpt>
      <trkpt lat="42.274893" lon="-6.779430">
        <ele>1344.0</ele>
        <time>2018-09-30T09:27:00.000Z</time>
      </trkpt>
      <trkpt lat="42.274942" lon="-6.779378">
        <ele>1344.5</ele>
        <time>2018-09-30T09:27:05.000Z</time>
      </trkpt>
      <trkpt lat="42.275030" lon="-6.779234">
        <ele>1345.6</ele>
        <time>2018-09-30T09:27:16.000Z</time>
      </trkpt>
      <trkpt lat="42.275027" lon="-6.779202">
        <ele>1346.0</ele>
        <time>2018-09-30T09:27:31.000Z</time>
      </trkpt>
      <trkpt lat="42.275039" lon="-6.779181">
        <ele>1345.9</ele>
        <time>2018-09-30T09:27:41.000Z</time>
        <cmt>REGO</cmt>
      </trkpt>
      <trkpt lat="42.275159" lon="-6.779191">
        <ele>1345.9</ele>
        <time>2018-09-30T09:27:53.000Z</time>
      </trkpt>
      <trkpt lat="42.275183" lon="-6.779192">
        <ele>1345.9</ele>
        <time>2018-09-30T09:27:55.000Z</time>
      </trkpt>
      <trkpt lat="42.275307" lon="-6.779165">
        <ele>1345.9</ele>
        <time>2018-09-30T09:28:08.000Z</time>
      </trkpt>
      <trkpt lat="42.275392" lon="-6.779130">
        <ele>1346.9</ele>
        <time>2018-09-30T09:28:16.000Z</time>
      </trkpt>
      <trkpt lat="42.275554" lon="-6.779089">
        <ele>1347.4</ele>
        <time>2018-09-30T09:28:29.000Z</time>
      </trkpt>
      <trkpt lat="42.275690" lon="-6.779028">
        <ele>1348.8</ele>
        <time>2018-09-30T09:28:41.000Z</time>
      </trkpt>
      <trkpt lat="42.275813" lon="-6.778926">
        <ele>1349.4</ele>
        <time>2018-09-30T09:28:52.000Z</time>
      </trkpt>
      <trkpt lat="42.275978" lon="-6.778852">
        <ele>1350.3</ele>
        <time>2018-09-30T09:29:05.000Z</time>
      </trkpt>
      <trkpt lat="42.276029" lon="-6.778827">
        <ele>1350.7</ele>
        <time>2018-09-30T09:29:09.000Z</time>
      </trkpt>
      <trkpt lat="42.276064" lon="-6.778811">
        <ele>1351.3</ele>
        <time>2018-09-30T09:29:19.000Z</time>
      </trkpt>
      <trkpt lat="42.276066" lon="-6.778807">
        <ele>1350.8</ele>
        <time>2018-09-30T09:29:24.000Z</time>
      </trkpt>
      <trkpt lat="42.276163" lon="-6.778697">
        <ele>1351.2</ele>
        <time>2018-09-30T09:29:34.000Z</time>
      </trkpt>
      <trkpt lat="42.276277" lon="-6.778486">
        <ele>1352.2</ele>
        <time>2018-09-30T09:29:49.000Z</time>
      </trkpt>
      <trkpt lat="42.276343" lon="-6.778309">
        <ele>1352.7</ele>
        <time>2018-09-30T09:30:01.000Z</time>
      </trkpt>
      <trkpt lat="42.276413" lon="-6.778180">
        <ele>1353.2</ele>
        <time>2018-09-30T09:30:13.000Z</time>
      </trkpt>
      <trkpt lat="42.276418" lon="-6.778140">
        <ele>1353.1</ele>
        <time>2018-09-30T09:30:16.000Z</time>
      </trkpt>
      <trkpt lat="42.276472" lon="-6.777968">
        <ele>1353.6</ele>
        <time>2018-09-30T09:30:30.000Z</time>
      </trkpt>
      <trkpt lat="42.276531" lon="-6.777815">
        <ele>1353.7</ele>
        <time>2018-09-30T09:30:45.000Z</time>
      </trkpt>
      <trkpt lat="42.276570" lon="-6.777713">
        <ele>1355.1</ele>
        <time>2018-09-30T09:30:57.000Z</time>
      </trkpt>
      <trkpt lat="42.276608" lon="-6.777585">
        <ele>1356.5</ele>
        <time>2018-09-30T09:31:09.000Z</time>
      </trkpt>
      <trkpt lat="42.276634" lon="-6.777437">
        <ele>1357.0</ele>
        <time>2018-09-30T09:31:21.000Z</time>
      </trkpt>
      <trkpt lat="42.276657" lon="-6.777331">
        <ele>1358.0</ele>
        <time>2018-09-30T09:31:32.000Z</time>
      </trkpt>
      <trkpt lat="42.276681" lon="-6.777251">
        <ele>1358.0</ele>
        <time>2018-09-30T09:31:42.000Z</time>
        <cmt>SENDA</cmt>
      </trkpt>
      <trkpt lat="42.276706" lon="-6.777118">
        <ele>1358.0</ele>
        <time>2018-09-30T09:31:55.000Z</time>
      </trkpt>
      <trkpt lat="42.276760" lon="-6.776985">
        <ele>1357.5</ele>
        <time>2018-09-30T09:32:07.000Z</time>
      </trkpt>
      <trkpt lat="42.276809" lon="-6.776835">
        <ele>1357.5</ele>
        <time>2018-09-30T09:32:20.000Z</time>
      </trkpt>
      <trkpt lat="42.276812" lon="-6.776816">
        <ele>1358.0</ele>
        <time>2018-09-30T09:32:31.000Z</time>
      </trkpt>
      <trkpt lat="42.276812" lon="-6.776814">
        <ele>1358.0</ele>
        <time>2018-09-30T09:32:42.000Z</time>
      </trkpt>
      <trkpt lat="42.276841" lon="-6.776722">
        <ele>1358.5</ele>
        <time>2018-09-30T09:32:49.000Z</time>
      </trkpt>
      <trkpt lat="42.276860" lon="-6.776640">
        <ele>1359.9</ele>
        <time>2018-09-30T09:32:56.000Z</time>
      </trkpt>
      <trkpt lat="42.276919" lon="-6.776480">
        <ele>1360.9</ele>
        <time>2018-09-30T09:33:09.000Z</time>
      </trkpt>
      <trkpt lat="42.276932" lon="-6.776449">
        <ele>1361.4</ele>
        <time>2018-09-30T09:33:12.000Z</time>
      </trkpt>
      <trkpt lat="42.277009" lon="-6.776298">
        <ele>1362.4</ele>
        <time>2018-09-30T09:33:24.000Z</time>
      </trkpt>
      <trkpt lat="42.277031" lon="-6.776236">
        <ele>1363.2</ele>
        <time>2018-09-30T09:33:32.000Z</time>
      </trkpt>
      <trkpt lat="42.277084" lon="-6.776095">
        <ele>1363.2</ele>
        <time>2018-09-30T09:33:45.000Z</time>
      </trkpt>
      <trkpt lat="42.277130" lon="-6.775983">
        <ele>1363.3</ele>
        <time>2018-09-30T09:33:56.000Z</time>
      </trkpt>
      <trkpt lat="42.277184" lon="-6.775884">
        <ele>1363.2</ele>
        <time>2018-09-30T09:34:07.000Z</time>
      </trkpt>
      <trkpt lat="42.277241" lon="-6.775771">
        <ele>1361.8</ele>
        <time>2018-09-30T09:34:18.000Z</time>
      </trkpt>
      <trkpt lat="42.277301" lon="-6.775676">
        <ele>1361.9</ele>
        <time>2018-09-30T09:34:29.000Z</time>
      </trkpt>
      <trkpt lat="42.277353" lon="-6.775565">
        <ele>1362.9</ele>
        <time>2018-09-30T09:34:41.000Z</time>
      </trkpt>
      <trkpt lat="42.277405" lon="-6.775466">
        <ele>1363.3</ele>
        <time>2018-09-30T09:34:55.000Z</time>
      </trkpt>
      <trkpt lat="42.277450" lon="-6.775360">
        <ele>1365.7</ele>
        <time>2018-09-30T09:35:09.000Z</time>
      </trkpt>
      <trkpt lat="42.277430" lon="-6.775276">
        <ele>1369.1</ele>
        <time>2018-09-30T09:35:21.000Z</time>
      </trkpt>
      <trkpt lat="42.277451" lon="-6.775163">
        <ele>1370.9</ele>
        <time>2018-09-30T09:35:35.000Z</time>
      </trkpt>
      <trkpt lat="42.277433" lon="-6.775075">
        <ele>1373.3</ele>
        <time>2018-09-30T09:35:49.000Z</time>
      </trkpt>
      <trkpt lat="42.277532" lon="-6.774971">
        <ele>1373.9</ele>
        <time>2018-09-30T09:36:02.000Z</time>
      </trkpt>
      <trkpt lat="42.277544" lon="-6.774958">
        <ele>1372.5</ele>
        <time>2018-09-30T09:36:04.000Z</time>
      </trkpt>
      <trkpt lat="42.277583" lon="-6.774912">
        <ele>1370.0</ele>
        <time>2018-09-30T09:36:15.000Z</time>
      </trkpt>
      <trkpt lat="42.277593" lon="-6.774854">
        <ele>1368.5</ele>
        <time>2018-09-30T09:36:26.000Z</time>
      </trkpt>
      <trkpt lat="42.277597" lon="-6.774815">
        <ele>1367.1</ele>
        <time>2018-09-30T09:36:35.000Z</time>
      </trkpt>
      <trkpt lat="42.277622" lon="-6.774771">
        <ele>1366.2</ele>
        <time>2018-09-30T09:36:46.000Z</time>
      </trkpt>
      <trkpt lat="42.277636" lon="-6.774789">
        <ele>1366.6</ele>
        <time>2018-09-30T09:36:53.000Z</time>
        <cmt>REGO DOS VALELLOS</cmt>
      </trkpt>
      <trkpt lat="42.277636" lon="-6.774803">
        <ele>1366.6</ele>
        <time>2018-09-30T09:37:13.000Z</time>
      </trkpt>
      <trkpt lat="42.277644" lon="-6.774806">
        <ele>1366.7</ele>
        <time>2018-09-30T09:37:23.000Z</time>
      </trkpt>
      <trkpt lat="42.277632" lon="-6.774804">
        <ele>1365.2</ele>
        <time>2018-09-30T09:37:39.000Z</time>
      </trkpt>
      <trkpt lat="42.277700" lon="-6.774867">
        <ele>1367.1</ele>
        <time>2018-09-30T09:37:49.000Z</time>
      </trkpt>
      <trkpt lat="42.277749" lon="-6.774986">
        <ele>1367.6</ele>
        <time>2018-09-30T09:37:56.000Z</time>
      </trkpt>
      <trkpt lat="42.277832" lon="-6.775184">
        <ele>1366.1</ele>
        <time>2018-09-30T09:38:08.000Z</time>
      </trkpt>
      <trkpt lat="42.277894" lon="-6.775295">
        <ele>1365.6</ele>
        <time>2018-09-30T09:38:18.000Z</time>
      </trkpt>
      <trkpt lat="42.277892" lon="-6.775393">
        <ele>1365.7</ele>
        <time>2018-09-30T09:38:23.000Z</time>
      </trkpt>
      <trkpt lat="42.277907" lon="-6.775554">
        <ele>1366.6</ele>
        <time>2018-09-30T09:38:35.000Z</time>
      </trkpt>
      <trkpt lat="42.277934" lon="-6.775658">
        <ele>1366.6</ele>
        <time>2018-09-30T09:38:45.000Z</time>
      </trkpt>
      <trkpt lat="42.277952" lon="-6.775725">
        <ele>1366.6</ele>
        <time>2018-09-30T09:38:54.000Z</time>
      </trkpt>
      <trkpt lat="42.277976" lon="-6.775800">
        <ele>1366.7</ele>
        <time>2018-09-30T09:39:05.000Z</time>
      </trkpt>
      <trkpt lat="42.277982" lon="-6.775824">
        <ele>1366.7</ele>
        <time>2018-09-30T09:39:07.000Z</time>
      </trkpt>
      <trkpt lat="42.278014" lon="-6.775958">
        <ele>1367.2</ele>
        <time>2018-09-30T09:39:15.000Z</time>
      </trkpt>
      <trkpt lat="42.278032" lon="-6.776083">
        <ele>1367.6</ele>
        <time>2018-09-30T09:39:28.000Z</time>
      </trkpt>
      <trkpt lat="42.278065" lon="-6.776242">
        <ele>1368.6</ele>
        <time>2018-09-30T09:39:38.000Z</time>
      </trkpt>
      <trkpt lat="42.278075" lon="-6.776287">
        <ele>1368.6</ele>
        <time>2018-09-30T09:39:44.000Z</time>
      </trkpt>
      <trkpt lat="42.278100" lon="-6.776380">
        <ele>1368.6</ele>
        <time>2018-09-30T09:39:57.000Z</time>
      </trkpt>
      <trkpt lat="42.278098" lon="-6.776399">
        <ele>1368.5</ele>
        <time>2018-09-30T09:40:09.000Z</time>
      </trkpt>
      <trkpt lat="42.278124" lon="-6.776409">
        <ele>1368.5</ele>
        <time>2018-09-30T09:40:14.000Z</time>
      </trkpt>
      <trkpt lat="42.278112" lon="-6.776390">
        <ele>1368.5</ele>
        <time>2018-09-30T09:40:22.000Z</time>
      </trkpt>
      <trkpt lat="42.278109" lon="-6.776377">
        <ele>1367.1</ele>
        <time>2018-09-30T09:40:26.000Z</time>
        <cmt>BAJADA O SUBIDA ANTIGUA - LA CABRITA - TEIXADAL</cmt>
      </trkpt>
      <trkpt lat="42.278110" lon="-6.776382">
        <ele>1367.1</ele>
        <time>2018-09-30T09:40:27.000Z</time>
      </trkpt>
      <trkpt lat="42.278152" lon="-6.776604">
        <ele>1368.6</ele>
        <time>2018-09-30T09:40:43.000Z</time>
      </trkpt>
      <trkpt lat="42.278186" lon="-6.776769">
        <ele>1368.6</ele>
        <time>2018-09-30T09:40:55.000Z</time>
      </trkpt>
      <trkpt lat="42.278229" lon="-6.776933">
        <ele>1368.6</ele>
        <time>2018-09-30T09:41:08.000Z</time>
      </trkpt>
      <trkpt lat="42.278247" lon="-6.777047">
        <ele>1367.1</ele>
        <time>2018-09-30T09:41:17.000Z</time>
      </trkpt>
      <trkpt lat="42.278263" lon="-6.777092">
        <ele>1367.1</ele>
        <time>2018-09-30T09:41:20.000Z</time>
      </trkpt>
      <trkpt lat="42.278290" lon="-6.777151">
        <ele>1366.6</ele>
        <time>2018-09-30T09:41:25.000Z</time>
      </trkpt>
      <trkpt lat="42.278393" lon="-6.777366">
        <ele>1366.7</ele>
        <time>2018-09-30T09:41:41.000Z</time>
      </trkpt>
      <trkpt lat="42.278426" lon="-6.777408">
        <ele>1367.6</ele>
        <time>2018-09-30T09:41:45.000Z</time>
      </trkpt>
      <trkpt lat="42.278529" lon="-6.777447">
        <ele>1369.1</ele>
        <time>2018-09-30T09:41:58.000Z</time>
      </trkpt>
      <trkpt lat="42.278638" lon="-6.777516">
        <ele>1368.5</ele>
        <time>2018-09-30T09:42:11.000Z</time>
      </trkpt>
      <trkpt lat="42.278757" lon="-6.777582">
        <ele>1368.5</ele>
        <time>2018-09-30T09:42:24.000Z</time>
      </trkpt>
      <trkpt lat="42.278878" lon="-6.777630">
        <ele>1370.0</ele>
        <time>2018-09-30T09:42:38.000Z</time>
      </trkpt>
      <trkpt lat="42.279031" lon="-6.777614">
        <ele>1370.6</ele>
        <time>2018-09-30T09:42:53.000Z</time>
      </trkpt>
      <trkpt lat="42.279095" lon="-6.777601">
        <ele>1371.4</ele>
        <time>2018-09-30T09:42:58.000Z</time>
      </trkpt>
      <trkpt lat="42.279251" lon="-6.777560">
        <ele>1373.3</ele>
        <time>2018-09-30T09:43:12.000Z</time>
      </trkpt>
      <trkpt lat="42.279408" lon="-6.777553">
        <ele>1374.9</ele>
        <time>2018-09-30T09:43:27.000Z</time>
      </trkpt>
      <trkpt lat="42.279530" lon="-6.777558">
        <ele>1375.3</ele>
        <time>2018-09-30T09:43:39.000Z</time>
      </trkpt>
      <trkpt lat="42.279673" lon="-6.777575">
        <ele>1375.3</ele>
        <time>2018-09-30T09:43:52.000Z</time>
      </trkpt>
      <trkpt lat="42.279765" lon="-6.777566">
        <ele>1375.7</ele>
        <time>2018-09-30T09:44:03.000Z</time>
      </trkpt>
      <trkpt lat="42.279823" lon="-6.777534">
        <ele>1376.8</ele>
        <time>2018-09-30T09:44:09.000Z</time>
      </trkpt>
      <trkpt lat="42.279952" lon="-6.777519">
        <ele>1378.1</ele>
        <time>2018-09-30T09:44:21.000Z</time>
      </trkpt>
      <trkpt lat="42.280053" lon="-6.777600">
        <ele>1379.1</ele>
        <time>2018-09-30T09:44:33.000Z</time>
      </trkpt>
      <trkpt lat="42.280068" lon="-6.777640">
        <ele>1379.1</ele>
        <time>2018-09-30T09:44:36.000Z</time>
      </trkpt>
      <trkpt lat="42.280158" lon="-6.777721">
        <ele>1379.7</ele>
        <time>2018-09-30T09:44:47.000Z</time>
      </trkpt>
      <trkpt lat="42.280185" lon="-6.777751">
        <ele>1380.6</ele>
        <time>2018-09-30T09:44:50.000Z</time>
      </trkpt>
      <trkpt lat="42.280248" lon="-6.777802">
        <ele>1381.6</ele>
        <time>2018-09-30T09:45:01.000Z</time>
      </trkpt>
      <trkpt lat="42.280345" lon="-6.777930">
        <ele>1381.6</ele>
        <time>2018-09-30T09:45:14.000Z</time>
      </trkpt>
      <trkpt lat="42.280433" lon="-6.778053">
        <ele>1382.6</ele>
        <time>2018-09-30T09:45:28.000Z</time>
      </trkpt>
      <trkpt lat="42.280523" lon="-6.778155">
        <ele>1383.0</ele>
        <time>2018-09-30T09:45:40.000Z</time>
      </trkpt>
      <trkpt lat="42.280586" lon="-6.778227">
        <ele>1383.9</ele>
        <time>2018-09-30T09:45:50.000Z</time>
      </trkpt>
      <trkpt lat="42.280699" lon="-6.778345">
        <ele>1384.9</ele>
        <time>2018-09-30T09:46:04.000Z</time>
      </trkpt>
      <trkpt lat="42.280780" lon="-6.778421">
        <ele>1385.4</ele>
        <time>2018-09-30T09:46:15.000Z</time>
      </trkpt>
      <trkpt lat="42.280888" lon="-6.778520">
        <ele>1386.3</ele>
        <time>2018-09-30T09:46:28.000Z</time>
      </trkpt>
      <trkpt lat="42.280983" lon="-6.778532">
        <ele>1387.8</ele>
        <time>2018-09-30T09:46:39.000Z</time>
      </trkpt>
      <trkpt lat="42.281021" lon="-6.778497">
        <ele>1388.2</ele>
        <time>2018-09-30T09:46:45.000Z</time>
      </trkpt>
      <trkpt lat="42.281115" lon="-6.778463">
        <ele>1386.4</ele>
        <time>2018-09-30T09:46:55.000Z</time>
      </trkpt>
      <trkpt lat="42.281172" lon="-6.778460">
        <ele>1386.8</ele>
        <time>2018-09-30T09:47:03.000Z</time>
      </trkpt>
      <trkpt lat="42.281221" lon="-6.778605">
        <ele>1389.2</ele>
        <time>2018-09-30T09:47:15.000Z</time>
      </trkpt>
      <trkpt lat="42.281289" lon="-6.778689">
        <ele>1390.3</ele>
        <time>2018-09-30T09:47:25.000Z</time>
      </trkpt>
      <trkpt lat="42.281297" lon="-6.778693">
        <ele>1390.2</ele>
        <time>2018-09-30T09:47:26.000Z</time>
      </trkpt>
      <trkpt lat="42.281381" lon="-6.778770">
        <ele>1390.2</ele>
        <time>2018-09-30T09:47:39.000Z</time>
      </trkpt>
      <trkpt lat="42.281404" lon="-6.778848">
        <ele>1390.6</ele>
        <time>2018-09-30T09:47:47.000Z</time>
      </trkpt>
      <trkpt lat="42.281487" lon="-6.778906">
        <ele>1392.7</ele>
        <time>2018-09-30T09:47:59.000Z</time>
      </trkpt>
      <trkpt lat="42.281500" lon="-6.778959">
        <ele>1392.6</ele>
        <time>2018-09-30T09:48:04.000Z</time>
      </trkpt>
      <trkpt lat="42.281502" lon="-6.779001">
        <ele>1392.7</ele>
        <time>2018-09-30T09:48:07.000Z</time>
      </trkpt>
      <trkpt lat="42.281482" lon="-6.779055">
        <ele>1391.6</ele>
        <time>2018-09-30T09:48:11.000Z</time>
      </trkpt>
      <trkpt lat="42.281509" lon="-6.779191">
        <ele>1391.6</ele>
        <time>2018-09-30T09:48:23.000Z</time>
      </trkpt>
      <trkpt lat="42.281531" lon="-6.779327">
        <ele>1391.6</ele>
        <time>2018-09-30T09:48:34.000Z</time>
      </trkpt>
      <trkpt lat="42.281527" lon="-6.779404">
        <ele>1391.6</ele>
        <time>2018-09-30T09:48:47.000Z</time>
      </trkpt>
      <trkpt lat="42.281519" lon="-6.779441">
        <ele>1391.7</ele>
        <time>2018-09-30T09:48:58.000Z</time>
      </trkpt>
      <trkpt lat="42.281495" lon="-6.779423">
        <ele>1391.2</ele>
        <time>2018-09-30T09:49:11.000Z</time>
      </trkpt>
      <trkpt lat="42.281508" lon="-6.779403">
        <ele>1390.2</ele>
        <time>2018-09-30T09:49:20.000Z</time>
      </trkpt>
      <trkpt lat="42.281520" lon="-6.779362">
        <ele>1392.2</ele>
        <time>2018-09-30T09:49:28.000Z</time>
        <cmt>DESVÍO IZQUIERDA (SE PUEDE CONTINUAR RECTO SOBRE LA BOCAMINA...</cmt>
      </trkpt>
      <trkpt lat="42.281523" lon="-6.779359">
        <ele>1392.2</ele>
        <time>2018-09-30T09:49:47.000Z</time>
      </trkpt>
      <trkpt lat="42.281506" lon="-6.779431">
        <ele>1391.2</ele>
        <time>2018-09-30T09:49:56.000Z</time>
      </trkpt>
      <trkpt lat="42.281452" lon="-6.779485">
        <ele>1388.7</ele>
        <time>2018-09-30T09:50:06.000Z</time>
      </trkpt>
      <trkpt lat="42.281422" lon="-6.779564">
        <ele>1386.3</ele>
        <time>2018-09-30T09:50:15.000Z</time>
      </trkpt>
      <trkpt lat="42.281409" lon="-6.779587">
        <ele>1385.8</ele>
        <time>2018-09-30T09:50:17.000Z</time>
      </trkpt>
      <trkpt lat="42.281441" lon="-6.779722">
        <ele>1385.8</ele>
        <time>2018-09-30T09:50:29.000Z</time>
      </trkpt>
      <trkpt lat="42.281463" lon="-6.779747">
        <ele>1385.8</ele>
        <time>2018-09-30T09:50:39.000Z</time>
      </trkpt>
      <trkpt lat="42.281481" lon="-6.779741">
        <ele>1386.4</ele>
        <time>2018-09-30T09:50:57.000Z</time>
      </trkpt>
      <trkpt lat="42.281494" lon="-6.779730">
        <ele>1386.3</ele>
        <time>2018-09-30T09:51:00.000Z</time>
        <cmt>BOCAMINA DE WOLFRAMIO - CAMINO</cmt>
      </trkpt>
      <trkpt lat="42.281491" lon="-6.779734">
        <ele>1386.9</ele>
        <time>2018-09-30T09:51:10.000Z</time>
      </trkpt>
      <trkpt lat="42.281491" lon="-6.779732">
        <ele>1386.9</ele>
        <time>2018-09-30T09:51:34.000Z</time>
      </trkpt>
      <trkpt lat="42.281474" lon="-6.779746">
        <ele>1386.9</ele>
        <time>2018-09-30T09:51:53.000Z</time>
      </trkpt>
      <trkpt lat="42.281463" lon="-6.779728">
        <ele>1386.9</ele>
        <time>2018-09-30T09:52:08.000Z</time>
      </trkpt>
      <trkpt lat="42.281493" lon="-6.779718">
        <ele>1386.9</ele>
        <time>2018-09-30T09:52:32.000Z</time>
      </trkpt>
      <trkpt lat="42.281480" lon="-6.779752">
        <ele>1386.8</ele>
        <time>2018-09-30T09:52:49.000Z</time>
      </trkpt>
      <trkpt lat="42.281460" lon="-6.779784">
        <ele>1387.3</ele>
        <time>2018-09-30T09:52:51.000Z</time>
      </trkpt>
      <trkpt lat="42.281436" lon="-6.779862">
        <ele>1387.3</ele>
        <time>2018-09-30T09:52:56.000Z</time>
      </trkpt>
      <trkpt lat="42.281482" lon="-6.779997">
        <ele>1389.7</ele>
        <time>2018-09-30T09:53:07.000Z</time>
      </trkpt>
      <trkpt lat="42.281520" lon="-6.780104">
        <ele>1391.6</ele>
        <time>2018-09-30T09:53:16.000Z</time>
      </trkpt>
      <trkpt lat="42.281556" lon="-6.780292">
        <ele>1394.6</ele>
        <time>2018-09-30T09:53:29.000Z</time>
      </trkpt>
      <trkpt lat="42.281582" lon="-6.780553">
        <ele>1396.9</ele>
        <time>2018-09-30T09:53:43.000Z</time>
      </trkpt>
      <trkpt lat="42.281580" lon="-6.780786">
        <ele>1397.5</ele>
        <time>2018-09-30T09:53:57.000Z</time>
      </trkpt>
      <trkpt lat="42.281571" lon="-6.780879">
        <ele>1398.3</ele>
        <time>2018-09-30T09:54:10.000Z</time>
      </trkpt>
      <trkpt lat="42.281536" lon="-6.781111">
        <ele>1400.7</ele>
        <time>2018-09-30T09:54:24.000Z</time>
      </trkpt>
      <trkpt lat="42.281498" lon="-6.781345">
        <ele>1403.1</ele>
        <time>2018-09-30T09:54:39.000Z</time>
      </trkpt>
      <trkpt lat="42.281477" lon="-6.781347">
        <ele>1403.1</ele>
        <time>2018-09-30T09:54:50.000Z</time>
      </trkpt>
      <trkpt lat="42.281516" lon="-6.781380">
        <ele>1403.1</ele>
        <time>2018-09-30T09:55:01.000Z</time>
      </trkpt>
      <trkpt lat="42.281534" lon="-6.781343">
        <ele>1403.1</ele>
        <time>2018-09-30T09:55:08.000Z</time>
      </trkpt>
      <trkpt lat="42.281541" lon="-6.781370">
        <ele>1403.1</ele>
        <time>2018-09-30T09:55:14.000Z</time>
      </trkpt>
      <trkpt lat="42.281546" lon="-6.781414">
        <ele>1403.1</ele>
        <time>2018-09-30T09:55:18.000Z</time>
        <cmt>MIRADOR NATURAL AL TEIXADAL</cmt>
      </trkpt>
      <trkpt lat="42.281718" lon="-6.781532">
        <ele>1403.2</ele>
        <time>2018-09-30T09:55:34.000Z</time>
      </trkpt>
      <trkpt lat="42.281848" lon="-6.781593">
        <ele>1405.1</ele>
        <time>2018-09-30T09:55:47.000Z</time>
      </trkpt>
      <trkpt lat="42.282004" lon="-6.781615">
        <ele>1408.5</ele>
        <time>2018-09-30T09:56:03.000Z</time>
      </trkpt>
      <trkpt lat="42.282154" lon="-6.781607">
        <ele>1410.9</ele>
        <time>2018-09-30T09:56:18.000Z</time>
      </trkpt>
      <trkpt lat="42.282333" lon="-6.781570">
        <ele>1412.7</ele>
        <time>2018-09-30T09:56:33.000Z</time>
      </trkpt>
      <trkpt lat="42.282481" lon="-6.781619">
        <ele>1412.7</ele>
        <time>2018-09-30T09:56:48.000Z</time>
      </trkpt>
      <trkpt lat="42.282585" lon="-6.781695">
        <ele>1411.9</ele>
        <time>2018-09-30T09:56:58.000Z</time>
      </trkpt>
      <trkpt lat="42.282808" lon="-6.781801">
        <ele>1411.3</ele>
        <time>2018-09-30T09:57:13.000Z</time>
      </trkpt>
      <trkpt lat="42.282958" lon="-6.781836">
        <ele>1412.4</ele>
        <time>2018-09-30T09:57:23.000Z</time>
      </trkpt>
      <trkpt lat="42.283031" lon="-6.781995">
        <ele>1412.3</ele>
        <time>2018-09-30T09:57:33.000Z</time>
      </trkpt>
      <trkpt lat="42.283035" lon="-6.782057">
        <ele>1412.3</ele>
        <time>2018-09-30T09:57:36.000Z</time>
      </trkpt>
      <trkpt lat="42.283034" lon="-6.782145">
        <ele>1412.3</ele>
        <time>2018-09-30T09:57:40.000Z</time>
      </trkpt>
      <trkpt lat="42.283052" lon="-6.782435">
        <ele>1414.3</ele>
        <time>2018-09-30T09:57:55.000Z</time>
      </trkpt>
      <trkpt lat="42.283054" lon="-6.782644">
        <ele>1415.2</ele>
        <time>2018-09-30T09:58:09.000Z</time>
      </trkpt>
      <trkpt lat="42.283058" lon="-6.782706">
        <ele>1415.3</ele>
        <time>2018-09-30T09:58:19.000Z</time>
      </trkpt>
      <trkpt lat="42.283052" lon="-6.782790">
        <ele>1415.2</ele>
        <time>2018-09-30T09:58:25.000Z</time>
      </trkpt>
      <trkpt lat="42.283067" lon="-6.782838">
        <ele>1415.3</ele>
        <time>2018-09-30T09:58:36.000Z</time>
      </trkpt>
      <trkpt lat="42.283091" lon="-6.783086">
        <ele>1415.6</ele>
        <time>2018-09-30T09:58:51.000Z</time>
      </trkpt>
      <trkpt lat="42.283118" lon="-6.783374">
        <ele>1416.2</ele>
        <time>2018-09-30T09:59:05.000Z</time>
      </trkpt>
      <trkpt lat="42.283126" lon="-6.783645">
        <ele>1416.2</ele>
        <time>2018-09-30T09:59:18.000Z</time>
      </trkpt>
      <trkpt lat="42.283128" lon="-6.783753">
        <ele>1414.7</ele>
        <time>2018-09-30T09:59:23.000Z</time>
      </trkpt>
      <trkpt lat="42.283117" lon="-6.784101">
        <ele>1414.7</ele>
        <time>2018-09-30T09:59:41.000Z</time>
      </trkpt>
      <trkpt lat="42.283119" lon="-6.784375">
        <ele>1415.6</ele>
        <time>2018-09-30T09:59:55.000Z</time>
      </trkpt>
      <trkpt lat="42.283121" lon="-6.784676">
        <ele>1416.6</ele>
        <time>2018-09-30T10:00:11.000Z</time>
      </trkpt>
      <trkpt lat="42.283113" lon="-6.784841">
        <ele>1417.1</ele>
        <time>2018-09-30T10:00:24.000Z</time>
      </trkpt>
      <trkpt lat="42.283106" lon="-6.784869">
        <ele>1417.6</ele>
        <time>2018-09-30T10:00:38.000Z</time>
      </trkpt>
      <trkpt lat="42.283092" lon="-6.784937">
        <ele>1417.6</ele>
        <time>2018-09-30T10:00:50.000Z</time>
        <cmt>MIRADOR NATURAL A FOYO CASTAÑO</cmt>
      </trkpt>
      <trkpt lat="42.283091" lon="-6.784968">
        <ele>1418.5</ele>
        <time>2018-09-30T10:00:52.000Z</time>
      </trkpt>
      <trkpt lat="42.283075" lon="-6.785192">
        <ele>1419.6</ele>
        <time>2018-09-30T10:01:07.000Z</time>
      </trkpt>
      <trkpt lat="42.283069" lon="-6.785402">
        <ele>1420.0</ele>
        <time>2018-09-30T10:01:21.000Z</time>
      </trkpt>
      <trkpt lat="42.283062" lon="-6.785615">
        <ele>1420.1</ele>
        <time>2018-09-30T10:01:36.000Z</time>
      </trkpt>
      <trkpt lat="42.283044" lon="-6.785853">
        <ele>1421.0</ele>
        <time>2018-09-30T10:01:52.000Z</time>
      </trkpt>
      <trkpt lat="42.283027" lon="-6.786079">
        <ele>1422.0</ele>
        <time>2018-09-30T10:02:07.000Z</time>
      </trkpt>
      <trkpt lat="42.283022" lon="-6.786302">
        <ele>1423.3</ele>
        <time>2018-09-30T10:02:20.000Z</time>
      </trkpt>
      <trkpt lat="42.283015" lon="-6.786341">
        <ele>1424.3</ele>
        <time>2018-09-30T10:02:32.000Z</time>
      </trkpt>
      <trkpt lat="42.283009" lon="-6.786513">
        <ele>1425.2</ele>
        <time>2018-09-30T10:02:43.000Z</time>
      </trkpt>
      <trkpt lat="42.283011" lon="-6.786787">
        <ele>1427.2</ele>
        <time>2018-09-30T10:02:58.000Z</time>
      </trkpt>
      <trkpt lat="42.282991" lon="-6.786970">
        <ele>1427.8</ele>
        <time>2018-09-30T10:03:13.000Z</time>
      </trkpt>
      <trkpt lat="42.282979" lon="-6.786995">
        <ele>1427.8</ele>
        <time>2018-09-30T10:03:27.000Z</time>
      </trkpt>
      <trkpt lat="42.282970" lon="-6.787208">
        <ele>1428.1</ele>
        <time>2018-09-30T10:03:37.000Z</time>
      </trkpt>
      <trkpt lat="42.282960" lon="-6.787507">
        <ele>1430.1</ele>
        <time>2018-09-30T10:03:52.000Z</time>
      </trkpt>
      <trkpt lat="42.282949" lon="-6.787763">
        <ele>1433.0</ele>
        <time>2018-09-30T10:04:06.000Z</time>
      </trkpt>
      <trkpt lat="42.282980" lon="-6.787978">
        <ele>1434.9</ele>
        <time>2018-09-30T10:04:18.000Z</time>
      </trkpt>
      <trkpt lat="42.283020" lon="-6.788039">
        <ele>1434.9</ele>
        <time>2018-09-30T10:04:23.000Z</time>
      </trkpt>
      <trkpt lat="42.283075" lon="-6.788074">
        <ele>1435.0</ele>
        <time>2018-09-30T10:04:34.000Z</time>
      </trkpt>
      <trkpt lat="42.283120" lon="-6.788115">
        <ele>1434.9</ele>
        <time>2018-09-30T10:04:46.000Z</time>
      </trkpt>
      <trkpt lat="42.283112" lon="-6.788132">
        <ele>1434.9</ele>
        <time>2018-09-30T10:05:05.000Z</time>
      </trkpt>
      <trkpt lat="42.283111" lon="-6.788104">
        <ele>1434.9</ele>
        <time>2018-09-30T10:05:13.000Z</time>
      </trkpt>
      <trkpt lat="42.283077" lon="-6.788093">
        <ele>1434.0</ele>
        <time>2018-09-30T10:05:19.000Z</time>
        <cmt>MIRADOR NATURAL - DESVÍO DERECHA - MONTE A TRAVÉS</cmt>
      </trkpt>
      <trkpt lat="42.283063" lon="-6.788086">
        <ele>1433.5</ele>
        <time>2018-09-30T10:05:40.000Z</time>
      </trkpt>
      <trkpt lat="42.283079" lon="-6.788078">
        <ele>1433.5</ele>
        <time>2018-09-30T10:05:58.000Z</time>
      </trkpt>
      <trkpt lat="42.283092" lon="-6.788111">
        <ele>1435.0</ele>
        <time>2018-09-30T10:06:08.000Z</time>
      </trkpt>
      <trkpt lat="42.283106" lon="-6.788126">
        <ele>1435.3</ele>
        <time>2018-09-30T10:06:25.000Z</time>
      </trkpt>
      <trkpt lat="42.283100" lon="-6.788120">
        <ele>1435.3</ele>
        <time>2018-09-30T10:06:44.000Z</time>
      </trkpt>
      <trkpt lat="42.283093" lon="-6.788111">
        <ele>1435.3</ele>
        <time>2018-09-30T10:06:50.000Z</time>
      </trkpt>
      <trkpt lat="42.283069" lon="-6.788068">
        <ele>1435.4</ele>
        <time>2018-09-30T10:07:01.000Z</time>
      </trkpt>
      <trkpt lat="42.283096" lon="-6.788062">
        <ele>1434.5</ele>
        <time>2018-09-30T10:07:12.000Z</time>
      </trkpt>
      <trkpt lat="42.283138" lon="-6.788020">
        <ele>1435.3</ele>
        <time>2018-09-30T10:07:20.000Z</time>
      </trkpt>
      <trkpt lat="42.283172" lon="-6.787936">
        <ele>1436.8</ele>
        <time>2018-09-30T10:07:32.000Z</time>
      </trkpt>
      <trkpt lat="42.283202" lon="-6.787838">
        <ele>1438.2</ele>
        <time>2018-09-30T10:07:45.000Z</time>
      </trkpt>
      <trkpt lat="42.283242" lon="-6.787733">
        <ele>1439.8</ele>
        <time>2018-09-30T10:07:59.000Z</time>
      </trkpt>
      <trkpt lat="42.283281" lon="-6.787665">
        <ele>1440.7</ele>
        <time>2018-09-30T10:08:10.000Z</time>
      </trkpt>
      <trkpt lat="42.283315" lon="-6.787615">
        <ele>1441.6</ele>
        <time>2018-09-30T10:08:22.000Z</time>
      </trkpt>
      <trkpt lat="42.283373" lon="-6.787580">
        <ele>1442.1</ele>
        <time>2018-09-30T10:08:32.000Z</time>
      </trkpt>
      <trkpt lat="42.283418" lon="-6.787536">
        <ele>1443.6</ele>
        <time>2018-09-30T10:08:42.000Z</time>
      </trkpt>
      <trkpt lat="42.283448" lon="-6.787454">
        <ele>1445.9</ele>
        <time>2018-09-30T10:08:52.000Z</time>
      </trkpt>
      <trkpt lat="42.283460" lon="-6.787412">
        <ele>1446.0</ele>
        <time>2018-09-30T10:09:04.000Z</time>
      </trkpt>
      <trkpt lat="42.283481" lon="-6.787394">
        <ele>1446.5</ele>
        <time>2018-09-30T10:09:09.000Z</time>
      </trkpt>
      <trkpt lat="42.283532" lon="-6.787339">
        <ele>1447.5</ele>
        <time>2018-09-30T10:09:20.000Z</time>
      </trkpt>
      <trkpt lat="42.283506" lon="-6.787299">
        <ele>1448.4</ele>
        <time>2018-09-30T10:09:27.000Z</time>
      </trkpt>
      <trkpt lat="42.283494" lon="-6.787278">
        <ele>1448.8</ele>
        <time>2018-09-30T10:09:29.000Z</time>
      </trkpt>
      <trkpt lat="42.283498" lon="-6.787251">
        <ele>1448.8</ele>
        <time>2018-09-30T10:09:31.000Z</time>
      </trkpt>
      <trkpt lat="42.283555" lon="-6.787232">
        <ele>1450.7</ele>
        <time>2018-09-30T10:09:38.000Z</time>
      </trkpt>
      <trkpt lat="42.283619" lon="-6.787195">
        <ele>1452.2</ele>
        <time>2018-09-30T10:09:49.000Z</time>
      </trkpt>
      <trkpt lat="42.283641" lon="-6.787129">
        <ele>1454.2</ele>
        <time>2018-09-30T10:09:59.000Z</time>
      </trkpt>
      <trkpt lat="42.283651" lon="-6.787088">
        <ele>1456.0</ele>
        <time>2018-09-30T10:10:08.000Z</time>
      </trkpt>
      <trkpt lat="42.283694" lon="-6.787031">
        <ele>1458.0</ele>
        <time>2018-09-30T10:10:18.000Z</time>
      </trkpt>
      <trkpt lat="42.283714" lon="-6.786965">
        <ele>1459.5</ele>
        <time>2018-09-30T10:10:28.000Z</time>
      </trkpt>
      <trkpt lat="42.283759" lon="-6.786907">
        <ele>1462.3</ele>
        <time>2018-09-30T10:10:39.000Z</time>
      </trkpt>
      <trkpt lat="42.283798" lon="-6.786840">
        <ele>1463.7</ele>
        <time>2018-09-30T10:10:50.000Z</time>
      </trkpt>
      <trkpt lat="42.283834" lon="-6.786788">
        <ele>1465.6</ele>
        <time>2018-09-30T10:11:01.000Z</time>
      </trkpt>
      <trkpt lat="42.283868" lon="-6.786737">
        <ele>1467.1</ele>
        <time>2018-09-30T10:11:10.000Z</time>
      </trkpt>
      <trkpt lat="42.283888" lon="-6.786693">
        <ele>1468.0</ele>
        <time>2018-09-30T10:11:21.000Z</time>
      </trkpt>
      <trkpt lat="42.283945" lon="-6.786663">
        <ele>1469.0</ele>
        <time>2018-09-30T10:11:30.000Z</time>
      </trkpt>
      <trkpt lat="42.283956" lon="-6.786640">
        <ele>1469.6</ele>
        <time>2018-09-30T10:11:33.000Z</time>
      </trkpt>
      <trkpt lat="42.284006" lon="-6.786553">
        <ele>1471.0</ele>
        <time>2018-09-30T10:11:43.000Z</time>
      </trkpt>
      <trkpt lat="42.284012" lon="-6.786482">
        <ele>1472.8</ele>
        <time>2018-09-30T10:11:53.000Z</time>
      </trkpt>
      <trkpt lat="42.284014" lon="-6.786421">
        <ele>1474.3</ele>
        <time>2018-09-30T10:12:02.000Z</time>
      </trkpt>
      <trkpt lat="42.284034" lon="-6.786330">
        <ele>1476.2</ele>
        <time>2018-09-30T10:12:14.000Z</time>
      </trkpt>
      <trkpt lat="42.284084" lon="-6.786296">
        <ele>1478.2</ele>
        <time>2018-09-30T10:12:25.000Z</time>
      </trkpt>
      <trkpt lat="42.284128" lon="-6.786265">
        <ele>1479.2</ele>
        <time>2018-09-30T10:12:33.000Z</time>
      </trkpt>
      <trkpt lat="42.284156" lon="-6.786206">
        <ele>1481.1</ele>
        <time>2018-09-30T10:12:44.000Z</time>
      </trkpt>
      <trkpt lat="42.284175" lon="-6.786148">
        <ele>1482.9</ele>
        <time>2018-09-30T10:12:54.000Z</time>
      </trkpt>
      <trkpt lat="42.284189" lon="-6.786092">
        <ele>1484.5</ele>
        <time>2018-09-30T10:13:03.000Z</time>
      </trkpt>
      <trkpt lat="42.284228" lon="-6.786038">
        <ele>1485.8</ele>
        <time>2018-09-30T10:13:12.000Z</time>
      </trkpt>
      <trkpt lat="42.284229" lon="-6.786018">
        <ele>1486.3</ele>
        <time>2018-09-30T10:13:14.000Z</time>
      </trkpt>
      <trkpt lat="42.284270" lon="-6.785957">
        <ele>1486.9</ele>
        <time>2018-09-30T10:13:23.000Z</time>
      </trkpt>
      <trkpt lat="42.284331" lon="-6.785970">
        <ele>1488.8</ele>
        <time>2018-09-30T10:13:34.000Z</time>
      </trkpt>
      <trkpt lat="42.284384" lon="-6.785936">
        <ele>1490.6</ele>
        <time>2018-09-30T10:13:44.000Z</time>
      </trkpt>
      <trkpt lat="42.284424" lon="-6.785901">
        <ele>1492.1</ele>
        <time>2018-09-30T10:13:52.000Z</time>
      </trkpt>
      <trkpt lat="42.284442" lon="-6.785893">
        <ele>1492.1</ele>
        <time>2018-09-30T10:13:54.000Z</time>
      </trkpt>
      <trkpt lat="42.284528" lon="-6.785892">
        <ele>1493.0</ele>
        <time>2018-09-30T10:14:05.000Z</time>
      </trkpt>
      <trkpt lat="42.284576" lon="-6.785848">
        <ele>1495.4</ele>
        <time>2018-09-30T10:14:15.000Z</time>
      </trkpt>
      <trkpt lat="42.284634" lon="-6.785770">
        <ele>1497.4</ele>
        <time>2018-09-30T10:14:27.000Z</time>
      </trkpt>
      <trkpt lat="42.284692" lon="-6.785704">
        <ele>1498.9</ele>
        <time>2018-09-30T10:14:37.000Z</time>
      </trkpt>
      <trkpt lat="42.284707" lon="-6.785691">
        <ele>1499.3</ele>
        <time>2018-09-30T10:14:39.000Z</time>
      </trkpt>
      <trkpt lat="42.284766" lon="-6.785618">
        <ele>1501.2</ele>
        <time>2018-09-30T10:14:50.000Z</time>
      </trkpt>
      <trkpt lat="42.284824" lon="-6.785573">
        <ele>1503.1</ele>
        <time>2018-09-30T10:14:59.000Z</time>
      </trkpt>
      <trkpt lat="42.284862" lon="-6.785507">
        <ele>1505.1</ele>
        <time>2018-09-30T10:15:08.000Z</time>
      </trkpt>
      <trkpt lat="42.284921" lon="-6.785429">
        <ele>1507.4</ele>
        <time>2018-09-30T10:15:19.000Z</time>
      </trkpt>
      <trkpt lat="42.284979" lon="-6.785347">
        <ele>1509.0</ele>
        <time>2018-09-30T10:15:31.000Z</time>
      </trkpt>
      <trkpt lat="42.285007" lon="-6.785268">
        <ele>1510.4</ele>
        <time>2018-09-30T10:15:41.000Z</time>
      </trkpt>
      <trkpt lat="42.285048" lon="-6.785221">
        <ele>1512.3</ele>
        <time>2018-09-30T10:15:52.000Z</time>
      </trkpt>
      <trkpt lat="42.285092" lon="-6.785204">
        <ele>1512.8</ele>
        <time>2018-09-30T10:15:58.000Z</time>
      </trkpt>
      <trkpt lat="42.285154" lon="-6.785114">
        <ele>1514.7</ele>
        <time>2018-09-30T10:16:11.000Z</time>
      </trkpt>
      <trkpt lat="42.285182" lon="-6.785051">
        <ele>1516.6</ele>
        <time>2018-09-30T10:16:22.000Z</time>
      </trkpt>
      <trkpt lat="42.285213" lon="-6.784978">
        <ele>1519.0</ele>
        <time>2018-09-30T10:16:33.000Z</time>
      </trkpt>
      <trkpt lat="42.285237" lon="-6.784935">
        <ele>1519.5</ele>
        <time>2018-09-30T10:16:43.000Z</time>
      </trkpt>
      <trkpt lat="42.285268" lon="-6.784881">
        <ele>1520.9</ele>
        <time>2018-09-30T10:16:53.000Z</time>
      </trkpt>
      <trkpt lat="42.285286" lon="-6.784817">
        <ele>1522.8</ele>
        <time>2018-09-30T10:17:03.000Z</time>
      </trkpt>
      <trkpt lat="42.285300" lon="-6.784731">
        <ele>1524.7</ele>
        <time>2018-09-30T10:17:13.000Z</time>
        <cmt>MONTE A TRAVÉS</cmt>
      </trkpt>
      <trkpt lat="42.285308" lon="-6.784648">
        <ele>1526.8</ele>
        <time>2018-09-30T10:17:24.000Z</time>
      </trkpt>
      <trkpt lat="42.285322" lon="-6.784575">
        <ele>1529.1</ele>
        <time>2018-09-30T10:17:35.000Z</time>
      </trkpt>
      <trkpt lat="42.285361" lon="-6.784530">
        <ele>1530.6</ele>
        <time>2018-09-30T10:17:44.000Z</time>
      </trkpt>
      <trkpt lat="42.285406" lon="-6.784485">
        <ele>1532.5</ele>
        <time>2018-09-30T10:17:54.000Z</time>
      </trkpt>
      <trkpt lat="42.285412" lon="-6.784436">
        <ele>1533.5</ele>
        <time>2018-09-30T10:18:07.000Z</time>
      </trkpt>
      <trkpt lat="42.285448" lon="-6.784376">
        <ele>1535.8</ele>
        <time>2018-09-30T10:18:18.000Z</time>
      </trkpt>
      <trkpt lat="42.285464" lon="-6.784320">
        <ele>1537.8</ele>
        <time>2018-09-30T10:18:28.000Z</time>
      </trkpt>
      <trkpt lat="42.285493" lon="-6.784255">
        <ele>1539.2</ele>
        <time>2018-09-30T10:18:39.000Z</time>
      </trkpt>
      <trkpt lat="42.285541" lon="-6.784211">
        <ele>1540.7</ele>
        <time>2018-09-30T10:18:49.000Z</time>
      </trkpt>
      <trkpt lat="42.285596" lon="-6.784165">
        <ele>1542.5</ele>
        <time>2018-09-30T10:19:00.000Z</time>
      </trkpt>
      <trkpt lat="42.285620" lon="-6.784118">
        <ele>1544.5</ele>
        <time>2018-09-30T10:19:09.000Z</time>
      </trkpt>
      <trkpt lat="42.285625" lon="-6.784034">
        <ele>1545.9</ele>
        <time>2018-09-30T10:19:20.000Z</time>
      </trkpt>
      <trkpt lat="42.285661" lon="-6.783994">
        <ele>1547.4</ele>
        <time>2018-09-30T10:19:29.000Z</time>
      </trkpt>
      <trkpt lat="42.285689" lon="-6.783911">
        <ele>1549.8</ele>
        <time>2018-09-30T10:19:39.000Z</time>
      </trkpt>
      <trkpt lat="42.285729" lon="-6.783842">
        <ele>1552.2</ele>
        <time>2018-09-30T10:19:50.000Z</time>
      </trkpt>
      <trkpt lat="42.285766" lon="-6.783785">
        <ele>1554.2</ele>
        <time>2018-09-30T10:20:02.000Z</time>
      </trkpt>
      <trkpt lat="42.285793" lon="-6.783741">
        <ele>1556.1</ele>
        <time>2018-09-30T10:20:12.000Z</time>
      </trkpt>
      <trkpt lat="42.285829" lon="-6.783697">
        <ele>1557.0</ele>
        <time>2018-09-30T10:20:23.000Z</time>
      </trkpt>
      <trkpt lat="42.285849" lon="-6.783632">
        <ele>1558.4</ele>
        <time>2018-09-30T10:20:34.000Z</time>
      </trkpt>
      <trkpt lat="42.285864" lon="-6.783595">
        <ele>1559.9</ele>
        <time>2018-09-30T10:20:45.000Z</time>
      </trkpt>
      <trkpt lat="42.285869" lon="-6.783581">
        <ele>1560.8</ele>
        <time>2018-09-30T10:20:53.000Z</time>
      </trkpt>
      <trkpt lat="42.285899" lon="-6.783535">
        <ele>1561.3</ele>
        <time>2018-09-30T10:21:04.000Z</time>
      </trkpt>
      <trkpt lat="42.285894" lon="-6.783470">
        <ele>1562.2</ele>
        <time>2018-09-30T10:21:13.000Z</time>
      </trkpt>
      <trkpt lat="42.285904" lon="-6.783410">
        <ele>1563.7</ele>
        <time>2018-09-30T10:21:23.000Z</time>
      </trkpt>
      <trkpt lat="42.285934" lon="-6.783358">
        <ele>1566.2</ele>
        <time>2018-09-30T10:21:35.000Z</time>
      </trkpt>
      <trkpt lat="42.285968" lon="-6.783314">
        <ele>1567.5</ele>
        <time>2018-09-30T10:21:47.000Z</time>
      </trkpt>
      <trkpt lat="42.285996" lon="-6.783270">
        <ele>1569.5</ele>
        <time>2018-09-30T10:21:58.000Z</time>
      </trkpt>
      <trkpt lat="42.286010" lon="-6.783217">
        <ele>1570.5</ele>
        <time>2018-09-30T10:22:10.000Z</time>
      </trkpt>
      <trkpt lat="42.285999" lon="-6.783149">
        <ele>1572.9</ele>
        <time>2018-09-30T10:22:23.000Z</time>
      </trkpt>
      <trkpt lat="42.285988" lon="-6.783128">
        <ele>1574.8</ele>
        <time>2018-09-30T10:22:35.000Z</time>
      </trkpt>
      <trkpt lat="42.285999" lon="-6.783093">
        <ele>1576.8</ele>
        <time>2018-09-30T10:22:45.000Z</time>
      </trkpt>
      <trkpt lat="42.286025" lon="-6.783063">
        <ele>1578.2</ele>
        <time>2018-09-30T10:22:56.000Z</time>
      </trkpt>
      <trkpt lat="42.286011" lon="-6.783013">
        <ele>1580.0</ele>
        <time>2018-09-30T10:23:06.000Z</time>
      </trkpt>
      <trkpt lat="42.286045" lon="-6.782980">
        <ele>1581.9</ele>
        <time>2018-09-30T10:23:16.000Z</time>
      </trkpt>
      <trkpt lat="42.286047" lon="-6.782938">
        <ele>1583.9</ele>
        <time>2018-09-30T10:23:28.000Z</time>
      </trkpt>
      <trkpt lat="42.286057" lon="-6.782907">
        <ele>1584.9</ele>
        <time>2018-09-30T10:23:39.000Z</time>
      </trkpt>
      <trkpt lat="42.286025" lon="-6.782882">
        <ele>1585.3</ele>
        <time>2018-09-30T10:23:49.000Z</time>
      </trkpt>
      <trkpt lat="42.286036" lon="-6.782843">
        <ele>1586.4</ele>
        <time>2018-09-30T10:23:59.000Z</time>
      </trkpt>
      <trkpt lat="42.286043" lon="-6.782822">
        <ele>1587.2</ele>
        <time>2018-09-30T10:24:10.000Z</time>
      </trkpt>
      <trkpt lat="42.286033" lon="-6.782805">
        <ele>1588.3</ele>
        <time>2018-09-30T10:24:19.000Z</time>
      </trkpt>
      <trkpt lat="42.286038" lon="-6.782772">
        <ele>1590.1</ele>
        <time>2018-09-30T10:24:29.000Z</time>
      </trkpt>
      <trkpt lat="42.286050" lon="-6.782728">
        <ele>1591.2</ele>
        <time>2018-09-30T10:24:38.000Z</time>
      </trkpt>
      <trkpt lat="42.286038" lon="-6.782666">
        <ele>1592.5</ele>
        <time>2018-09-30T10:24:48.000Z</time>
      </trkpt>
      <trkpt lat="42.286044" lon="-6.782622">
        <ele>1594.4</ele>
        <time>2018-09-30T10:24:59.000Z</time>
      </trkpt>
      <trkpt lat="42.286061" lon="-6.782582">
        <ele>1596.8</ele>
        <time>2018-09-30T10:25:11.000Z</time>
      </trkpt>
      <trkpt lat="42.286058" lon="-6.782520">
        <ele>1598.3</ele>
        <time>2018-09-30T10:25:23.000Z</time>
      </trkpt>
      <trkpt lat="42.286034" lon="-6.782483">
        <ele>1599.7</ele>
        <time>2018-09-30T10:25:34.000Z</time>
      </trkpt>
      <trkpt lat="42.286060" lon="-6.782446">
        <ele>1601.7</ele>
        <time>2018-09-30T10:25:45.000Z</time>
      </trkpt>
      <trkpt lat="42.286066" lon="-6.782403">
        <ele>1602.7</ele>
        <time>2018-09-30T10:25:53.000Z</time>
      </trkpt>
      <trkpt lat="42.286073" lon="-6.782419">
        <ele>1603.1</ele>
        <time>2018-09-30T10:26:10.000Z</time>
      </trkpt>
      <trkpt lat="42.286071" lon="-6.782365">
        <ele>1604.5</ele>
        <time>2018-09-30T10:26:20.000Z</time>
      </trkpt>
      <trkpt lat="42.286053" lon="-6.782320">
        <ele>1606.1</ele>
        <time>2018-09-30T10:26:31.000Z</time>
      </trkpt>
      <trkpt lat="42.286055" lon="-6.782254">
        <ele>1607.9</ele>
        <time>2018-09-30T10:26:41.000Z</time>
      </trkpt>
      <trkpt lat="42.286071" lon="-6.782206">
        <ele>1608.9</ele>
        <time>2018-09-30T10:26:51.000Z</time>
      </trkpt>
      <trkpt lat="42.286118" lon="-6.782198">
        <ele>1610.4</ele>
        <time>2018-09-30T10:27:01.000Z</time>
      </trkpt>
      <trkpt lat="42.286172" lon="-6.782177">
        <ele>1611.8</ele>
        <time>2018-09-30T10:27:12.000Z</time>
      </trkpt>
      <trkpt lat="42.286214" lon="-6.782141">
        <ele>1613.7</ele>
        <time>2018-09-30T10:27:23.000Z</time>
      </trkpt>
      <trkpt lat="42.286225" lon="-6.782088">
        <ele>1615.6</ele>
        <time>2018-09-30T10:27:34.000Z</time>
      </trkpt>
      <trkpt lat="42.286231" lon="-6.782036">
        <ele>1617.0</ele>
        <time>2018-09-30T10:27:44.000Z</time>
      </trkpt>
      <trkpt lat="42.286263" lon="-6.781997">
        <ele>1620.0</ele>
        <time>2018-09-30T10:27:58.000Z</time>
      </trkpt>
      <trkpt lat="42.286284" lon="-6.781964">
        <ele>1621.5</ele>
        <time>2018-09-30T10:28:09.000Z</time>
      </trkpt>
      <trkpt lat="42.286251" lon="-6.781896">
        <ele>1623.4</ele>
        <time>2018-09-30T10:28:20.000Z</time>
      </trkpt>
      <trkpt lat="42.286256" lon="-6.781832">
        <ele>1623.8</ele>
        <time>2018-09-30T10:28:30.000Z</time>
      </trkpt>
      <trkpt lat="42.286273" lon="-6.781759">
        <ele>1624.8</ele>
        <time>2018-09-30T10:28:39.000Z</time>
      </trkpt>
      <trkpt lat="42.286288" lon="-6.781718">
        <ele>1625.7</ele>
        <time>2018-09-30T10:28:44.000Z</time>
      </trkpt>
      <trkpt lat="42.286312" lon="-6.781640">
        <ele>1626.7</ele>
        <time>2018-09-30T10:28:54.000Z</time>
      </trkpt>
      <trkpt lat="42.286318" lon="-6.781620">
        <ele>1627.1</ele>
        <time>2018-09-30T10:28:57.000Z</time>
      </trkpt>
      <trkpt lat="42.286317" lon="-6.781480">
        <ele>1627.2</ele>
        <time>2018-09-30T10:29:10.000Z</time>
      </trkpt>
      <trkpt lat="42.286318" lon="-6.781386">
        <ele>1626.7</ele>
        <time>2018-09-30T10:29:21.000Z</time>
      </trkpt>
      <trkpt lat="42.286340" lon="-6.781293">
        <ele>1628.6</ele>
        <time>2018-09-30T10:29:34.000Z</time>
      </trkpt>
      <trkpt lat="42.286366" lon="-6.781263">
        <ele>1631.0</ele>
        <time>2018-09-30T10:29:45.000Z</time>
      </trkpt>
      <trkpt lat="42.286377" lon="-6.781199">
        <ele>1632.5</ele>
        <time>2018-09-30T10:29:55.000Z</time>
      </trkpt>
      <trkpt lat="42.286344" lon="-6.781147">
        <ele>1633.0</ele>
        <time>2018-09-30T10:30:05.000Z</time>
      </trkpt>
      <trkpt lat="42.286336" lon="-6.781092">
        <ele>1634.4</ele>
        <time>2018-09-30T10:30:16.000Z</time>
      </trkpt>
      <trkpt lat="42.286324" lon="-6.781101">
        <ele>1635.4</ele>
        <time>2018-09-30T10:30:27.000Z</time>
      </trkpt>
      <trkpt lat="42.286333" lon="-6.781122">
        <ele>1635.4</ele>
        <time>2018-09-30T10:30:40.000Z</time>
      </trkpt>
      <trkpt lat="42.286335" lon="-6.781100">
        <ele>1635.9</ele>
        <time>2018-09-30T10:30:57.000Z</time>
        <cmt>MIRADOR NATURAL - MONTE A TRAVÉS</cmt>
      </trkpt>
      <trkpt lat="42.286325" lon="-6.781092">
        <ele>1634.8</ele>
        <time>2018-09-30T10:31:03.000Z</time>
      </trkpt>
      <trkpt lat="42.286324" lon="-6.781090">
        <ele>1634.9</ele>
        <time>2018-09-30T10:31:29.000Z</time>
      </trkpt>
      <trkpt lat="42.286322" lon="-6.781095">
        <ele>1634.9</ele>
        <time>2018-09-30T10:31:42.000Z</time>
      </trkpt>
      <trkpt lat="42.286323" lon="-6.781099">
        <ele>1634.3</ele>
        <time>2018-09-30T10:31:59.000Z</time>
      </trkpt>
      <trkpt lat="42.286320" lon="-6.781106">
        <ele>1636.3</ele>
        <time>2018-09-30T10:32:29.000Z</time>
      </trkpt>
      <trkpt lat="42.286325" lon="-6.781119">
        <ele>1636.3</ele>
        <time>2018-09-30T10:32:54.000Z</time>
      </trkpt>
      <trkpt lat="42.286333" lon="-6.781093">
        <ele>1636.3</ele>
        <time>2018-09-30T10:33:17.000Z</time>
      </trkpt>
      <trkpt lat="42.286355" lon="-6.781090">
        <ele>1636.4</ele>
        <time>2018-09-30T10:33:26.000Z</time>
      </trkpt>
      <trkpt lat="42.286355" lon="-6.781095">
        <ele>1636.4</ele>
        <time>2018-09-30T10:33:43.000Z</time>
      </trkpt>
      <trkpt lat="42.286361" lon="-6.781108">
        <ele>1636.4</ele>
        <time>2018-09-30T10:34:05.000Z</time>
      </trkpt>
      <trkpt lat="42.286364" lon="-6.781093">
        <ele>1636.3</ele>
        <time>2018-09-30T10:34:24.000Z</time>
      </trkpt>
      <trkpt lat="42.286338" lon="-6.781052">
        <ele>1635.4</ele>
        <time>2018-09-30T10:34:32.000Z</time>
      </trkpt>
      <trkpt lat="42.286353" lon="-6.780965">
        <ele>1636.4</ele>
        <time>2018-09-30T10:34:40.000Z</time>
      </trkpt>
      <trkpt lat="42.286359" lon="-6.780873">
        <ele>1637.8</ele>
        <time>2018-09-30T10:34:51.000Z</time>
      </trkpt>
      <trkpt lat="42.286366" lon="-6.780794">
        <ele>1638.8</ele>
        <time>2018-09-30T10:35:00.000Z</time>
      </trkpt>
      <trkpt lat="42.286368" lon="-6.780702">
        <ele>1640.7</ele>
        <time>2018-09-30T10:35:12.000Z</time>
      </trkpt>
      <trkpt lat="42.286386" lon="-6.780624">
        <ele>1642.5</ele>
        <time>2018-09-30T10:35:22.000Z</time>
      </trkpt>
      <trkpt lat="42.286389" lon="-6.780526">
        <ele>1643.9</ele>
        <time>2018-09-30T10:35:34.000Z</time>
      </trkpt>
      <trkpt lat="42.286404" lon="-6.780456">
        <ele>1646.4</ele>
        <time>2018-09-30T10:35:46.000Z</time>
      </trkpt>
      <trkpt lat="42.286381" lon="-6.780346">
        <ele>1647.8</ele>
        <time>2018-09-30T10:35:58.000Z</time>
      </trkpt>
      <trkpt lat="42.286383" lon="-6.780272">
        <ele>1649.3</ele>
        <time>2018-09-30T10:36:09.000Z</time>
      </trkpt>
      <trkpt lat="42.286344" lon="-6.780190">
        <ele>1649.3</ele>
        <time>2018-09-30T10:36:20.000Z</time>
      </trkpt>
      <trkpt lat="42.286322" lon="-6.780086">
        <ele>1649.8</ele>
        <time>2018-09-30T10:36:32.000Z</time>
      </trkpt>
      <trkpt lat="42.286316" lon="-6.780005">
        <ele>1651.3</ele>
        <time>2018-09-30T10:36:42.000Z</time>
      </trkpt>
      <trkpt lat="42.286308" lon="-6.779937">
        <ele>1653.2</ele>
        <time>2018-09-30T10:36:51.000Z</time>
      </trkpt>
      <trkpt lat="42.286288" lon="-6.779865">
        <ele>1653.7</ele>
        <time>2018-09-30T10:37:00.000Z</time>
      </trkpt>
      <trkpt lat="42.286280" lon="-6.779774">
        <ele>1655.1</ele>
        <time>2018-09-30T10:37:10.000Z</time>
      </trkpt>
      <trkpt lat="42.286248" lon="-6.779672">
        <ele>1656.4</ele>
        <time>2018-09-30T10:37:21.000Z</time>
      </trkpt>
      <trkpt lat="42.286215" lon="-6.779587">
        <ele>1656.9</ele>
        <time>2018-09-30T10:37:30.000Z</time>
      </trkpt>
      <trkpt lat="42.286185" lon="-6.779493">
        <ele>1657.4</ele>
        <time>2018-09-30T10:37:40.000Z</time>
      </trkpt>
      <trkpt lat="42.286196" lon="-6.779431">
        <ele>1658.9</ele>
        <time>2018-09-30T10:37:51.000Z</time>
      </trkpt>
      <trkpt lat="42.286186" lon="-6.779362">
        <ele>1660.3</ele>
        <time>2018-09-30T10:38:01.000Z</time>
      </trkpt>
      <trkpt lat="42.286156" lon="-6.779286">
        <ele>1661.3</ele>
        <time>2018-09-30T10:38:11.000Z</time>
      </trkpt>
      <trkpt lat="42.286161" lon="-6.779211">
        <ele>1662.7</ele>
        <time>2018-09-30T10:38:21.000Z</time>
      </trkpt>
      <trkpt lat="42.286121" lon="-6.779138">
        <ele>1663.8</ele>
        <time>2018-09-30T10:38:30.000Z</time>
      </trkpt>
      <trkpt lat="42.286107" lon="-6.779028">
        <ele>1664.7</ele>
        <time>2018-09-30T10:38:43.000Z</time>
      </trkpt>
      <trkpt lat="42.286078" lon="-6.778948">
        <ele>1665.7</ele>
        <time>2018-09-30T10:38:52.000Z</time>
      </trkpt>
      <trkpt lat="42.286032" lon="-6.778861">
        <ele>1665.7</ele>
        <time>2018-09-30T10:39:02.000Z</time>
      </trkpt>
      <trkpt lat="42.286030" lon="-6.778810">
        <ele>1666.2</ele>
        <time>2018-09-30T10:39:10.000Z</time>
      </trkpt>
      <trkpt lat="42.286021" lon="-6.778710">
        <ele>1668.5</ele>
        <time>2018-09-30T10:39:21.000Z</time>
      </trkpt>
      <trkpt lat="42.286014" lon="-6.778691">
        <ele>1668.5</ele>
        <time>2018-09-30T10:39:26.000Z</time>
      </trkpt>
      <trkpt lat="42.285979" lon="-6.778607">
        <ele>1668.5</ele>
        <time>2018-09-30T10:39:34.000Z</time>
      </trkpt>
      <trkpt lat="42.285971" lon="-6.778569">
        <ele>1668.5</ele>
        <time>2018-09-30T10:39:38.000Z</time>
      </trkpt>
      <trkpt lat="42.285923" lon="-6.778461">
        <ele>1668.9</ele>
        <time>2018-09-30T10:39:50.000Z</time>
      </trkpt>
      <trkpt lat="42.285875" lon="-6.778328">
        <ele>1668.9</ele>
        <time>2018-09-30T10:40:01.000Z</time>
      </trkpt>
      <trkpt lat="42.285826" lon="-6.778213">
        <ele>1669.4</ele>
        <time>2018-09-30T10:40:12.000Z</time>
      </trkpt>
      <trkpt lat="42.285811" lon="-6.778137">
        <ele>1669.5</ele>
        <time>2018-09-30T10:40:21.000Z</time>
      </trkpt>
      <trkpt lat="42.285776" lon="-6.778048">
        <ele>1669.5</ele>
        <time>2018-09-30T10:40:30.000Z</time>
      </trkpt>
      <trkpt lat="42.285748" lon="-6.777933">
        <ele>1670.4</ele>
        <time>2018-09-30T10:40:40.000Z</time>
      </trkpt>
      <trkpt lat="42.285749" lon="-6.777894">
        <ele>1670.9</ele>
        <time>2018-09-30T10:40:44.000Z</time>
      </trkpt>
      <trkpt lat="42.285722" lon="-6.777814">
        <ele>1671.4</ele>
        <time>2018-09-30T10:40:52.000Z</time>
      </trkpt>
      <trkpt lat="42.285688" lon="-6.777726">
        <ele>1671.3</ele>
        <time>2018-09-30T10:41:03.000Z</time>
      </trkpt>
      <trkpt lat="42.285644" lon="-6.777614">
        <ele>1671.8</ele>
        <time>2018-09-30T10:41:14.000Z</time>
      </trkpt>
      <trkpt lat="42.285632" lon="-6.777566">
        <ele>1671.8</ele>
        <time>2018-09-30T10:41:20.000Z</time>
      </trkpt>
      <trkpt lat="42.285630" lon="-6.777539">
        <ele>1671.8</ele>
        <time>2018-09-30T10:41:22.000Z</time>
      </trkpt>
      <trkpt lat="42.285623" lon="-6.777504">
        <ele>1672.4</ele>
        <time>2018-09-30T10:41:25.000Z</time>
      </trkpt>
      <trkpt lat="42.285608" lon="-6.777447">
        <ele>1672.3</ele>
        <time>2018-09-30T10:41:30.000Z</time>
      </trkpt>
      <trkpt lat="42.285600" lon="-6.777415">
        <ele>1672.9</ele>
        <time>2018-09-30T10:41:40.000Z</time>
      </trkpt>
      <trkpt lat="42.285577" lon="-6.777382">
        <ele>1673.3</ele>
        <time>2018-09-30T10:41:46.000Z</time>
      </trkpt>
      <trkpt lat="42.285564" lon="-6.777329">
        <ele>1671.8</ele>
        <time>2018-09-30T10:41:50.000Z</time>
      </trkpt>
      <trkpt lat="42.285559" lon="-6.777306">
        <ele>1671.9</ele>
        <time>2018-09-30T10:41:52.000Z</time>
      </trkpt>
      <trkpt lat="42.285547" lon="-6.777254">
        <ele>1671.8</ele>
        <time>2018-09-30T10:41:57.000Z</time>
      </trkpt>
      <trkpt lat="42.285505" lon="-6.777119">
        <ele>1671.3</ele>
        <time>2018-09-30T10:42:08.000Z</time>
      </trkpt>
      <trkpt lat="42.285493" lon="-6.777014">
        <ele>1671.4</ele>
        <time>2018-09-30T10:42:18.000Z</time>
      </trkpt>
      <trkpt lat="42.285498" lon="-6.776917">
        <ele>1671.3</ele>
        <time>2018-09-30T10:42:29.000Z</time>
      </trkpt>
      <trkpt lat="42.285482" lon="-6.776813">
        <ele>1671.3</ele>
        <time>2018-09-30T10:42:38.000Z</time>
      </trkpt>
      <trkpt lat="42.285452" lon="-6.776711">
        <ele>1671.3</ele>
        <time>2018-09-30T10:42:47.000Z</time>
      </trkpt>
      <trkpt lat="42.285443" lon="-6.776695">
        <ele>1671.3</ele>
        <time>2018-09-30T10:42:50.000Z</time>
      </trkpt>
      <trkpt lat="42.285446" lon="-6.776590">
        <ele>1671.4</ele>
        <time>2018-09-30T10:42:59.000Z</time>
      </trkpt>
      <trkpt lat="42.285425" lon="-6.776541">
        <ele>1671.3</ele>
        <time>2018-09-30T10:43:04.000Z</time>
      </trkpt>
      <trkpt lat="42.285384" lon="-6.776445">
        <ele>1671.0</ele>
        <time>2018-09-30T10:43:13.000Z</time>
      </trkpt>
      <trkpt lat="42.285368" lon="-6.776328">
        <ele>1670.5</ele>
        <time>2018-09-30T10:43:23.000Z</time>
      </trkpt>
      <trkpt lat="42.285322" lon="-6.776198">
        <ele>1670.4</ele>
        <time>2018-09-30T10:43:35.000Z</time>
      </trkpt>
      <trkpt lat="42.285276" lon="-6.776072">
        <ele>1669.4</ele>
        <time>2018-09-30T10:43:46.000Z</time>
      </trkpt>
      <trkpt lat="42.285232" lon="-6.775976">
        <ele>1668.5</ele>
        <time>2018-09-30T10:43:56.000Z</time>
      </trkpt>
      <trkpt lat="42.285217" lon="-6.775895">
        <ele>1667.0</ele>
        <time>2018-09-30T10:44:05.000Z</time>
      </trkpt>
      <trkpt lat="42.285229" lon="-6.775883">
        <ele>1667.0</ele>
        <time>2018-09-30T10:44:13.000Z</time>
      </trkpt>
      <trkpt lat="42.285228" lon="-6.775818">
        <ele>1667.0</ele>
        <time>2018-09-30T10:44:17.000Z</time>
      </trkpt>
      <trkpt lat="42.285206" lon="-6.775640">
        <ele>1667.1</ele>
        <time>2018-09-30T10:44:28.000Z</time>
      </trkpt>
      <trkpt lat="42.285188" lon="-6.775523">
        <ele>1667.1</ele>
        <time>2018-09-30T10:44:36.000Z</time>
      </trkpt>
      <trkpt lat="42.285137" lon="-6.775384">
        <ele>1667.0</ele>
        <time>2018-09-30T10:44:46.000Z</time>
      </trkpt>
      <trkpt lat="42.285115" lon="-6.775358">
        <ele>1666.6</ele>
        <time>2018-09-30T10:44:52.000Z</time>
      </trkpt>
      <trkpt lat="42.285110" lon="-6.775274">
        <ele>1666.1</ele>
        <time>2018-09-30T10:44:58.000Z</time>
      </trkpt>
      <trkpt lat="42.285073" lon="-6.775125">
        <ele>1665.7</ele>
        <time>2018-09-30T10:45:10.000Z</time>
      </trkpt>
      <trkpt lat="42.285071" lon="-6.775091">
        <ele>1664.6</ele>
        <time>2018-09-30T10:45:12.000Z</time>
        <cmt>COLLADO DEL CAMPO DE VALVORRAZ (1671 m)</cmt>
      </trkpt>
      <trkpt lat="42.285059" lon="-6.775053">
        <ele>1665.7</ele>
        <time>2018-09-30T10:45:15.000Z</time>
      </trkpt>
      <trkpt lat="42.285019" lon="-6.774906">
        <ele>1666.1</ele>
        <time>2018-09-30T10:45:27.000Z</time>
      </trkpt>
      <trkpt lat="42.284982" lon="-6.774783">
        <ele>1666.2</ele>
        <time>2018-09-30T10:45:39.000Z</time>
      </trkpt>
      <trkpt lat="42.284969" lon="-6.774731">
        <ele>1666.1</ele>
        <time>2018-09-30T10:45:44.000Z</time>
      </trkpt>
      <trkpt lat="42.284899" lon="-6.774622">
        <ele>1666.1</ele>
        <time>2018-09-30T10:45:57.000Z</time>
      </trkpt>
      <trkpt lat="42.284847" lon="-6.774531">
        <ele>1667.0</ele>
        <time>2018-09-30T10:46:09.000Z</time>
      </trkpt>
      <trkpt lat="42.284787" lon="-6.774449">
        <ele>1668.5</ele>
        <time>2018-09-30T10:46:22.000Z</time>
      </trkpt>
      <trkpt lat="42.284718" lon="-6.774342">
        <ele>1670.5</ele>
        <time>2018-09-30T10:46:36.000Z</time>
      </trkpt>
      <trkpt lat="42.284635" lon="-6.774240">
        <ele>1672.4</ele>
        <time>2018-09-30T10:46:48.000Z</time>
      </trkpt>
      <trkpt lat="42.284551" lon="-6.774092">
        <ele>1674.3</ele>
        <time>2018-09-30T10:47:02.000Z</time>
      </trkpt>
      <trkpt lat="42.284499" lon="-6.773930">
        <ele>1675.8</ele>
        <time>2018-09-30T10:47:15.000Z</time>
      </trkpt>
      <trkpt lat="42.284454" lon="-6.773806">
        <ele>1677.2</ele>
        <time>2018-09-30T10:47:26.000Z</time>
      </trkpt>
      <trkpt lat="42.284406" lon="-6.773663">
        <ele>1678.7</ele>
        <time>2018-09-30T10:47:38.000Z</time>
      </trkpt>
      <trkpt lat="42.284332" lon="-6.773501">
        <ele>1679.5</ele>
        <time>2018-09-30T10:47:51.000Z</time>
      </trkpt>
      <trkpt lat="42.284253" lon="-6.773359">
        <ele>1681.1</ele>
        <time>2018-09-30T10:48:03.000Z</time>
      </trkpt>
      <trkpt lat="42.284218" lon="-6.773273">
        <ele>1681.4</ele>
        <time>2018-09-30T10:48:16.000Z</time>
      </trkpt>
      <trkpt lat="42.284137" lon="-6.773086">
        <ele>1683.4</ele>
        <time>2018-09-30T10:48:30.000Z</time>
      </trkpt>
      <trkpt lat="42.284081" lon="-6.772924">
        <ele>1685.3</ele>
        <time>2018-09-30T10:48:43.000Z</time>
      </trkpt>
      <trkpt lat="42.284081" lon="-6.772912">
        <ele>1685.4</ele>
        <time>2018-09-30T10:48:44.000Z</time>
      </trkpt>
      <trkpt lat="42.284047" lon="-6.772760">
        <ele>1687.2</ele>
        <time>2018-09-30T10:48:57.000Z</time>
      </trkpt>
      <trkpt lat="42.284033" lon="-6.772630">
        <ele>1689.2</ele>
        <time>2018-09-30T10:49:09.000Z</time>
      </trkpt>
      <trkpt lat="42.284029" lon="-6.772529">
        <ele>1691.1</ele>
        <time>2018-09-30T10:49:19.000Z</time>
      </trkpt>
      <trkpt lat="42.284031" lon="-6.772519">
        <ele>1691.2</ele>
        <time>2018-09-30T10:49:20.000Z</time>
      </trkpt>
      <trkpt lat="42.284036" lon="-6.772379">
        <ele>1693.1</ele>
        <time>2018-09-30T10:49:32.000Z</time>
      </trkpt>
      <trkpt lat="42.284009" lon="-6.772197">
        <ele>1694.5</ele>
        <time>2018-09-30T10:49:44.000Z</time>
      </trkpt>
      <trkpt lat="42.283985" lon="-6.772033">
        <ele>1694.5</ele>
        <time>2018-09-30T10:49:56.000Z</time>
      </trkpt>
      <trkpt lat="42.283968" lon="-6.771880">
        <ele>1695.0</ele>
        <time>2018-09-30T10:50:07.000Z</time>
      </trkpt>
      <trkpt lat="42.283946" lon="-6.771747">
        <ele>1695.9</ele>
        <time>2018-09-30T10:50:18.000Z</time>
      </trkpt>
      <trkpt lat="42.283947" lon="-6.771694">
        <ele>1696.8</ele>
        <time>2018-09-30T10:50:28.000Z</time>
      </trkpt>
      <trkpt lat="42.283949" lon="-6.771615">
        <ele>1697.4</ele>
        <time>2018-09-30T10:50:34.000Z</time>
      </trkpt>
      <trkpt lat="42.283931" lon="-6.771423">
        <ele>1699.3</ele>
        <time>2018-09-30T10:50:48.000Z</time>
      </trkpt>
      <trkpt lat="42.283923" lon="-6.771321">
        <ele>1700.8</ele>
        <time>2018-09-30T10:50:58.000Z</time>
      </trkpt>
      <trkpt lat="42.283917" lon="-6.771179">
        <ele>1701.1</ele>
        <time>2018-09-30T10:51:11.000Z</time>
      </trkpt>
      <trkpt lat="42.283914" lon="-6.771168">
        <ele>1701.2</ele>
        <time>2018-09-30T10:51:12.000Z</time>
      </trkpt>
      <trkpt lat="42.283908" lon="-6.771142">
        <ele>1701.1</ele>
        <time>2018-09-30T10:51:14.000Z</time>
      </trkpt>
      <trkpt lat="42.283899" lon="-6.771048">
        <ele>1702.2</ele>
        <time>2018-09-30T10:51:21.000Z</time>
      </trkpt>
      <trkpt lat="42.283891" lon="-6.770992">
        <ele>1703.1</ele>
        <time>2018-09-30T10:51:27.000Z</time>
      </trkpt>
      <trkpt lat="42.283889" lon="-6.770841">
        <ele>1703.6</ele>
        <time>2018-09-30T10:51:38.000Z</time>
      </trkpt>
      <trkpt lat="42.283837" lon="-6.770622">
        <ele>1703.5</ele>
        <time>2018-09-30T10:51:51.000Z</time>
      </trkpt>
      <trkpt lat="42.283769" lon="-6.770395">
        <ele>1702.6</ele>
        <time>2018-09-30T10:52:05.000Z</time>
      </trkpt>
      <trkpt lat="42.283718" lon="-6.770173">
        <ele>1702.6</ele>
        <time>2018-09-30T10:52:20.000Z</time>
      </trkpt>
      <trkpt lat="42.283712" lon="-6.770075">
        <ele>1704.0</ele>
        <time>2018-09-30T10:52:31.000Z</time>
      </trkpt>
      <trkpt lat="42.283721" lon="-6.770023">
        <ele>1704.0</ele>
        <time>2018-09-30T10:52:42.000Z</time>
      </trkpt>
      <trkpt lat="42.283743" lon="-6.769925">
        <ele>1706.0</ele>
        <time>2018-09-30T10:52:56.000Z</time>
      </trkpt>
      <trkpt lat="42.283720" lon="-6.769859">
        <ele>1706.9</ele>
        <time>2018-09-30T10:53:05.000Z</time>
      </trkpt>
      <trkpt lat="42.283737" lon="-6.769824">
        <ele>1709.4</ele>
        <time>2018-09-30T10:53:18.000Z</time>
      </trkpt>
      <trkpt lat="42.283707" lon="-6.769674">
        <ele>1709.9</ele>
        <time>2018-09-30T10:53:29.000Z</time>
      </trkpt>
      <trkpt lat="42.283660" lon="-6.769547">
        <ele>1709.8</ele>
        <time>2018-09-30T10:53:40.000Z</time>
      </trkpt>
      <trkpt lat="42.283638" lon="-6.769495">
        <ele>1710.3</ele>
        <time>2018-09-30T10:53:49.000Z</time>
      </trkpt>
      <trkpt lat="42.283587" lon="-6.769346">
        <ele>1711.8</ele>
        <time>2018-09-30T10:54:02.000Z</time>
      </trkpt>
      <trkpt lat="42.283582" lon="-6.769306">
        <ele>1712.7</ele>
        <time>2018-09-30T10:54:11.000Z</time>
      </trkpt>
      <trkpt lat="42.283583" lon="-6.769286">
        <ele>1713.2</ele>
        <time>2018-09-30T10:54:22.000Z</time>
      </trkpt>
      <trkpt lat="42.283566" lon="-6.769217">
        <ele>1713.2</ele>
        <time>2018-09-30T10:54:40.000Z</time>
      </trkpt>
      <trkpt lat="42.283545" lon="-6.769154">
        <ele>1711.7</ele>
        <time>2018-09-30T10:54:46.000Z</time>
      </trkpt>
      <trkpt lat="42.283493" lon="-6.769007">
        <ele>1711.8</ele>
        <time>2018-09-30T10:54:58.000Z</time>
      </trkpt>
      <trkpt lat="42.283473" lon="-6.768880">
        <ele>1712.7</ele>
        <time>2018-09-30T10:55:09.000Z</time>
      </trkpt>
      <trkpt lat="42.283460" lon="-6.768843">
        <ele>1712.7</ele>
        <time>2018-09-30T10:55:18.000Z</time>
      </trkpt>
      <trkpt lat="42.283462" lon="-6.768855">
        <ele>1712.7</ele>
        <time>2018-09-30T10:55:29.000Z</time>
      </trkpt>
      <trkpt lat="42.283467" lon="-6.768855">
        <ele>1712.7</ele>
        <time>2018-09-30T10:55:41.000Z</time>
      </trkpt>
      <trkpt lat="42.283389" lon="-6.768695">
        <ele>1713.7</ele>
        <time>2018-09-30T10:55:55.000Z</time>
      </trkpt>
      <trkpt lat="42.283373" lon="-6.768652">
        <ele>1713.7</ele>
        <time>2018-09-30T10:55:59.000Z</time>
      </trkpt>
      <trkpt lat="42.283312" lon="-6.768545">
        <ele>1715.7</ele>
        <time>2018-09-30T10:56:10.000Z</time>
      </trkpt>
      <trkpt lat="42.283288" lon="-6.768513">
        <ele>1716.5</ele>
        <time>2018-09-30T10:56:14.000Z</time>
      </trkpt>
      <trkpt lat="42.283269" lon="-6.768505">
        <ele>1717.0</ele>
        <time>2018-09-30T10:56:16.000Z</time>
      </trkpt>
      <trkpt lat="42.283255" lon="-6.768489">
        <ele>1718.4</ele>
        <time>2018-09-30T10:56:18.000Z</time>
      </trkpt>
      <trkpt lat="42.283212" lon="-6.768395">
        <ele>1719.5</ele>
        <time>2018-09-30T10:56:30.000Z</time>
      </trkpt>
      <trkpt lat="42.283190" lon="-6.768286">
        <ele>1721.4</ele>
        <time>2018-09-30T10:56:41.000Z</time>
      </trkpt>
      <trkpt lat="42.283165" lon="-6.768164">
        <ele>1723.3</ele>
        <time>2018-09-30T10:56:53.000Z</time>
      </trkpt>
      <trkpt lat="42.283137" lon="-6.768110">
        <ele>1724.7</ele>
        <time>2018-09-30T10:57:02.000Z</time>
      </trkpt>
      <trkpt lat="42.283105" lon="-6.768047">
        <ele>1726.6</ele>
        <time>2018-09-30T10:57:12.000Z</time>
      </trkpt>
      <trkpt lat="42.283089" lon="-6.767962">
        <ele>1729.0</ele>
        <time>2018-09-30T10:57:23.000Z</time>
      </trkpt>
      <trkpt lat="42.283073" lon="-6.767901">
        <ele>1730.5</ele>
        <time>2018-09-30T10:57:33.000Z</time>
      </trkpt>
      <trkpt lat="42.283060" lon="-6.767831">
        <ele>1732.9</ele>
        <time>2018-09-30T10:57:43.000Z</time>
      </trkpt>
      <trkpt lat="42.283074" lon="-6.767763">
        <ele>1734.9</ele>
        <time>2018-09-30T10:57:54.000Z</time>
      </trkpt>
      <trkpt lat="42.283037" lon="-6.767735">
        <ele>1736.7</ele>
        <time>2018-09-30T10:58:05.000Z</time>
      </trkpt>
      <trkpt lat="42.282999" lon="-6.767720">
        <ele>1738.2</ele>
        <time>2018-09-30T10:58:17.000Z</time>
      </trkpt>
      <trkpt lat="42.282949" lon="-6.767706">
        <ele>1739.6</ele>
        <time>2018-09-30T10:58:27.000Z</time>
      </trkpt>
      <trkpt lat="42.282902" lon="-6.767692">
        <ele>1741.6</ele>
        <time>2018-09-30T10:58:37.000Z</time>
      </trkpt>
      <trkpt lat="42.282866" lon="-6.767611">
        <ele>1743.9</ele>
        <time>2018-09-30T10:58:49.000Z</time>
      </trkpt>
      <trkpt lat="42.282861" lon="-6.767537">
        <ele>1745.5</ele>
        <time>2018-09-30T10:59:00.000Z</time>
      </trkpt>
      <trkpt lat="42.282825" lon="-6.767526">
        <ele>1747.4</ele>
        <time>2018-09-30T10:59:09.000Z</time>
      </trkpt>
      <trkpt lat="42.282840" lon="-6.767476">
        <ele>1749.2</ele>
        <time>2018-09-30T10:59:19.000Z</time>
      </trkpt>
      <trkpt lat="42.282863" lon="-6.767414">
        <ele>1750.7</ele>
        <time>2018-09-30T10:59:29.000Z</time>
      </trkpt>
      <trkpt lat="42.282837" lon="-6.767382">
        <ele>1752.6</ele>
        <time>2018-09-30T10:59:40.000Z</time>
      </trkpt>
      <trkpt lat="42.282786" lon="-6.767371">
        <ele>1754.1</ele>
        <time>2018-09-30T10:59:52.000Z</time>
      </trkpt>
      <trkpt lat="42.282740" lon="-6.767373">
        <ele>1756.4</ele>
        <time>2018-09-30T11:00:05.000Z</time>
      </trkpt>
      <trkpt lat="42.282717" lon="-6.767344">
        <ele>1758.4</ele>
        <time>2018-09-30T11:00:17.000Z</time>
      </trkpt>
      <trkpt lat="42.282698" lon="-6.767310">
        <ele>1760.3</ele>
        <time>2018-09-30T11:00:27.000Z</time>
      </trkpt>
      <trkpt lat="42.282681" lon="-6.767236">
        <ele>1762.7</ele>
        <time>2018-09-30T11:00:38.000Z</time>
      </trkpt>
      <trkpt lat="42.282657" lon="-6.767250">
        <ele>1764.1</ele>
        <time>2018-09-30T11:00:49.000Z</time>
      </trkpt>
      <trkpt lat="42.282631" lon="-6.767194">
        <ele>1765.1</ele>
        <time>2018-09-30T11:01:01.000Z</time>
      </trkpt>
      <trkpt lat="42.282593" lon="-6.767135">
        <ele>1766.5</ele>
        <time>2018-09-30T11:01:11.000Z</time>
      </trkpt>
      <trkpt lat="42.282570" lon="-6.767086">
        <ele>1768.9</ele>
        <time>2018-09-30T11:01:21.000Z</time>
      </trkpt>
      <trkpt lat="42.282515" lon="-6.767085">
        <ele>1770.8</ele>
        <time>2018-09-30T11:01:32.000Z</time>
      </trkpt>
      <trkpt lat="42.282503" lon="-6.767069">
        <ele>1770.8</ele>
        <time>2018-09-30T11:01:34.000Z</time>
      </trkpt>
      <trkpt lat="42.282477" lon="-6.766958">
        <ele>1773.3</ele>
        <time>2018-09-30T11:01:47.000Z</time>
      </trkpt>
      <trkpt lat="42.282478" lon="-6.766925">
        <ele>1773.3</ele>
        <time>2018-09-30T11:01:51.000Z</time>
      </trkpt>
      <trkpt lat="42.282460" lon="-6.766832">
        <ele>1776.1</ele>
        <time>2018-09-30T11:02:02.000Z</time>
      </trkpt>
      <trkpt lat="42.282424" lon="-6.766740">
        <ele>1777.7</ele>
        <time>2018-09-30T11:02:13.000Z</time>
      </trkpt>
      <trkpt lat="42.282381" lon="-6.766662">
        <ele>1778.5</ele>
        <time>2018-09-30T11:02:23.000Z</time>
      </trkpt>
      <trkpt lat="42.282369" lon="-6.766624">
        <ele>1779.0</ele>
        <time>2018-09-30T11:02:32.000Z</time>
      </trkpt>
      <trkpt lat="42.282350" lon="-6.766520">
        <ele>1781.0</ele>
        <time>2018-09-30T11:02:43.000Z</time>
      </trkpt>
      <trkpt lat="42.282314" lon="-6.766415">
        <ele>1782.9</ele>
        <time>2018-09-30T11:02:55.000Z</time>
      </trkpt>
      <trkpt lat="42.282289" lon="-6.766319">
        <ele>1783.3</ele>
        <time>2018-09-30T11:03:03.000Z</time>
      </trkpt>
      <trkpt lat="42.282263" lon="-6.766246">
        <ele>1784.4</ele>
        <time>2018-09-30T11:03:08.000Z</time>
      </trkpt>
      <trkpt lat="42.282173" lon="-6.766085">
        <ele>1785.3</ele>
        <time>2018-09-30T11:03:20.000Z</time>
      </trkpt>
      <trkpt lat="42.282143" lon="-6.766012">
        <ele>1786.2</ele>
        <time>2018-09-30T11:03:26.000Z</time>
      </trkpt>
      <trkpt lat="42.282082" lon="-6.765838">
        <ele>1788.2</ele>
        <time>2018-09-30T11:03:41.000Z</time>
      </trkpt>
      <trkpt lat="42.282075" lon="-6.765832">
        <ele>1788.1</ele>
        <time>2018-09-30T11:03:42.000Z</time>
      </trkpt>
      <trkpt lat="42.282056" lon="-6.765800">
        <ele>1788.6</ele>
        <time>2018-09-30T11:03:45.000Z</time>
      </trkpt>
      <trkpt lat="42.282034" lon="-6.765773">
        <ele>1789.2</ele>
        <time>2018-09-30T11:03:48.000Z</time>
      </trkpt>
      <trkpt lat="42.281986" lon="-6.765613">
        <ele>1791.5</ele>
        <time>2018-09-30T11:04:02.000Z</time>
      </trkpt>
      <trkpt lat="42.281979" lon="-6.765594">
        <ele>1792.0</ele>
        <time>2018-09-30T11:04:04.000Z</time>
      </trkpt>
      <trkpt lat="42.281918" lon="-6.765495">
        <ele>1795.0</ele>
        <time>2018-09-30T11:04:16.000Z</time>
      </trkpt>
      <trkpt lat="42.281882" lon="-6.765402">
        <ele>1797.8</ele>
        <time>2018-09-30T11:04:27.000Z</time>
      </trkpt>
      <trkpt lat="42.281859" lon="-6.765344">
        <ele>1799.2</ele>
        <time>2018-09-30T11:04:38.000Z</time>
      </trkpt>
      <trkpt lat="42.281824" lon="-6.765229">
        <ele>1800.2</ele>
        <time>2018-09-30T11:04:49.000Z</time>
      </trkpt>
      <trkpt lat="42.281792" lon="-6.765174">
        <ele>1800.6</ele>
        <time>2018-09-30T11:04:55.000Z</time>
      </trkpt>
      <trkpt lat="42.281765" lon="-6.765094">
        <ele>1801.6</ele>
        <time>2018-09-30T11:05:02.000Z</time>
      </trkpt>
      <trkpt lat="42.281716" lon="-6.765004">
        <ele>1803.6</ele>
        <time>2018-09-30T11:05:12.000Z</time>
      </trkpt>
      <trkpt lat="42.281676" lon="-6.764904">
        <ele>1804.6</ele>
        <time>2018-09-30T11:05:22.000Z</time>
      </trkpt>
      <trkpt lat="42.281646" lon="-6.764819">
        <ele>1805.9</ele>
        <time>2018-09-30T11:05:31.000Z</time>
      </trkpt>
      <trkpt lat="42.281632" lon="-6.764735">
        <ele>1806.4</ele>
        <time>2018-09-30T11:05:38.000Z</time>
      </trkpt>
      <trkpt lat="42.281581" lon="-6.764611">
        <ele>1807.9</ele>
        <time>2018-09-30T11:05:50.000Z</time>
      </trkpt>
      <trkpt lat="42.281531" lon="-6.764517">
        <ele>1810.3</ele>
        <time>2018-09-30T11:06:01.000Z</time>
      </trkpt>
      <trkpt lat="42.281490" lon="-6.764429">
        <ele>1811.8</ele>
        <time>2018-09-30T11:06:11.000Z</time>
      </trkpt>
      <trkpt lat="42.281429" lon="-6.764341">
        <ele>1813.7</ele>
        <time>2018-09-30T11:06:24.000Z</time>
      </trkpt>
      <trkpt lat="42.281369" lon="-6.764243">
        <ele>1815.5</ele>
        <time>2018-09-30T11:06:37.000Z</time>
      </trkpt>
      <trkpt lat="42.281299" lon="-6.764107">
        <ele>1817.6</ele>
        <time>2018-09-30T11:06:48.000Z</time>
      </trkpt>
      <trkpt lat="42.281241" lon="-6.763995">
        <ele>1819.5</ele>
        <time>2018-09-30T11:06:59.000Z</time>
      </trkpt>
      <trkpt lat="42.281200" lon="-6.763902">
        <ele>1820.9</ele>
        <time>2018-09-30T11:07:10.000Z</time>
      </trkpt>
      <trkpt lat="42.281166" lon="-6.763825">
        <ele>1822.8</ele>
        <time>2018-09-30T11:07:24.000Z</time>
      </trkpt>
      <trkpt lat="42.281104" lon="-6.763766">
        <ele>1825.3</ele>
        <time>2018-09-30T11:07:35.000Z</time>
      </trkpt>
      <trkpt lat="42.281097" lon="-6.763656">
        <ele>1826.1</ele>
        <time>2018-09-30T11:07:45.000Z</time>
      </trkpt>
      <trkpt lat="42.281081" lon="-6.763641">
        <ele>1826.7</ele>
        <time>2018-09-30T11:07:48.000Z</time>
      </trkpt>
      <trkpt lat="42.281064" lon="-6.763586">
        <ele>1828.0</ele>
        <time>2018-09-30T11:07:57.000Z</time>
      </trkpt>
      <trkpt lat="42.281058" lon="-6.763504">
        <ele>1829.0</ele>
        <time>2018-09-30T11:08:08.000Z</time>
      </trkpt>
      <trkpt lat="42.281048" lon="-6.763491">
        <ele>1830.1</ele>
        <time>2018-09-30T11:08:22.000Z</time>
      </trkpt>
      <trkpt lat="42.281057" lon="-6.763502">
        <ele>1830.0</ele>
        <time>2018-09-30T11:08:48.000Z</time>
      </trkpt>
      <trkpt lat="42.281062" lon="-6.763495">
        <ele>1830.5</ele>
        <time>2018-09-30T11:09:02.000Z</time>
      </trkpt>
      <trkpt lat="42.281057" lon="-6.763501">
        <ele>1829.0</ele>
        <time>2018-09-30T11:09:10.000Z</time>
      </trkpt>
      <trkpt lat="42.281053" lon="-6.763509">
        <ele>1829.5</ele>
        <time>2018-09-30T11:09:27.000Z</time>
      </trkpt>
      <trkpt lat="42.281060" lon="-6.763502">
        <ele>1829.6</ele>
        <time>2018-09-30T11:09:40.000Z</time>
      </trkpt>
      <trkpt lat="42.281062" lon="-6.763505">
        <ele>1828.1</ele>
        <time>2018-09-30T11:09:43.000Z</time>
      </trkpt>
      <trkpt lat="42.281063" lon="-6.763516">
        <ele>1828.1</ele>
        <time>2018-09-30T11:09:53.000Z</time>
      </trkpt>
      <trkpt lat="42.281060" lon="-6.763485">
        <ele>1828.1</ele>
        <time>2018-09-30T11:10:05.000Z</time>
      </trkpt>
      <trkpt lat="42.281046" lon="-6.763462">
        <ele>1828.0</ele>
        <time>2018-09-30T11:10:11.000Z</time>
      </trkpt>
      <trkpt lat="42.280954" lon="-6.763310">
        <ele>1829.0</ele>
        <time>2018-09-30T11:10:24.000Z</time>
      </trkpt>
      <trkpt lat="42.280952" lon="-6.763314">
        <ele>1829.0</ele>
        <time>2018-09-30T11:10:32.000Z</time>
      </trkpt>
      <trkpt lat="42.280942" lon="-6.763288">
        <ele>1829.0</ele>
        <time>2018-09-30T11:10:34.000Z</time>
      </trkpt>
      <trkpt lat="42.280996" lon="-6.763283">
        <ele>1829.6</ele>
        <time>2018-09-30T11:10:46.000Z</time>
      </trkpt>
      <trkpt lat="42.280988" lon="-6.763276">
        <ele>1829.5</ele>
        <time>2018-09-30T11:10:47.000Z</time>
      </trkpt>
      <trkpt lat="42.280960" lon="-6.763217">
        <ele>1829.6</ele>
        <time>2018-09-30T11:10:57.000Z</time>
      </trkpt>
      <trkpt lat="42.280908" lon="-6.763105">
        <ele>1830.5</ele>
        <time>2018-09-30T11:11:10.000Z</time>
      </trkpt>
      <trkpt lat="42.280906" lon="-6.762961">
        <ele>1831.4</ele>
        <time>2018-09-30T11:11:22.000Z</time>
      </trkpt>
      <trkpt lat="42.280901" lon="-6.762879">
        <ele>1832.0</ele>
        <time>2018-09-30T11:11:31.000Z</time>
      </trkpt>
      <trkpt lat="42.280890" lon="-6.762615">
        <ele>1832.5</ele>
        <time>2018-09-30T11:11:45.000Z</time>
      </trkpt>
      <trkpt lat="42.280954" lon="-6.762272">
        <ele>1830.5</ele>
        <time>2018-09-30T11:12:02.000Z</time>
      </trkpt>
      <trkpt lat="42.281073" lon="-6.762000">
        <ele>1827.1</ele>
        <time>2018-09-30T11:12:17.000Z</time>
      </trkpt>
      <trkpt lat="42.281156" lon="-6.761784">
        <ele>1824.2</ele>
        <time>2018-09-30T11:12:30.000Z</time>
      </trkpt>
      <trkpt lat="42.281257" lon="-6.761545">
        <ele>1820.8</ele>
        <time>2018-09-30T11:12:43.000Z</time>
      </trkpt>
      <trkpt lat="42.281325" lon="-6.761397">
        <ele>1819.0</ele>
        <time>2018-09-30T11:12:51.000Z</time>
      </trkpt>
      <trkpt lat="42.281457" lon="-6.761156">
        <ele>1815.5</ele>
        <time>2018-09-30T11:13:05.000Z</time>
      </trkpt>
      <trkpt lat="42.281591" lon="-6.760915">
        <ele>1812.7</ele>
        <time>2018-09-30T11:13:19.000Z</time>
      </trkpt>
      <trkpt lat="42.281722" lon="-6.760705">
        <ele>1809.4</ele>
        <time>2018-09-30T11:13:32.000Z</time>
      </trkpt>
      <trkpt lat="42.281879" lon="-6.760457">
        <ele>1806.4</ele>
        <time>2018-09-30T11:13:47.000Z</time>
      </trkpt>
      <trkpt lat="42.282030" lon="-6.760220">
        <ele>1803.1</ele>
        <time>2018-09-30T11:14:02.000Z</time>
      </trkpt>
      <trkpt lat="42.282048" lon="-6.760195">
        <ele>1802.7</ele>
        <time>2018-09-30T11:14:04.000Z</time>
      </trkpt>
      <trkpt lat="42.282080" lon="-6.760177">
        <ele>1802.2</ele>
        <time>2018-09-30T11:14:07.000Z</time>
      </trkpt>
      <trkpt lat="42.282203" lon="-6.759954">
        <ele>1799.2</ele>
        <time>2018-09-30T11:14:22.000Z</time>
      </trkpt>
      <trkpt lat="42.282223" lon="-6.759936">
        <ele>1798.7</ele>
        <time>2018-09-30T11:14:24.000Z</time>
      </trkpt>
      <trkpt lat="42.282295" lon="-6.759884">
        <ele>1797.8</ele>
        <time>2018-09-30T11:14:35.000Z</time>
      </trkpt>
      <trkpt lat="42.282309" lon="-6.759899">
        <ele>1797.8</ele>
        <time>2018-09-30T11:14:51.000Z</time>
      </trkpt>
      <trkpt lat="42.282298" lon="-6.759902">
        <ele>1796.9</ele>
        <time>2018-09-30T11:15:06.000Z</time>
        <cmt>MIRADOR NATURAL A LAS MINAS DE VALBORRAZ</cmt>
      </trkpt>
      <trkpt lat="42.282295" lon="-6.759881">
        <ele>1798.2</ele>
        <time>2018-09-30T11:15:12.000Z</time>
      </trkpt>
      <trkpt lat="42.282296" lon="-6.759841">
        <ele>1796.9</ele>
        <time>2018-09-30T11:15:15.000Z</time>
      </trkpt>
      <trkpt lat="42.282320" lon="-6.759783">
        <ele>1796.4</ele>
        <time>2018-09-30T11:15:19.000Z</time>
      </trkpt>
      <trkpt lat="42.282434" lon="-6.759575">
        <ele>1793.0</ele>
        <time>2018-09-30T11:15:34.000Z</time>
      </trkpt>
      <trkpt lat="42.282530" lon="-6.759390">
        <ele>1790.2</ele>
        <time>2018-09-30T11:15:48.000Z</time>
      </trkpt>
      <trkpt lat="42.282589" lon="-6.759172">
        <ele>1789.2</ele>
        <time>2018-09-30T11:16:02.000Z</time>
      </trkpt>
      <trkpt lat="42.282590" lon="-6.758975">
        <ele>1790.2</ele>
        <time>2018-09-30T11:16:15.000Z</time>
      </trkpt>
      <trkpt lat="42.282605" lon="-6.758722">
        <ele>1791.1</ele>
        <time>2018-09-30T11:16:30.000Z</time>
      </trkpt>
      <trkpt lat="42.282608" lon="-6.758667">
        <ele>1791.0</ele>
        <time>2018-09-30T11:16:33.000Z</time>
      </trkpt>
      <trkpt lat="42.282618" lon="-6.758569">
        <ele>1791.5</ele>
        <time>2018-09-30T11:16:38.000Z</time>
      </trkpt>
      <trkpt lat="42.282630" lon="-6.758284">
        <ele>1792.0</ele>
        <time>2018-09-30T11:16:52.000Z</time>
      </trkpt>
      <trkpt lat="42.282664" lon="-6.758003">
        <ele>1792.0</ele>
        <time>2018-09-30T11:17:06.000Z</time>
      </trkpt>
      <trkpt lat="42.282764" lon="-6.757673">
        <ele>1792.5</ele>
        <time>2018-09-30T11:17:23.000Z</time>
      </trkpt>
      <trkpt lat="42.282795" lon="-6.757624">
        <ele>1791.1</ele>
        <time>2018-09-30T11:17:26.000Z</time>
      </trkpt>
      <trkpt lat="42.282913" lon="-6.757516">
        <ele>1791.6</ele>
        <time>2018-09-30T11:17:40.000Z</time>
      </trkpt>
      <trkpt lat="42.282968" lon="-6.757498">
        <ele>1792.6</ele>
        <time>2018-09-30T11:17:50.000Z</time>
      </trkpt>
      <trkpt lat="42.282969" lon="-6.757498">
        <ele>1792.5</ele>
        <time>2018-09-30T11:17:52.000Z</time>
      </trkpt>
      <trkpt lat="42.283031" lon="-6.757474">
        <ele>1793.1</ele>
        <time>2018-09-30T11:17:57.000Z</time>
      </trkpt>
      <trkpt lat="42.283178" lon="-6.757291">
        <ele>1793.1</ele>
        <time>2018-09-30T11:18:11.000Z</time>
      </trkpt>
      <trkpt lat="42.283199" lon="-6.757260">
        <ele>1791.5</ele>
        <time>2018-09-30T11:18:13.000Z</time>
      </trkpt>
      <trkpt lat="42.283359" lon="-6.757024">
        <ele>1790.2</ele>
        <time>2018-09-30T11:18:28.000Z</time>
      </trkpt>
      <trkpt lat="42.283463" lon="-6.756761">
        <ele>1786.7</ele>
        <time>2018-09-30T11:18:42.000Z</time>
      </trkpt>
      <trkpt lat="42.283498" lon="-6.756690">
        <ele>1786.2</ele>
        <time>2018-09-30T11:18:46.000Z</time>
      </trkpt>
      <trkpt lat="42.283545" lon="-6.756633">
        <ele>1784.8</ele>
        <time>2018-09-30T11:18:50.000Z</time>
      </trkpt>
      <trkpt lat="42.283608" lon="-6.756498">
        <ele>1780.9</ele>
        <time>2018-09-30T11:18:57.000Z</time>
      </trkpt>
      <trkpt lat="42.283626" lon="-6.756462">
        <ele>1780.6</ele>
        <time>2018-09-30T11:18:59.000Z</time>
      </trkpt>
      <trkpt lat="42.283711" lon="-6.756302">
        <ele>1776.6</ele>
        <time>2018-09-30T11:19:08.000Z</time>
      </trkpt>
      <trkpt lat="42.283802" lon="-6.756237">
        <ele>1774.8</ele>
        <time>2018-09-30T11:19:14.000Z</time>
      </trkpt>
      <trkpt lat="42.283879" lon="-6.756213">
        <ele>1771.9</ele>
        <time>2018-09-30T11:19:21.000Z</time>
      </trkpt>
      <trkpt lat="42.283877" lon="-6.756222">
        <ele>1771.9</ele>
        <time>2018-09-30T11:19:24.000Z</time>
      </trkpt>
      <trkpt lat="42.283921" lon="-6.756211">
        <ele>1771.8</ele>
        <time>2018-09-30T11:19:31.000Z</time>
      </trkpt>
      <trkpt lat="42.283945" lon="-6.756168">
        <ele>1771.9</ele>
        <time>2018-09-30T11:19:38.000Z</time>
      </trkpt>
      <trkpt lat="42.283989" lon="-6.756130">
        <ele>1771.9</ele>
        <time>2018-09-30T11:19:42.000Z</time>
      </trkpt>
      <trkpt lat="42.284063" lon="-6.756130">
        <ele>1769.9</ele>
        <time>2018-09-30T11:19:54.000Z</time>
      </trkpt>
      <trkpt lat="42.284069" lon="-6.756136">
        <ele>1769.4</ele>
        <time>2018-09-30T11:19:55.000Z</time>
      </trkpt>
      <trkpt lat="42.284253" lon="-6.756132">
        <ele>1766.5</ele>
        <time>2018-09-30T11:20:07.000Z</time>
      </trkpt>
      <trkpt lat="42.284377" lon="-6.756112">
        <ele>1763.3</ele>
        <time>2018-09-30T11:20:16.000Z</time>
      </trkpt>
      <trkpt lat="42.284404" lon="-6.756096">
        <ele>1762.3</ele>
        <time>2018-09-30T11:20:18.000Z</time>
      </trkpt>
      <trkpt lat="42.284497" lon="-6.756067">
        <ele>1760.3</ele>
        <time>2018-09-30T11:20:24.000Z</time>
      </trkpt>
      <trkpt lat="42.284605" lon="-6.756028">
        <ele>1756.5</ele>
        <time>2018-09-30T11:20:31.000Z</time>
      </trkpt>
      <trkpt lat="42.284616" lon="-6.756020">
        <ele>1756.4</ele>
        <time>2018-09-30T11:20:32.000Z</time>
      </trkpt>
      <trkpt lat="42.284742" lon="-6.756002">
        <ele>1754.1</ele>
        <time>2018-09-30T11:20:41.000Z</time>
      </trkpt>
      <trkpt lat="42.284874" lon="-6.756004">
        <ele>1750.3</ele>
        <time>2018-09-30T11:20:52.000Z</time>
      </trkpt>
      <trkpt lat="42.285007" lon="-6.756040">
        <ele>1747.9</ele>
        <time>2018-09-30T11:21:06.000Z</time>
      </trkpt>
      <trkpt lat="42.285138" lon="-6.756061">
        <ele>1745.8</ele>
        <time>2018-09-30T11:21:19.000Z</time>
      </trkpt>
      <trkpt lat="42.285297" lon="-6.756019">
        <ele>1743.0</ele>
        <time>2018-09-30T11:21:32.000Z</time>
      </trkpt>
      <trkpt lat="42.285348" lon="-6.756022">
        <ele>1742.0</ele>
        <time>2018-09-30T11:21:36.000Z</time>
      </trkpt>
      <trkpt lat="42.285536" lon="-6.756000">
        <ele>1739.2</ele>
        <time>2018-09-30T11:21:51.000Z</time>
      </trkpt>
      <trkpt lat="42.285713" lon="-6.755972">
        <ele>1737.3</ele>
        <time>2018-09-30T11:22:05.000Z</time>
      </trkpt>
      <trkpt lat="42.285876" lon="-6.755980">
        <ele>1735.9</ele>
        <time>2018-09-30T11:22:18.000Z</time>
      </trkpt>
      <trkpt lat="42.285988" lon="-6.756026">
        <ele>1734.8</ele>
        <time>2018-09-30T11:22:28.000Z</time>
      </trkpt>
      <trkpt lat="42.286093" lon="-6.756125">
        <ele>1734.9</ele>
        <time>2018-09-30T11:22:38.000Z</time>
      </trkpt>
      <trkpt lat="42.286176" lon="-6.756260">
        <ele>1733.9</ele>
        <time>2018-09-30T11:22:48.000Z</time>
      </trkpt>
      <trkpt lat="42.286270" lon="-6.756395">
        <ele>1730.9</ele>
        <time>2018-09-30T11:22:59.000Z</time>
      </trkpt>
      <trkpt lat="42.286351" lon="-6.756520">
        <ele>1728.2</ele>
        <time>2018-09-30T11:23:09.000Z</time>
      </trkpt>
      <trkpt lat="42.286455" lon="-6.756703">
        <ele>1725.8</ele>
        <time>2018-09-30T11:23:23.000Z</time>
      </trkpt>
      <trkpt lat="42.286505" lon="-6.756776">
        <ele>1725.7</ele>
        <time>2018-09-30T11:23:29.000Z</time>
      </trkpt>
      <trkpt lat="42.286547" lon="-6.756796">
        <ele>1727.6</ele>
        <time>2018-09-30T11:23:33.000Z</time>
      </trkpt>
      <trkpt lat="42.286564" lon="-6.756857">
        <ele>1727.6</ele>
        <time>2018-09-30T11:23:41.000Z</time>
      </trkpt>
      <trkpt lat="42.286632" lon="-6.756909">
        <ele>1726.2</ele>
        <time>2018-09-30T11:23:51.000Z</time>
        <cmt>EXPLANADA CANTERA</cmt>
      </trkpt>
      <trkpt lat="42.286770" lon="-6.757017">
        <ele>1727.2</ele>
        <time>2018-09-30T11:24:05.000Z</time>
      </trkpt>
      <trkpt lat="42.286829" lon="-6.757032">
        <ele>1726.2</ele>
        <time>2018-09-30T11:24:10.000Z</time>
      </trkpt>
      <trkpt lat="42.287023" lon="-6.757063">
        <ele>1723.3</ele>
        <time>2018-09-30T11:24:26.000Z</time>
      </trkpt>
      <trkpt lat="42.287197" lon="-6.757067">
        <ele>1720.5</ele>
        <time>2018-09-30T11:24:40.000Z</time>
      </trkpt>
      <trkpt lat="42.287378" lon="-6.757086">
        <ele>1717.6</ele>
        <time>2018-09-30T11:24:55.000Z</time>
      </trkpt>
      <trkpt lat="42.287566" lon="-6.757073">
        <ele>1715.6</ele>
        <time>2018-09-30T11:25:10.000Z</time>
      </trkpt>
      <trkpt lat="42.287615" lon="-6.757061">
        <ele>1715.6</ele>
        <time>2018-09-30T11:25:14.000Z</time>
      </trkpt>
      <trkpt lat="42.287669" lon="-6.757048">
        <ele>1717.1</ele>
        <time>2018-09-30T11:25:18.000Z</time>
      </trkpt>
      <trkpt lat="42.287668" lon="-6.757053">
        <ele>1717.1</ele>
        <time>2018-09-30T11:25:24.000Z</time>
      </trkpt>
      <trkpt lat="42.287735" lon="-6.757028">
        <ele>1716.5</ele>
        <time>2018-09-30T11:25:29.000Z</time>
      </trkpt>
      <trkpt lat="42.287842" lon="-6.757001">
        <ele>1714.6</ele>
        <time>2018-09-30T11:25:36.000Z</time>
      </trkpt>
      <trkpt lat="42.288107" lon="-6.756900">
        <ele>1714.7</ele>
        <time>2018-09-30T11:25:55.000Z</time>
      </trkpt>
      <trkpt lat="42.288286" lon="-6.756775">
        <ele>1716.1</ele>
        <time>2018-09-30T11:26:10.000Z</time>
      </trkpt>
      <trkpt lat="42.288450" lon="-6.756591">
        <ele>1716.5</ele>
        <time>2018-09-30T11:26:26.000Z</time>
      </trkpt>
      <trkpt lat="42.288585" lon="-6.756364">
        <ele>1718.0</ele>
        <time>2018-09-30T11:26:42.000Z</time>
      </trkpt>
      <trkpt lat="42.288652" lon="-6.756165">
        <ele>1718.5</ele>
        <time>2018-09-30T11:26:57.000Z</time>
      </trkpt>
      <trkpt lat="42.288709" lon="-6.755964">
        <ele>1719.4</ele>
        <time>2018-09-30T11:27:10.000Z</time>
      </trkpt>
      <trkpt lat="42.288837" lon="-6.755707">
        <ele>1720.9</ele>
        <time>2018-09-30T11:27:28.000Z</time>
      </trkpt>
      <trkpt lat="42.288864" lon="-6.755657">
        <ele>1721.9</ele>
        <time>2018-09-30T11:27:32.000Z</time>
      </trkpt>
      <trkpt lat="42.288875" lon="-6.755631">
        <ele>1722.3</ele>
        <time>2018-09-30T11:27:34.000Z</time>
      </trkpt>
      <trkpt lat="42.288943" lon="-6.755498">
        <ele>1723.8</ele>
        <time>2018-09-30T11:27:46.000Z</time>
      </trkpt>
      <trkpt lat="42.289026" lon="-6.755366">
        <ele>1725.7</ele>
        <time>2018-09-30T11:27:58.000Z</time>
      </trkpt>
      <trkpt lat="42.289164" lon="-6.755258">
        <ele>1726.6</ele>
        <time>2018-09-30T11:28:12.000Z</time>
      </trkpt>
      <trkpt lat="42.289317" lon="-6.755106">
        <ele>1727.7</ele>
        <time>2018-09-30T11:28:27.000Z</time>
      </trkpt>
      <trkpt lat="42.289389" lon="-6.754948">
        <ele>1726.2</ele>
        <time>2018-09-30T11:28:39.000Z</time>
      </trkpt>
      <trkpt lat="42.289422" lon="-6.754817">
        <ele>1726.6</ele>
        <time>2018-09-30T11:28:48.000Z</time>
      </trkpt>
      <trkpt lat="42.289441" lon="-6.754722">
        <ele>1726.1</ele>
        <time>2018-09-30T11:28:54.000Z</time>
      </trkpt>
      <trkpt lat="42.289452" lon="-6.754692">
        <ele>1726.1</ele>
        <time>2018-09-30T11:28:56.000Z</time>
      </trkpt>
      <trkpt lat="42.289502" lon="-6.754470">
        <ele>1725.7</ele>
        <time>2018-09-30T11:29:11.000Z</time>
        <cmt>ESCOMBRERA DE CANTERA DE PIZARRA</cmt>
      </trkpt>
      <trkpt lat="42.289506" lon="-6.754191">
        <ele>1724.2</ele>
        <time>2018-09-30T11:29:27.000Z</time>
      </trkpt>
      <trkpt lat="42.289481" lon="-6.753955">
        <ele>1723.4</ele>
        <time>2018-09-30T11:29:40.000Z</time>
      </trkpt>
      <trkpt lat="42.289418" lon="-6.753690">
        <ele>1721.8</ele>
        <time>2018-09-30T11:29:56.000Z</time>
      </trkpt>
      <trkpt lat="42.289399" lon="-6.753671">
        <ele>1721.3</ele>
        <time>2018-09-30T11:29:58.000Z</time>
      </trkpt>
      <trkpt lat="42.289250" lon="-6.753507">
        <ele>1720.4</ele>
        <time>2018-09-30T11:30:13.000Z</time>
      </trkpt>
      <trkpt lat="42.289078" lon="-6.753386">
        <ele>1718.9</ele>
        <time>2018-09-30T11:30:28.000Z</time>
      </trkpt>
      <trkpt lat="42.288900" lon="-6.753313">
        <ele>1718.1</ele>
        <time>2018-09-30T11:30:43.000Z</time>
      </trkpt>
      <trkpt lat="42.288720" lon="-6.753284">
        <ele>1717.0</ele>
        <time>2018-09-30T11:30:57.000Z</time>
      </trkpt>
      <trkpt lat="42.288595" lon="-6.753241">
        <ele>1716.1</ele>
        <time>2018-09-30T11:31:07.000Z</time>
      </trkpt>
      <trkpt lat="42.288519" lon="-6.753230">
        <ele>1715.1</ele>
        <time>2018-09-30T11:31:18.000Z</time>
      </trkpt>
      <trkpt lat="42.288496" lon="-6.753195">
        <ele>1715.2</ele>
        <time>2018-09-30T11:31:24.000Z</time>
      </trkpt>
      <trkpt lat="42.288443" lon="-6.753165">
        <ele>1715.1</ele>
        <time>2018-09-30T11:31:34.000Z</time>
      </trkpt>
      <trkpt lat="42.288447" lon="-6.753142">
        <ele>1715.1</ele>
        <time>2018-09-30T11:31:37.000Z</time>
      </trkpt>
      <trkpt lat="42.288424" lon="-6.752947">
        <ele>1715.2</ele>
        <time>2018-09-30T11:31:48.000Z</time>
      </trkpt>
      <trkpt lat="42.288422" lon="-6.752930">
        <ele>1715.1</ele>
        <time>2018-09-30T11:31:49.000Z</time>
      </trkpt>
      <trkpt lat="42.288432" lon="-6.752890">
        <ele>1716.0</ele>
        <time>2018-09-30T11:31:54.000Z</time>
        <cmt>FLEHAS DE DIRECCIÓN AL TEIXADAL</cmt>
      </trkpt>
      <trkpt lat="42.288461" lon="-6.752873">
        <ele>1714.6</ele>
        <time>2018-09-30T11:31:57.000Z</time>
      </trkpt>
      <trkpt lat="42.288472" lon="-6.752873">
        <ele>1714.6</ele>
        <time>2018-09-30T11:31:58.000Z</time>
      </trkpt>
      <trkpt lat="42.288693" lon="-6.752875">
        <ele>1712.2</ele>
        <time>2018-09-30T11:32:16.000Z</time>
      </trkpt>
      <trkpt lat="42.288728" lon="-6.752863">
        <ele>1710.8</ele>
        <time>2018-09-30T11:32:19.000Z</time>
      </trkpt>
      <trkpt lat="42.288828" lon="-6.752784">
        <ele>1709.9</ele>
        <time>2018-09-30T11:32:31.000Z</time>
      </trkpt>
      <trkpt lat="42.288926" lon="-6.752715">
        <ele>1708.9</ele>
        <time>2018-09-30T11:32:39.000Z</time>
      </trkpt>
      <trkpt lat="42.289082" lon="-6.752550">
        <ele>1707.0</ele>
        <time>2018-09-30T11:32:53.000Z</time>
      </trkpt>
      <trkpt lat="42.289185" lon="-6.752413">
        <ele>1705.6</ele>
        <time>2018-09-30T11:33:05.000Z</time>
      </trkpt>
      <trkpt lat="42.289319" lon="-6.752234">
        <ele>1704.1</ele>
        <time>2018-09-30T11:33:16.000Z</time>
      </trkpt>
      <trkpt lat="42.289470" lon="-6.752045">
        <ele>1702.7</ele>
        <time>2018-09-30T11:33:27.000Z</time>
      </trkpt>
      <trkpt lat="42.289483" lon="-6.752041">
        <ele>1702.6</ele>
        <time>2018-09-30T11:33:30.000Z</time>
      </trkpt>
      <trkpt lat="42.289497" lon="-6.752029">
        <ele>1702.7</ele>
        <time>2018-09-30T11:33:31.000Z</time>
      </trkpt>
      <trkpt lat="42.289509" lon="-6.752018">
        <ele>1702.6</ele>
        <time>2018-09-30T11:33:32.000Z</time>
      </trkpt>
      <trkpt lat="42.289591" lon="-6.751925">
        <ele>1702.6</ele>
        <time>2018-09-30T11:33:45.000Z</time>
      </trkpt>
      <trkpt lat="42.289604" lon="-6.751924">
        <ele>1702.7</ele>
        <time>2018-09-30T11:33:49.000Z</time>
      </trkpt>
      <trkpt lat="42.289626" lon="-6.751923">
        <ele>1702.2</ele>
        <time>2018-09-30T11:33:51.000Z</time>
      </trkpt>
      <trkpt lat="42.289665" lon="-6.751971">
        <ele>1702.2</ele>
        <time>2018-09-30T11:34:03.000Z</time>
      </trkpt>
      <trkpt lat="42.289654" lon="-6.751949">
        <ele>1702.2</ele>
        <time>2018-09-30T11:34:11.000Z</time>
      </trkpt>
      <trkpt lat="42.289666" lon="-6.751968">
        <ele>1701.7</ele>
        <time>2018-09-30T11:34:24.000Z</time>
      </trkpt>
      <trkpt lat="42.289676" lon="-6.751956">
        <ele>1701.7</ele>
        <time>2018-09-30T11:34:33.000Z</time>
      </trkpt>
      <trkpt lat="42.289659" lon="-6.751969">
        <ele>1700.7</ele>
        <time>2018-09-30T11:34:45.000Z</time>
        <cmt>BASE DE LA CABRITA - INICIO Y FIN RUTA</cmt>
      </trkpt>
      <trkpt lat="42.289661" lon="-6.751959">
        <ele>1702.2</ele>
        <time>2018-09-30T11:35:01.000Z</time>
      </trkpt>
    </trkseg>
  </trk>
</gpx>
