<?xml version="1.0" encoding="UTF-8" standalone="no" ?>
<gpx creator="CompeGPS" version="1.1" xsi:schemaLocation="http://www.topografix.com/GPX/1/1 http://www.topografix.com/GPX/1/1/gpx.xsd http://www.garmin.com/xmlschemas/WaypointExtension/v1 http://www8.garmin.com/xmlschemas/WaypointExtensionv1.xsd http://www.garmin.com/xmlschemas/TrackPointExtension/v1 http://www.garmin.com/xmlschemas/TrackPointExtensionv1.xsd http://www.garmin.com/xmlschemas/GpxExtensions/v3 http://www8.garmin.com/xmlschemas/GpxExtensionsv3.xsd http://www.garmin.com/xmlschemas/ActivityExtension/v1 http://www8.garmin.com/xmlschemas/ActivityExtensionv1.xsd http://www.garmin.com/xmlschemas/AdventuresExtensions/v1 http://www8.garmin.com/xmlschemas/AdventuresExtensionv1.xsd http://www.garmin.com/xmlschemas/PressureExtension/v1 http://www.garmin.com/xmlschemas/PressureExtensionv1.xsd http://www.garmin.com/xmlschemas/TripExtensions/v1 http://www.garmin.com/xmlschemas/TripExtensionsv1.xsd http://www.garmin.com/xmlschemas/TripMetaDataExtensions/v1 http://www.garmin.com/xmlschemas/TripMetaDataExtensionsv1.xsd http://www.garmin.com/xmlschemas/ViaPointTransportationModeExtensions/v1 http://www.garmin.com/xmlschemas/ViaPointTransportationModeExtensionsv1.xsd http://www.garmin.com/xmlschemas/CreationTimeExtension/v1 http://www.garmin.com/xmlschemas/CreationTimeExtensionsv1.xsd http://www.garmin.com/xmlschemas/AccelerationExtension/v1 http://www.garmin.com/xmlschemas/AccelerationExtensionv1.xsd http://www.garmin.com/xmlschemas/PowerExtension/v1 http://www.garmin.com/xmlschemas/PowerExtensionv1.xsd http://www.garmin.com/xmlschemas/VideoExtension/v1 http://www.garmin.com/xmlschemas/VideoExtensionv1.xsd" xmlns="http://www.topografix.com/GPX/1/1" xmlns:xsi="http://www.w3.org/2001/XMLSchema-instance" xmlns:wptx1="http://www.garmin.com/xmlschemas/WaypointExtension/v1" xmlns:gpxtrx="http://www.garmin.com/xmlschemas/GpxExtensions/v3" xmlns:gpxtpx="http://www.garmin.com/xmlschemas/TrackPointExtension/v1" xmlns:gpxx="http://www.garmin.com/xmlschemas/GpxExtensions/v3" xmlns:trp="http://www.garmin.com/xmlschemas/TripExtensions/v1" xmlns:adv="http://www.garmin.com/xmlschemas/AdventuresExtensions/v1" xmlns:prs="http://www.garmin.com/xmlschemas/PressureExtension/v1" xmlns:tmd="http://www.garmin.com/xmlschemas/TripMetaDataExtensions/v1" xmlns:vptm="http://www.garmin.com/xmlschemas/ViaPointTransportationModeExtensions/v1" xmlns:ctx="http://www.garmin.com/xmlschemas/CreationTimeExtension/v1" xmlns:gpxacc="http://www.garmin.com/xmlschemas/AccelerationExtension/v1" xmlns:gpxpx="http://www.garmin.com/xmlschemas/PowerExtension/v1" xmlns:vidx1="http://www.garmin.com/xmlschemas/VideoExtension/v1" xmlns:twonav="http://twonav.com/twonav">
  <metadata>
    <author>
      <email id="" domain=""/>
    </author>
    <copyright author="">
      <license></license>
    </copyright>
    <link href="http://www.compegps.com">
      <text>CompeGPS TEAM, SL</text>
    </link>
    <time>2020-06-21T17:18:49.000Z</time>
    <bounds maxlat="42.289119" maxlon="-6.755446" minlat="42.242263" minlon="-6.796210"/>
  </metadata>
  <trk>
    <name>[EXVTEI2301] D2 Pena Surbia Pena Negra Pena Trevinca TRK V1</name>
    <extensions>
      <line xmlns="http://www.topografix.com/GPX/gpx_style/0/2">
        <width>4</width>
      </line>
      <gpxx:TrackExtension>
        <gpxx:DisplayColor>DarkBlue</gpxx:DisplayColor>
      </gpxx:TrackExtension>
      <twonav:TwoNavExtension>
        <twonav:activity>4</twonav:activity>
        <twonav:terrain>0</twonav:terrain>
      </twonav:TwoNavExtension>
    </extensions>
    <trkseg>
      <trkpt lat="42.289119" lon="-6.755681">
        <ele>1645.2</ele>
        <time>2020-06-21T09:28:36.039Z</time>
      </trkpt>
      <trkpt lat="42.288448" lon="-6.757061">
        <ele>1641.7</ele>
        <time>2020-06-21T09:32:25.637Z</time>
      </trkpt>
      <trkpt lat="42.287940" lon="-6.757180">
        <ele>1651.5</ele>
        <time>2020-06-21T09:34:03.868Z</time>
      </trkpt>
      <trkpt lat="42.286525" lon="-6.757086">
        <ele>1671.7</ele>
        <time>2020-06-21T09:38:32.322Z</time>
      </trkpt>
      <trkpt lat="42.285982" lon="-6.756273">
        <ele>1698.7</ele>
        <time>2020-06-21T09:41:11.233Z</time>
      </trkpt>
      <trkpt lat="42.283806" lon="-6.756370">
        <ele>1746.2</ele>
        <time>2020-06-21T09:48:08.098Z</time>
      </trkpt>
      <trkpt lat="42.283199" lon="-6.757179">
        <ele>1747.0</ele>
        <time>2020-06-21T09:50:48.317Z</time>
      </trkpt>
      <trkpt lat="42.282737" lon="-6.758068">
        <ele>1756.9</ele>
        <time>2020-06-21T09:53:20.229Z</time>
      </trkpt>
      <trkpt lat="42.282678" lon="-6.759369">
        <ele>1739.0</ele>
        <time>2020-06-21T09:56:24.078Z</time>
      </trkpt>
      <trkpt lat="42.281135" lon="-6.762088">
        <ele>1791.7</ele>
        <time>2020-06-21T10:04:28.757Z</time>
      </trkpt>
      <trkpt lat="42.280965" lon="-6.763757">
        <ele>1797.8</ele>
        <time>2020-06-21T10:08:23.186Z</time>
      </trkpt>
      <trkpt lat="42.278746" lon="-6.762743">
        <ele>1827.3</ele>
        <time>2020-06-21T10:15:46.203Z</time>
      </trkpt>
      <trkpt lat="42.278148" lon="-6.762838">
        <ele>1819.0</ele>
        <time>2020-06-21T10:17:40.210Z</time>
      </trkpt>
      <trkpt lat="42.277030" lon="-6.763377">
        <ele>1810.3</ele>
        <time>2020-06-21T10:21:23.702Z</time>
      </trkpt>
      <trkpt lat="42.274937" lon="-6.763431">
        <ele>1826.3</ele>
        <time>2020-06-21T10:27:57.891Z</time>
      </trkpt>
      <trkpt lat="42.274235" lon="-6.763884">
        <ele>1822.7</ele>
        <time>2020-06-21T10:30:24.298Z</time>
      </trkpt>
      <trkpt lat="42.272136" lon="-6.764011">
        <ele>1840.1</ele>
        <time>2020-06-21T10:37:00.237Z</time>
      </trkpt>
      <trkpt lat="42.270774" lon="-6.764265">
        <ele>1851.9</ele>
        <time>2020-06-21T10:41:19.343Z</time>
      </trkpt>
      <trkpt lat="42.270252" lon="-6.764725">
        <ele>1858.2</ele>
        <time>2020-06-21T10:43:16.903Z</time>
      </trkpt>
      <trkpt lat="42.269232" lon="-6.764823">
        <ele>1849.5</ele>
        <time>2020-06-21T10:46:29.564Z</time>
      </trkpt>
      <trkpt lat="42.267520" lon="-6.764276">
        <ele>1869.2</ele>
        <time>2020-06-21T10:52:01.818Z</time>
      </trkpt>
      <trkpt lat="42.265468" lon="-6.764542">
        <ele>1883.5</ele>
        <time>2020-06-21T10:58:29.801Z</time>
      </trkpt>
      <trkpt lat="42.263819" lon="-6.764652">
        <ele>1892.8</ele>
        <time>2020-06-21T11:03:40.474Z</time>
      </trkpt>
      <trkpt lat="42.263204" lon="-6.765313">
        <ele>1907.6</ele>
        <time>2020-06-21T11:06:10.354Z</time>
      </trkpt>
      <trkpt lat="42.262293" lon="-6.766306">
        <ele>1893.8</ele>
        <time>2020-06-21T11:09:51.496Z</time>
      </trkpt>
      <trkpt lat="42.261330" lon="-6.766953">
        <ele>1879.3</ele>
        <time>2020-06-21T11:13:14.991Z</time>
      </trkpt>
      <trkpt lat="42.260205" lon="-6.767566">
        <ele>1874.2</ele>
        <time>2020-06-21T11:17:03.008Z</time>
      </trkpt>
      <trkpt lat="42.259415" lon="-6.767929">
        <ele>1871.9</ele>
        <time>2020-06-21T11:19:39.869Z</time>
      </trkpt>
      <trkpt lat="42.258481" lon="-6.768689">
        <ele>1860.7</ele>
        <time>2020-06-21T11:23:05.627Z</time>
      </trkpt>
      <trkpt lat="42.257588" lon="-6.769528">
        <ele>1861.7</ele>
        <time>2020-06-21T11:26:30.045Z</time>
      </trkpt>
      <trkpt lat="42.256591" lon="-6.771155">
        <ele>1888.0</ele>
        <time>2020-06-21T11:31:27.189Z</time>
      </trkpt>
      <trkpt lat="42.256543" lon="-6.771150">
        <ele>1891.0</ele>
        <time>2020-06-21T11:31:37.568Z</time>
      </trkpt>
      <trkpt lat="42.256373" lon="-6.771149">
        <ele>1901.6</ele>
        <time>2020-06-21T11:32:14.072Z</time>
      </trkpt>
      <trkpt lat="42.256312" lon="-6.771067">
        <ele>1905.0</ele>
        <time>2020-06-21T11:32:31.296Z</time>
      </trkpt>
      <trkpt lat="42.256304" lon="-6.770980">
        <ele>1905.0</ele>
        <time>2020-06-21T11:32:43.483Z</time>
      </trkpt>
      <trkpt lat="42.256087" lon="-6.770792">
        <ele>1919.8</ele>
        <time>2020-06-21T11:33:37.932Z</time>
      </trkpt>
      <trkpt lat="42.256023" lon="-6.770830">
        <ele>1923.9</ele>
        <time>2020-06-21T11:33:52.851Z</time>
      </trkpt>
      <trkpt lat="42.255902" lon="-6.770696">
        <ele>1933.5</ele>
        <time>2020-06-21T11:34:26.489Z</time>
      </trkpt>
      <trkpt lat="42.255701" lon="-6.770734">
        <ele>1940.9</ele>
        <time>2020-06-21T11:35:06.640Z</time>
      </trkpt>
      <trkpt lat="42.255621" lon="-6.770722">
        <ele>1943.0</ele>
        <time>2020-06-21T11:35:22.000Z</time>
      </trkpt>
      <trkpt lat="42.255349" lon="-6.770627">
        <ele>1915.8</ele>
        <time>2020-06-21T11:35:34.000Z</time>
      </trkpt>
      <trkpt lat="42.255323" lon="-6.770684">
        <ele>1915.6</ele>
        <time>2020-06-21T11:35:40.000Z</time>
      </trkpt>
      <trkpt lat="42.255302" lon="-6.770740">
        <ele>1915.2</ele>
        <time>2020-06-21T11:35:47.000Z</time>
      </trkpt>
      <trkpt lat="42.255263" lon="-6.770779">
        <ele>1915.2</ele>
        <time>2020-06-21T11:35:54.000Z</time>
      </trkpt>
      <trkpt lat="42.255216" lon="-6.770803">
        <ele>1915.4</ele>
        <time>2020-06-21T11:36:02.000Z</time>
      </trkpt>
      <trkpt lat="42.255171" lon="-6.770828">
        <ele>1915.5</ele>
        <time>2020-06-21T11:36:07.000Z</time>
      </trkpt>
      <trkpt lat="42.255131" lon="-6.770859">
        <ele>1915.7</ele>
        <time>2020-06-21T11:36:13.000Z</time>
      </trkpt>
      <trkpt lat="42.255092" lon="-6.770894">
        <ele>1916.1</ele>
        <time>2020-06-21T11:36:20.000Z</time>
      </trkpt>
      <trkpt lat="42.255046" lon="-6.770892">
        <ele>1916.7</ele>
        <time>2020-06-21T11:36:27.000Z</time>
      </trkpt>
      <trkpt lat="42.255003" lon="-6.770910">
        <ele>1917.6</ele>
        <time>2020-06-21T11:36:35.000Z</time>
      </trkpt>
      <trkpt lat="42.254961" lon="-6.770936">
        <ele>1918.6</ele>
        <time>2020-06-21T11:36:42.000Z</time>
      </trkpt>
      <trkpt lat="42.254929" lon="-6.770985">
        <ele>1919.4</ele>
        <time>2020-06-21T11:36:48.000Z</time>
      </trkpt>
      <trkpt lat="42.254893" lon="-6.771028">
        <ele>1920.2</ele>
        <time>2020-06-21T11:36:56.000Z</time>
      </trkpt>
      <trkpt lat="42.254876" lon="-6.771085">
        <ele>1921.2</ele>
        <time>2020-06-21T11:37:16.000Z</time>
      </trkpt>
      <trkpt lat="42.254863" lon="-6.771149">
        <ele>1922.3</ele>
        <time>2020-06-21T11:37:22.000Z</time>
      </trkpt>
      <trkpt lat="42.254841" lon="-6.771203">
        <ele>1923.6</ele>
        <time>2020-06-21T11:37:31.000Z</time>
      </trkpt>
      <trkpt lat="42.254812" lon="-6.771252">
        <ele>1925.3</ele>
        <time>2020-06-21T11:37:43.000Z</time>
      </trkpt>
      <trkpt lat="42.254800" lon="-6.771312">
        <ele>1926.6</ele>
        <time>2020-06-21T11:37:50.000Z</time>
      </trkpt>
      <trkpt lat="42.254796" lon="-6.771373">
        <ele>1928.1</ele>
        <time>2020-06-21T11:37:57.000Z</time>
      </trkpt>
      <trkpt lat="42.254792" lon="-6.771434">
        <ele>1930.0</ele>
        <time>2020-06-21T11:38:14.000Z</time>
      </trkpt>
      <trkpt lat="42.254784" lon="-6.771495">
        <ele>1931.1</ele>
        <time>2020-06-21T11:38:27.000Z</time>
      </trkpt>
      <trkpt lat="42.254793" lon="-6.771555">
        <ele>1932.2</ele>
        <time>2020-06-21T11:38:38.000Z</time>
      </trkpt>
      <trkpt lat="42.254747" lon="-6.771565">
        <ele>1933.2</ele>
        <time>2020-06-21T11:38:49.000Z</time>
      </trkpt>
      <trkpt lat="42.254736" lon="-6.771628">
        <ele>1935.9</ele>
        <time>2020-06-21T11:39:04.000Z</time>
      </trkpt>
      <trkpt lat="42.254703" lon="-6.771673">
        <ele>1938.4</ele>
        <time>2020-06-21T11:39:15.000Z</time>
      </trkpt>
      <trkpt lat="42.254670" lon="-6.771720">
        <ele>1940.6</ele>
        <time>2020-06-21T11:39:23.000Z</time>
      </trkpt>
      <trkpt lat="42.254626" lon="-6.771738">
        <ele>1943.3</ele>
        <time>2020-06-21T11:39:37.000Z</time>
      </trkpt>
      <trkpt lat="42.254614" lon="-6.771799">
        <ele>1945.7</ele>
        <time>2020-06-21T11:39:47.000Z</time>
      </trkpt>
      <trkpt lat="42.254640" lon="-6.771856">
        <ele>1947.4</ele>
        <time>2020-06-21T11:39:55.000Z</time>
      </trkpt>
      <trkpt lat="42.254641" lon="-6.771921">
        <ele>1949.0</ele>
        <time>2020-06-21T11:40:04.000Z</time>
      </trkpt>
      <trkpt lat="42.254633" lon="-6.771983">
        <ele>1950.7</ele>
        <time>2020-06-21T11:40:16.000Z</time>
      </trkpt>
      <trkpt lat="42.254633" lon="-6.772045">
        <ele>1952.2</ele>
        <time>2020-06-21T11:40:26.000Z</time>
      </trkpt>
      <trkpt lat="42.254670" lon="-6.772086">
        <ele>1953.8</ele>
        <time>2020-06-21T11:40:35.000Z</time>
      </trkpt>
      <trkpt lat="42.254666" lon="-6.772152">
        <ele>1955.4</ele>
        <time>2020-06-21T11:40:44.000Z</time>
      </trkpt>
      <trkpt lat="42.254658" lon="-6.772215">
        <ele>1957.2</ele>
        <time>2020-06-21T11:40:56.000Z</time>
      </trkpt>
      <trkpt lat="42.254629" lon="-6.772268">
        <ele>1958.6</ele>
        <time>2020-06-21T11:41:09.000Z</time>
      </trkpt>
      <trkpt lat="42.254618" lon="-6.772327">
        <ele>1960.4</ele>
        <time>2020-06-21T11:41:18.000Z</time>
      </trkpt>
      <trkpt lat="42.254607" lon="-6.772387">
        <ele>1962.2</ele>
        <time>2020-06-21T11:41:29.000Z</time>
      </trkpt>
      <trkpt lat="42.254585" lon="-6.772444">
        <ele>1963.9</ele>
        <time>2020-06-21T11:41:42.000Z</time>
      </trkpt>
      <trkpt lat="42.254578" lon="-6.772505">
        <ele>1965.5</ele>
        <time>2020-06-21T11:41:52.000Z</time>
      </trkpt>
      <trkpt lat="42.254573" lon="-6.772566">
        <ele>1967.2</ele>
        <time>2020-06-21T11:42:00.000Z</time>
      </trkpt>
      <trkpt lat="42.254575" lon="-6.772629">
        <ele>1968.9</ele>
        <time>2020-06-21T11:42:10.000Z</time>
      </trkpt>
      <trkpt lat="42.254570" lon="-6.772690">
        <ele>1970.6</ele>
        <time>2020-06-21T11:42:17.000Z</time>
      </trkpt>
      <trkpt lat="42.254542" lon="-6.772738">
        <ele>1972.4</ele>
        <time>2020-06-21T11:42:29.000Z</time>
      </trkpt>
      <trkpt lat="42.254510" lon="-6.772783">
        <ele>1974.1</ele>
        <time>2020-06-21T11:42:41.000Z</time>
      </trkpt>
      <trkpt lat="42.254468" lon="-6.772810">
        <ele>1976.0</ele>
        <time>2020-06-21T11:43:15.000Z</time>
      </trkpt>
      <trkpt lat="42.254419" lon="-6.772814">
        <ele>1977.9</ele>
        <time>2020-06-21T11:43:35.000Z</time>
      </trkpt>
      <trkpt lat="42.254368" lon="-6.772821">
        <ele>1979.6</ele>
        <time>2020-06-21T11:43:40.000Z</time>
      </trkpt>
      <trkpt lat="42.254371" lon="-6.772885">
        <ele>1981.2</ele>
        <time>2020-06-21T11:43:49.000Z</time>
      </trkpt>
      <trkpt lat="42.254326" lon="-6.772902">
        <ele>1983.0</ele>
        <time>2020-06-21T11:44:03.000Z</time>
      </trkpt>
      <trkpt lat="42.254332" lon="-6.772963">
        <ele>1985.3</ele>
        <time>2020-06-21T11:44:12.000Z</time>
      </trkpt>
      <trkpt lat="42.254331" lon="-6.773025">
        <ele>1987.4</ele>
        <time>2020-06-21T11:44:35.000Z</time>
      </trkpt>
      <trkpt lat="42.254365" lon="-6.773066">
        <ele>1989.3</ele>
        <time>2020-06-21T11:44:42.000Z</time>
      </trkpt>
      <trkpt lat="42.254393" lon="-6.773114">
        <ele>1990.8</ele>
        <time>2020-06-21T11:44:56.000Z</time>
      </trkpt>
      <trkpt lat="42.254403" lon="-6.773176">
        <ele>1992.3</ele>
        <time>2020-06-21T11:45:04.000Z</time>
      </trkpt>
      <trkpt lat="42.254426" lon="-6.773232">
        <ele>1993.8</ele>
        <time>2020-06-21T11:45:12.000Z</time>
      </trkpt>
      <trkpt lat="42.254431" lon="-6.773296">
        <ele>1995.0</ele>
        <time>2020-06-21T11:45:20.000Z</time>
      </trkpt>
      <trkpt lat="42.254426" lon="-6.773359">
        <ele>1996.4</ele>
        <time>2020-06-21T11:45:29.000Z</time>
      </trkpt>
      <trkpt lat="42.254410" lon="-6.773421">
        <ele>1997.4</ele>
        <time>2020-06-21T11:45:47.000Z</time>
      </trkpt>
      <trkpt lat="42.254396" lon="-6.773480">
        <ele>1998.4</ele>
        <time>2020-06-21T11:45:54.000Z</time>
      </trkpt>
      <trkpt lat="42.254405" lon="-6.773542">
        <ele>1999.5</ele>
        <time>2020-06-21T11:46:04.000Z</time>
      </trkpt>
      <trkpt lat="42.254414" lon="-6.773603">
        <ele>2000.5</ele>
        <time>2020-06-21T11:46:13.000Z</time>
      </trkpt>
      <trkpt lat="42.254437" lon="-6.773657">
        <ele>2001.5</ele>
        <time>2020-06-21T11:46:21.000Z</time>
      </trkpt>
      <trkpt lat="42.254447" lon="-6.773718">
        <ele>2002.5</ele>
        <time>2020-06-21T11:46:31.000Z</time>
      </trkpt>
      <trkpt lat="42.254482" lon="-6.773757">
        <ele>2004.2</ele>
        <time>2020-06-21T11:46:44.000Z</time>
      </trkpt>
      <trkpt lat="42.254513" lon="-6.773804">
        <ele>2005.9</ele>
        <time>2020-06-21T11:46:53.000Z</time>
      </trkpt>
      <trkpt lat="42.254540" lon="-6.773860">
        <ele>2007.7</ele>
        <time>2020-06-21T11:47:02.000Z</time>
      </trkpt>
      <trkpt lat="42.254570" lon="-6.773906">
        <ele>2009.9</ele>
        <time>2020-06-21T11:47:11.000Z</time>
      </trkpt>
      <trkpt lat="42.254591" lon="-6.773964">
        <ele>2011.8</ele>
        <time>2020-06-21T11:47:18.000Z</time>
      </trkpt>
      <trkpt lat="42.254635" lon="-6.774003">
        <ele>2013.9</ele>
        <time>2020-06-21T11:47:26.000Z</time>
      </trkpt>
      <trkpt lat="42.254671" lon="-6.774046">
        <ele>2015.8</ele>
        <time>2020-06-21T11:47:30.000Z</time>
      </trkpt>
      <trkpt lat="42.254679" lon="-6.774109">
        <ele>2018.3</ele>
        <time>2020-06-21T11:47:38.000Z</time>
      </trkpt>
      <trkpt lat="42.254686" lon="-6.774171">
        <ele>2020.7</ele>
        <time>2020-06-21T11:47:45.000Z</time>
      </trkpt>
      <trkpt lat="42.254716" lon="-6.774220">
        <ele>2022.8</ele>
        <time>2020-06-21T11:47:52.000Z</time>
      </trkpt>
      <trkpt lat="42.254736" lon="-6.774275">
        <ele>2024.6</ele>
        <time>2020-06-21T11:47:57.000Z</time>
      </trkpt>
      <trkpt lat="42.254765" lon="-6.774323">
        <ele>2026.1</ele>
        <time>2020-06-21T11:48:02.000Z</time>
      </trkpt>
      <trkpt lat="42.254799" lon="-6.774365">
        <ele>2027.2</ele>
        <time>2020-06-21T11:48:08.000Z</time>
      </trkpt>
      <trkpt lat="42.254835" lon="-6.774409">
        <ele>2028.4</ele>
        <time>2020-06-21T11:48:13.000Z</time>
      </trkpt>
      <trkpt lat="42.254855" lon="-6.774465">
        <ele>2029.4</ele>
        <time>2020-06-21T11:48:19.000Z</time>
      </trkpt>
      <trkpt lat="42.254875" lon="-6.774524">
        <ele>2030.4</ele>
        <time>2020-06-21T11:48:26.000Z</time>
      </trkpt>
      <trkpt lat="42.254902" lon="-6.774573">
        <ele>2031.6</ele>
        <time>2020-06-21T11:48:33.000Z</time>
      </trkpt>
      <trkpt lat="42.254937" lon="-6.774616">
        <ele>2032.5</ele>
        <time>2020-06-21T11:48:40.000Z</time>
      </trkpt>
      <trkpt lat="42.254968" lon="-6.774663">
        <ele>2033.3</ele>
        <time>2020-06-21T11:48:45.000Z</time>
      </trkpt>
      <trkpt lat="42.254989" lon="-6.774724">
        <ele>2034.1</ele>
        <time>2020-06-21T11:48:52.000Z</time>
      </trkpt>
      <trkpt lat="42.254996" lon="-6.774790">
        <ele>2035.0</ele>
        <time>2020-06-21T11:48:58.000Z</time>
      </trkpt>
      <trkpt lat="42.254987" lon="-6.774851">
        <ele>2035.8</ele>
        <time>2020-06-21T11:49:05.000Z</time>
      </trkpt>
      <trkpt lat="42.254991" lon="-6.774912">
        <ele>2036.6</ele>
        <time>2020-06-21T11:49:11.000Z</time>
      </trkpt>
      <trkpt lat="42.255019" lon="-6.774967">
        <ele>2037.1</ele>
        <time>2020-06-21T11:49:17.000Z</time>
      </trkpt>
      <trkpt lat="42.255017" lon="-6.775030">
        <ele>2038.5</ele>
        <time>2020-06-21T11:50:29.000Z</time>
      </trkpt>
      <trkpt lat="42.255040" lon="-6.775087">
        <ele>2039.5</ele>
        <time>2020-06-21T11:50:36.000Z</time>
      </trkpt>
      <trkpt lat="42.255059" lon="-6.775151">
        <ele>2040.4</ele>
        <time>2020-06-21T11:50:43.000Z</time>
      </trkpt>
      <trkpt lat="42.255091" lon="-6.775203">
        <ele>2041.2</ele>
        <time>2020-06-21T11:50:49.000Z</time>
      </trkpt>
      <trkpt lat="42.255124" lon="-6.775254">
        <ele>2041.9</ele>
        <time>2020-06-21T11:50:59.000Z</time>
      </trkpt>
      <trkpt lat="42.255151" lon="-6.775307">
        <ele>2042.8</ele>
        <time>2020-06-21T11:51:06.000Z</time>
      </trkpt>
      <trkpt lat="42.255184" lon="-6.775353">
        <ele>2043.7</ele>
        <time>2020-06-21T11:51:15.000Z</time>
      </trkpt>
      <trkpt lat="42.255206" lon="-6.775410">
        <ele>2044.4</ele>
        <time>2020-06-21T11:51:22.000Z</time>
      </trkpt>
      <trkpt lat="42.255224" lon="-6.775473">
        <ele>2045.3</ele>
        <time>2020-06-21T11:51:28.000Z</time>
      </trkpt>
      <trkpt lat="42.255212" lon="-6.775535">
        <ele>2045.9</ele>
        <time>2020-06-21T11:51:35.000Z</time>
      </trkpt>
      <trkpt lat="42.255236" lon="-6.775587">
        <ele>2046.7</ele>
        <time>2020-06-21T11:51:42.000Z</time>
      </trkpt>
      <trkpt lat="42.255283" lon="-6.775586">
        <ele>2047.7</ele>
        <time>2020-06-21T11:51:51.000Z</time>
      </trkpt>
      <trkpt lat="42.255295" lon="-6.775648">
        <ele>2048.8</ele>
        <time>2020-06-21T11:52:07.000Z</time>
      </trkpt>
      <trkpt lat="42.255335" lon="-6.775675">
        <ele>2049.7</ele>
        <time>2020-06-21T11:52:18.000Z</time>
      </trkpt>
      <trkpt lat="42.255380" lon="-6.775665">
        <ele>2050.7</ele>
        <time>2020-06-21T11:52:25.000Z</time>
      </trkpt>
      <trkpt lat="42.255424" lon="-6.775699">
        <ele>2051.4</ele>
        <time>2020-06-21T11:52:31.000Z</time>
      </trkpt>
      <trkpt lat="42.255471" lon="-6.775715">
        <ele>2052.1</ele>
        <time>2020-06-21T11:52:38.000Z</time>
      </trkpt>
      <trkpt lat="42.255494" lon="-6.775768">
        <ele>2053.0</ele>
        <time>2020-06-21T11:52:47.000Z</time>
      </trkpt>
      <trkpt lat="42.255526" lon="-6.775812">
        <ele>2053.8</ele>
        <time>2020-06-21T11:52:54.000Z</time>
      </trkpt>
      <trkpt lat="42.255570" lon="-6.775834">
        <ele>2054.5</ele>
        <time>2020-06-21T11:53:06.000Z</time>
      </trkpt>
      <trkpt lat="42.255611" lon="-6.775867">
        <ele>2055.0</ele>
        <time>2020-06-21T11:53:16.000Z</time>
        <cmt>Peña Surbia</cmt>
      </trkpt>
      <trkpt lat="42.255651" lon="-6.775897">
        <ele>2056.0</ele>
        <time>2020-06-21T11:54:06.000Z</time>
      </trkpt>
      <trkpt lat="42.255680" lon="-6.775946">
        <ele>2056.4</ele>
        <time>2020-06-21T11:54:13.000Z</time>
      </trkpt>
      <trkpt lat="42.255662" lon="-6.775890">
        <ele>2058.9</ele>
        <time>2020-06-21T11:56:21.000Z</time>
      </trkpt>
      <trkpt lat="42.255712" lon="-6.775895">
        <ele>2061.1</ele>
        <time>2020-06-21T11:59:11.000Z</time>
      </trkpt>
      <trkpt lat="42.255668" lon="-6.775885">
        <ele>2061.2</ele>
        <time>2020-06-21T12:04:01.000Z</time>
      </trkpt>
      <trkpt lat="42.255626" lon="-6.775916">
        <ele>2062.1</ele>
        <time>2020-06-21T12:07:57.000Z</time>
      </trkpt>
      <trkpt lat="42.255668" lon="-6.775952">
        <ele>2059.9</ele>
        <time>2020-06-21T12:08:44.000Z</time>
      </trkpt>
      <trkpt lat="42.255673" lon="-6.776016">
        <ele>2058.7</ele>
        <time>2020-06-21T12:08:53.000Z</time>
      </trkpt>
      <trkpt lat="42.255626" lon="-6.776034">
        <ele>2058.1</ele>
        <time>2020-06-21T12:08:58.000Z</time>
      </trkpt>
      <trkpt lat="42.255578" lon="-6.776057">
        <ele>2057.9</ele>
        <time>2020-06-21T12:09:03.000Z</time>
      </trkpt>
      <trkpt lat="42.255541" lon="-6.776100">
        <ele>2057.8</ele>
        <time>2020-06-21T12:09:08.000Z</time>
      </trkpt>
      <trkpt lat="42.255513" lon="-6.776162">
        <ele>2057.8</ele>
        <time>2020-06-21T12:09:12.000Z</time>
      </trkpt>
      <trkpt lat="42.255496" lon="-6.776226">
        <ele>2057.6</ele>
        <time>2020-06-21T12:09:18.000Z</time>
      </trkpt>
      <trkpt lat="42.255470" lon="-6.776277">
        <ele>2057.5</ele>
        <time>2020-06-21T12:09:22.000Z</time>
      </trkpt>
      <trkpt lat="42.255444" lon="-6.776328">
        <ele>2057.1</ele>
        <time>2020-06-21T12:09:29.000Z</time>
      </trkpt>
      <trkpt lat="42.255399" lon="-6.776347">
        <ele>2056.9</ele>
        <time>2020-06-21T12:09:38.000Z</time>
      </trkpt>
      <trkpt lat="42.255366" lon="-6.776397">
        <ele>2056.2</ele>
        <time>2020-06-21T12:09:46.000Z</time>
      </trkpt>
      <trkpt lat="42.255356" lon="-6.776457">
        <ele>2055.2</ele>
        <time>2020-06-21T12:09:55.000Z</time>
      </trkpt>
      <trkpt lat="42.255345" lon="-6.776519">
        <ele>2054.4</ele>
        <time>2020-06-21T12:10:01.000Z</time>
      </trkpt>
      <trkpt lat="42.255314" lon="-6.776566">
        <ele>2053.2</ele>
        <time>2020-06-21T12:10:24.000Z</time>
      </trkpt>
      <trkpt lat="42.255272" lon="-6.776594">
        <ele>2052.7</ele>
        <time>2020-06-21T12:10:31.000Z</time>
      </trkpt>
      <trkpt lat="42.255236" lon="-6.776634">
        <ele>2052.3</ele>
        <time>2020-06-21T12:10:36.000Z</time>
      </trkpt>
      <trkpt lat="42.255209" lon="-6.776689">
        <ele>2051.8</ele>
        <time>2020-06-21T12:10:41.000Z</time>
      </trkpt>
      <trkpt lat="42.255188" lon="-6.776743">
        <ele>2051.2</ele>
        <time>2020-06-21T12:10:48.000Z</time>
      </trkpt>
      <trkpt lat="42.255173" lon="-6.776804">
        <ele>2050.7</ele>
        <time>2020-06-21T12:10:55.000Z</time>
      </trkpt>
      <trkpt lat="42.255151" lon="-6.776865">
        <ele>2050.2</ele>
        <time>2020-06-21T12:11:00.000Z</time>
      </trkpt>
      <trkpt lat="42.255130" lon="-6.776928">
        <ele>2049.5</ele>
        <time>2020-06-21T12:11:04.000Z</time>
      </trkpt>
      <trkpt lat="42.255112" lon="-6.776990">
        <ele>2048.6</ele>
        <time>2020-06-21T12:11:10.000Z</time>
      </trkpt>
      <trkpt lat="42.255090" lon="-6.777048">
        <ele>2047.8</ele>
        <time>2020-06-21T12:11:15.000Z</time>
      </trkpt>
      <trkpt lat="42.255069" lon="-6.777103">
        <ele>2046.9</ele>
        <time>2020-06-21T12:11:19.000Z</time>
      </trkpt>
      <trkpt lat="42.255048" lon="-6.777157">
        <ele>2045.9</ele>
        <time>2020-06-21T12:11:26.000Z</time>
      </trkpt>
      <trkpt lat="42.255029" lon="-6.777217">
        <ele>2045.0</ele>
        <time>2020-06-21T12:11:33.000Z</time>
      </trkpt>
      <trkpt lat="42.255004" lon="-6.777276">
        <ele>2044.0</ele>
        <time>2020-06-21T12:11:38.000Z</time>
      </trkpt>
      <trkpt lat="42.254979" lon="-6.777329">
        <ele>2043.2</ele>
        <time>2020-06-21T12:11:43.000Z</time>
      </trkpt>
      <trkpt lat="42.254950" lon="-6.777380">
        <ele>2042.4</ele>
        <time>2020-06-21T12:11:48.000Z</time>
      </trkpt>
      <trkpt lat="42.254920" lon="-6.777428">
        <ele>2041.7</ele>
        <time>2020-06-21T12:11:52.000Z</time>
      </trkpt>
      <trkpt lat="42.254895" lon="-6.777482">
        <ele>2041.0</ele>
        <time>2020-06-21T12:11:57.000Z</time>
      </trkpt>
      <trkpt lat="42.254853" lon="-6.777520">
        <ele>2040.2</ele>
        <time>2020-06-21T12:12:06.000Z</time>
      </trkpt>
      <trkpt lat="42.254814" lon="-6.777552">
        <ele>2039.2</ele>
        <time>2020-06-21T12:12:10.000Z</time>
      </trkpt>
      <trkpt lat="42.254780" lon="-6.777600">
        <ele>2038.4</ele>
        <time>2020-06-21T12:12:15.000Z</time>
      </trkpt>
      <trkpt lat="42.254769" lon="-6.777659">
        <ele>2037.1</ele>
        <time>2020-06-21T12:12:22.000Z</time>
      </trkpt>
      <trkpt lat="42.254799" lon="-6.777707">
        <ele>2035.8</ele>
        <time>2020-06-21T12:12:31.000Z</time>
      </trkpt>
      <trkpt lat="42.254819" lon="-6.777765">
        <ele>2034.6</ele>
        <time>2020-06-21T12:12:43.000Z</time>
      </trkpt>
      <trkpt lat="42.254800" lon="-6.777822">
        <ele>2033.9</ele>
        <time>2020-06-21T12:12:52.000Z</time>
      </trkpt>
      <trkpt lat="42.254795" lon="-6.777884">
        <ele>2032.9</ele>
        <time>2020-06-21T12:13:14.000Z</time>
      </trkpt>
      <trkpt lat="42.254781" lon="-6.777945">
        <ele>2032.1</ele>
        <time>2020-06-21T12:13:22.000Z</time>
      </trkpt>
      <trkpt lat="42.254795" lon="-6.778006">
        <ele>2031.4</ele>
        <time>2020-06-21T12:13:28.000Z</time>
      </trkpt>
      <trkpt lat="42.254768" lon="-6.778055">
        <ele>2031.3</ele>
        <time>2020-06-21T12:13:37.000Z</time>
      </trkpt>
      <trkpt lat="42.254788" lon="-6.778110">
        <ele>2030.9</ele>
        <time>2020-06-21T12:13:44.000Z</time>
      </trkpt>
      <trkpt lat="42.254749" lon="-6.778142">
        <ele>2030.5</ele>
        <time>2020-06-21T12:13:55.000Z</time>
      </trkpt>
      <trkpt lat="42.254730" lon="-6.778199">
        <ele>2029.4</ele>
        <time>2020-06-21T12:14:15.000Z</time>
      </trkpt>
      <trkpt lat="42.254724" lon="-6.778262">
        <ele>2028.5</ele>
        <time>2020-06-21T12:14:24.000Z</time>
      </trkpt>
      <trkpt lat="42.254699" lon="-6.778320">
        <ele>2027.5</ele>
        <time>2020-06-21T12:14:31.000Z</time>
      </trkpt>
      <trkpt lat="42.254713" lon="-6.778380">
        <ele>2026.5</ele>
        <time>2020-06-21T12:14:36.000Z</time>
      </trkpt>
      <trkpt lat="42.254695" lon="-6.778439">
        <ele>2025.3</ele>
        <time>2020-06-21T12:14:42.000Z</time>
      </trkpt>
      <trkpt lat="42.254690" lon="-6.778504">
        <ele>2023.8</ele>
        <time>2020-06-21T12:14:48.000Z</time>
      </trkpt>
      <trkpt lat="42.254674" lon="-6.778566">
        <ele>2022.3</ele>
        <time>2020-06-21T12:14:54.000Z</time>
      </trkpt>
      <trkpt lat="42.254651" lon="-6.778623">
        <ele>2020.7</ele>
        <time>2020-06-21T12:15:00.000Z</time>
      </trkpt>
      <trkpt lat="42.254615" lon="-6.778666">
        <ele>2019.4</ele>
        <time>2020-06-21T12:15:05.000Z</time>
      </trkpt>
      <trkpt lat="42.254594" lon="-6.778720">
        <ele>2017.2</ele>
        <time>2020-06-21T12:15:18.000Z</time>
      </trkpt>
      <trkpt lat="42.254576" lon="-6.778776">
        <ele>2014.9</ele>
        <time>2020-06-21T12:15:28.000Z</time>
      </trkpt>
      <trkpt lat="42.254552" lon="-6.778829">
        <ele>2013.0</ele>
        <time>2020-06-21T12:15:35.000Z</time>
      </trkpt>
      <trkpt lat="42.254513" lon="-6.778862">
        <ele>2011.6</ele>
        <time>2020-06-21T12:15:41.000Z</time>
      </trkpt>
      <trkpt lat="42.254484" lon="-6.778913">
        <ele>2010.3</ele>
        <time>2020-06-21T12:15:49.000Z</time>
      </trkpt>
      <trkpt lat="42.254441" lon="-6.778936">
        <ele>2008.9</ele>
        <time>2020-06-21T12:15:57.000Z</time>
      </trkpt>
      <trkpt lat="42.254434" lon="-6.779000">
        <ele>2007.3</ele>
        <time>2020-06-21T12:16:05.000Z</time>
      </trkpt>
      <trkpt lat="42.254410" lon="-6.779057">
        <ele>2005.7</ele>
        <time>2020-06-21T12:16:13.000Z</time>
      </trkpt>
      <trkpt lat="42.254393" lon="-6.779117">
        <ele>2003.8</ele>
        <time>2020-06-21T12:16:23.000Z</time>
      </trkpt>
      <trkpt lat="42.254372" lon="-6.779172">
        <ele>2002.3</ele>
        <time>2020-06-21T12:16:29.000Z</time>
      </trkpt>
      <trkpt lat="42.254354" lon="-6.779229">
        <ele>2000.3</ele>
        <time>2020-06-21T12:16:39.000Z</time>
      </trkpt>
      <trkpt lat="42.254344" lon="-6.779290">
        <ele>1998.6</ele>
        <time>2020-06-21T12:16:47.000Z</time>
      </trkpt>
      <trkpt lat="42.254332" lon="-6.779351">
        <ele>1996.9</ele>
        <time>2020-06-21T12:16:53.000Z</time>
      </trkpt>
      <trkpt lat="42.254313" lon="-6.779410">
        <ele>1995.3</ele>
        <time>2020-06-21T12:16:59.000Z</time>
      </trkpt>
      <trkpt lat="42.254288" lon="-6.779465">
        <ele>1993.8</ele>
        <time>2020-06-21T12:17:04.000Z</time>
      </trkpt>
      <trkpt lat="42.254280" lon="-6.779526">
        <ele>1992.1</ele>
        <time>2020-06-21T12:17:12.000Z</time>
      </trkpt>
      <trkpt lat="42.254273" lon="-6.779592">
        <ele>1990.4</ele>
        <time>2020-06-21T12:17:20.000Z</time>
      </trkpt>
      <trkpt lat="42.254263" lon="-6.779654">
        <ele>1988.3</ele>
        <time>2020-06-21T12:17:28.000Z</time>
      </trkpt>
      <trkpt lat="42.254256" lon="-6.779715">
        <ele>1986.0</ele>
        <time>2020-06-21T12:17:40.000Z</time>
      </trkpt>
      <trkpt lat="42.254244" lon="-6.779776">
        <ele>1984.1</ele>
        <time>2020-06-21T12:17:46.000Z</time>
      </trkpt>
      <trkpt lat="42.254248" lon="-6.779838">
        <ele>1982.2</ele>
        <time>2020-06-21T12:17:55.000Z</time>
      </trkpt>
      <trkpt lat="42.254222" lon="-6.779889">
        <ele>1980.1</ele>
        <time>2020-06-21T12:18:06.000Z</time>
      </trkpt>
      <trkpt lat="42.254197" lon="-6.779943">
        <ele>1978.4</ele>
        <time>2020-06-21T12:18:15.000Z</time>
      </trkpt>
      <trkpt lat="42.254160" lon="-6.779979">
        <ele>1976.4</ele>
        <time>2020-06-21T12:18:25.000Z</time>
      </trkpt>
      <trkpt lat="42.254139" lon="-6.780040">
        <ele>1974.7</ele>
        <time>2020-06-21T12:18:34.000Z</time>
      </trkpt>
      <trkpt lat="42.254106" lon="-6.780085">
        <ele>1973.0</ele>
        <time>2020-06-21T12:18:42.000Z</time>
      </trkpt>
      <trkpt lat="42.254079" lon="-6.780136">
        <ele>1971.2</ele>
        <time>2020-06-21T12:18:51.000Z</time>
      </trkpt>
      <trkpt lat="42.254076" lon="-6.780202">
        <ele>1969.4</ele>
        <time>2020-06-21T12:18:59.000Z</time>
      </trkpt>
      <trkpt lat="42.254057" lon="-6.780259">
        <ele>1967.8</ele>
        <time>2020-06-21T12:19:09.000Z</time>
      </trkpt>
      <trkpt lat="42.254057" lon="-6.780321">
        <ele>1966.3</ele>
        <time>2020-06-21T12:19:16.000Z</time>
      </trkpt>
      <trkpt lat="42.254039" lon="-6.780378">
        <ele>1964.9</ele>
        <time>2020-06-21T12:19:22.000Z</time>
      </trkpt>
      <trkpt lat="42.254049" lon="-6.780440">
        <ele>1963.4</ele>
        <time>2020-06-21T12:19:31.000Z</time>
      </trkpt>
      <trkpt lat="42.254058" lon="-6.780502">
        <ele>1961.9</ele>
        <time>2020-06-21T12:19:38.000Z</time>
      </trkpt>
      <trkpt lat="42.254044" lon="-6.780563">
        <ele>1960.2</ele>
        <time>2020-06-21T12:19:45.000Z</time>
      </trkpt>
      <trkpt lat="42.254016" lon="-6.780615">
        <ele>1958.2</ele>
        <time>2020-06-21T12:19:54.000Z</time>
      </trkpt>
      <trkpt lat="42.253993" lon="-6.780668">
        <ele>1956.3</ele>
        <time>2020-06-21T12:20:01.000Z</time>
      </trkpt>
      <trkpt lat="42.253997" lon="-6.780734">
        <ele>1954.4</ele>
        <time>2020-06-21T12:20:10.000Z</time>
      </trkpt>
      <trkpt lat="42.254004" lon="-6.780799">
        <ele>1952.4</ele>
        <time>2020-06-21T12:20:17.000Z</time>
      </trkpt>
      <trkpt lat="42.253994" lon="-6.780865">
        <ele>1950.2</ele>
        <time>2020-06-21T12:20:25.000Z</time>
      </trkpt>
      <trkpt lat="42.253988" lon="-6.780928">
        <ele>1948.2</ele>
        <time>2020-06-21T12:20:31.000Z</time>
      </trkpt>
      <trkpt lat="42.253985" lon="-6.780993">
        <ele>1946.4</ele>
        <time>2020-06-21T12:20:38.000Z</time>
      </trkpt>
      <trkpt lat="42.253979" lon="-6.781055">
        <ele>1944.5</ele>
        <time>2020-06-21T12:20:45.000Z</time>
      </trkpt>
      <trkpt lat="42.253969" lon="-6.781115">
        <ele>1942.5</ele>
        <time>2020-06-21T12:20:52.000Z</time>
      </trkpt>
      <trkpt lat="42.253947" lon="-6.781174">
        <ele>1940.8</ele>
        <time>2020-06-21T12:20:59.000Z</time>
      </trkpt>
      <trkpt lat="42.253918" lon="-6.781227">
        <ele>1939.4</ele>
        <time>2020-06-21T12:21:06.000Z</time>
      </trkpt>
      <trkpt lat="42.253895" lon="-6.781280">
        <ele>1938.1</ele>
        <time>2020-06-21T12:21:12.000Z</time>
      </trkpt>
      <trkpt lat="42.253871" lon="-6.781332">
        <ele>1937.4</ele>
        <time>2020-06-21T12:21:19.000Z</time>
      </trkpt>
      <trkpt lat="42.253854" lon="-6.781388">
        <ele>1936.9</ele>
        <time>2020-06-21T12:21:25.000Z</time>
      </trkpt>
      <trkpt lat="42.253864" lon="-6.781450">
        <ele>1936.6</ele>
        <time>2020-06-21T12:21:32.000Z</time>
      </trkpt>
      <trkpt lat="42.253853" lon="-6.781511">
        <ele>1936.4</ele>
        <time>2020-06-21T12:21:42.000Z</time>
      </trkpt>
      <trkpt lat="42.253841" lon="-6.781571">
        <ele>1936.0</ele>
        <time>2020-06-21T12:21:49.000Z</time>
      </trkpt>
      <trkpt lat="42.253838" lon="-6.781633">
        <ele>1935.9</ele>
        <time>2020-06-21T12:21:56.000Z</time>
      </trkpt>
      <trkpt lat="42.253821" lon="-6.781691">
        <ele>1935.5</ele>
        <time>2020-06-21T12:22:02.000Z</time>
      </trkpt>
      <trkpt lat="42.253820" lon="-6.781758">
        <ele>1935.3</ele>
        <time>2020-06-21T12:22:07.000Z</time>
      </trkpt>
      <trkpt lat="42.253817" lon="-6.781823">
        <ele>1934.9</ele>
        <time>2020-06-21T12:22:14.000Z</time>
      </trkpt>
      <trkpt lat="42.253854" lon="-6.781859">
        <ele>1936.9</ele>
        <time>2020-06-21T12:25:31.000Z</time>
      </trkpt>
      <trkpt lat="42.253854" lon="-6.781927">
        <ele>1937.6</ele>
        <time>2020-06-21T12:25:41.000Z</time>
      </trkpt>
      <trkpt lat="42.253870" lon="-6.781984">
        <ele>1937.6</ele>
        <time>2020-06-21T12:25:46.000Z</time>
      </trkpt>
      <trkpt lat="42.253871" lon="-6.782047">
        <ele>1937.3</ele>
        <time>2020-06-21T12:25:51.000Z</time>
      </trkpt>
      <trkpt lat="42.253862" lon="-6.782115">
        <ele>1936.6</ele>
        <time>2020-06-21T12:25:56.000Z</time>
      </trkpt>
      <trkpt lat="42.253872" lon="-6.782178">
        <ele>1936.0</ele>
        <time>2020-06-21T12:26:01.000Z</time>
      </trkpt>
      <trkpt lat="42.253883" lon="-6.782247">
        <ele>1935.2</ele>
        <time>2020-06-21T12:26:06.000Z</time>
      </trkpt>
      <trkpt lat="42.253878" lon="-6.782313">
        <ele>1934.4</ele>
        <time>2020-06-21T12:26:13.000Z</time>
      </trkpt>
      <trkpt lat="42.253873" lon="-6.782378">
        <ele>1933.6</ele>
        <time>2020-06-21T12:26:19.000Z</time>
      </trkpt>
      <trkpt lat="42.253871" lon="-6.782445">
        <ele>1933.0</ele>
        <time>2020-06-21T12:26:25.000Z</time>
      </trkpt>
      <trkpt lat="42.253864" lon="-6.782511">
        <ele>1932.1</ele>
        <time>2020-06-21T12:26:31.000Z</time>
      </trkpt>
      <trkpt lat="42.253867" lon="-6.782574">
        <ele>1931.5</ele>
        <time>2020-06-21T12:26:37.000Z</time>
      </trkpt>
      <trkpt lat="42.253878" lon="-6.782639">
        <ele>1931.0</ele>
        <time>2020-06-21T12:26:43.000Z</time>
      </trkpt>
      <trkpt lat="42.253865" lon="-6.782700">
        <ele>1930.7</ele>
        <time>2020-06-21T12:26:48.000Z</time>
      </trkpt>
      <trkpt lat="42.253849" lon="-6.782760">
        <ele>1930.1</ele>
        <time>2020-06-21T12:26:54.000Z</time>
      </trkpt>
      <trkpt lat="42.253841" lon="-6.782823">
        <ele>1929.5</ele>
        <time>2020-06-21T12:27:00.000Z</time>
      </trkpt>
      <trkpt lat="42.253827" lon="-6.782883">
        <ele>1929.0</ele>
        <time>2020-06-21T12:27:05.000Z</time>
      </trkpt>
      <trkpt lat="42.253825" lon="-6.782950">
        <ele>1928.6</ele>
        <time>2020-06-21T12:27:12.000Z</time>
      </trkpt>
      <trkpt lat="42.253832" lon="-6.783012">
        <ele>1928.2</ele>
        <time>2020-06-21T12:27:18.000Z</time>
      </trkpt>
      <trkpt lat="42.253868" lon="-6.783065">
        <ele>1928.0</ele>
        <time>2020-06-21T12:27:24.000Z</time>
      </trkpt>
      <trkpt lat="42.253875" lon="-6.783134">
        <ele>1927.7</ele>
        <time>2020-06-21T12:27:30.000Z</time>
      </trkpt>
      <trkpt lat="42.253871" lon="-6.783201">
        <ele>1927.5</ele>
        <time>2020-06-21T12:27:36.000Z</time>
      </trkpt>
      <trkpt lat="42.253871" lon="-6.783264">
        <ele>1927.2</ele>
        <time>2020-06-21T12:27:41.000Z</time>
      </trkpt>
      <trkpt lat="42.253869" lon="-6.783326">
        <ele>1926.9</ele>
        <time>2020-06-21T12:27:46.000Z</time>
      </trkpt>
      <trkpt lat="42.253869" lon="-6.783390">
        <ele>1926.5</ele>
        <time>2020-06-21T12:27:53.000Z</time>
      </trkpt>
      <trkpt lat="42.253883" lon="-6.783449">
        <ele>1926.1</ele>
        <time>2020-06-21T12:27:59.000Z</time>
      </trkpt>
      <trkpt lat="42.253874" lon="-6.783513">
        <ele>1925.9</ele>
        <time>2020-06-21T12:28:04.000Z</time>
      </trkpt>
      <trkpt lat="42.253853" lon="-6.783571">
        <ele>1925.6</ele>
        <time>2020-06-21T12:28:10.000Z</time>
      </trkpt>
      <trkpt lat="42.253830" lon="-6.783626">
        <ele>1925.3</ele>
        <time>2020-06-21T12:28:13.000Z</time>
      </trkpt>
      <trkpt lat="42.253813" lon="-6.783686">
        <ele>1925.0</ele>
        <time>2020-06-21T12:28:18.000Z</time>
      </trkpt>
      <trkpt lat="42.253793" lon="-6.783744">
        <ele>1924.7</ele>
        <time>2020-06-21T12:28:23.000Z</time>
      </trkpt>
      <trkpt lat="42.253790" lon="-6.783810">
        <ele>1924.4</ele>
        <time>2020-06-21T12:28:29.000Z</time>
      </trkpt>
      <trkpt lat="42.253790" lon="-6.783879">
        <ele>1924.1</ele>
        <time>2020-06-21T12:28:34.000Z</time>
      </trkpt>
      <trkpt lat="42.253769" lon="-6.783933">
        <ele>1923.8</ele>
        <time>2020-06-21T12:28:39.000Z</time>
      </trkpt>
      <trkpt lat="42.253735" lon="-6.783975">
        <ele>1923.3</ele>
        <time>2020-06-21T12:28:44.000Z</time>
      </trkpt>
      <trkpt lat="42.253724" lon="-6.784035">
        <ele>1922.8</ele>
        <time>2020-06-21T12:28:50.000Z</time>
      </trkpt>
      <trkpt lat="42.253719" lon="-6.784099">
        <ele>1922.4</ele>
        <time>2020-06-21T12:28:56.000Z</time>
      </trkpt>
      <trkpt lat="42.253719" lon="-6.784162">
        <ele>1922.1</ele>
        <time>2020-06-21T12:29:02.000Z</time>
      </trkpt>
      <trkpt lat="42.253705" lon="-6.784221">
        <ele>1921.8</ele>
        <time>2020-06-21T12:29:06.000Z</time>
      </trkpt>
      <trkpt lat="42.253696" lon="-6.784287">
        <ele>1921.6</ele>
        <time>2020-06-21T12:29:11.000Z</time>
      </trkpt>
      <trkpt lat="42.253689" lon="-6.784348">
        <ele>1921.5</ele>
        <time>2020-06-21T12:29:15.000Z</time>
      </trkpt>
      <trkpt lat="42.253688" lon="-6.784414">
        <ele>1921.4</ele>
        <time>2020-06-21T12:29:21.000Z</time>
      </trkpt>
      <trkpt lat="42.253698" lon="-6.784480">
        <ele>1921.2</ele>
        <time>2020-06-21T12:29:27.000Z</time>
      </trkpt>
      <trkpt lat="42.253724" lon="-6.784531">
        <ele>1920.9</ele>
        <time>2020-06-21T12:29:32.000Z</time>
      </trkpt>
      <trkpt lat="42.253729" lon="-6.784592">
        <ele>1920.6</ele>
        <time>2020-06-21T12:29:39.000Z</time>
      </trkpt>
      <trkpt lat="42.253744" lon="-6.784655">
        <ele>1920.3</ele>
        <time>2020-06-21T12:29:47.000Z</time>
      </trkpt>
      <trkpt lat="42.253722" lon="-6.784712">
        <ele>1920.4</ele>
        <time>2020-06-21T12:29:54.000Z</time>
      </trkpt>
      <trkpt lat="42.253708" lon="-6.784773">
        <ele>1920.8</ele>
        <time>2020-06-21T12:30:03.000Z</time>
      </trkpt>
      <trkpt lat="42.253713" lon="-6.784842">
        <ele>1921.5</ele>
        <time>2020-06-21T12:30:11.000Z</time>
      </trkpt>
      <trkpt lat="42.253713" lon="-6.784911">
        <ele>1922.1</ele>
        <time>2020-06-21T12:30:17.000Z</time>
      </trkpt>
      <trkpt lat="42.253698" lon="-6.784971">
        <ele>1922.8</ele>
        <time>2020-06-21T12:30:23.000Z</time>
      </trkpt>
      <trkpt lat="42.253684" lon="-6.785030">
        <ele>1923.2</ele>
        <time>2020-06-21T12:30:27.000Z</time>
      </trkpt>
      <trkpt lat="42.253670" lon="-6.785088">
        <ele>1923.8</ele>
        <time>2020-06-21T12:30:33.000Z</time>
      </trkpt>
      <trkpt lat="42.253648" lon="-6.785147">
        <ele>1924.3</ele>
        <time>2020-06-21T12:30:39.000Z</time>
      </trkpt>
      <trkpt lat="42.253650" lon="-6.785209">
        <ele>1924.7</ele>
        <time>2020-06-21T12:30:45.000Z</time>
      </trkpt>
      <trkpt lat="42.253657" lon="-6.785271">
        <ele>1925.4</ele>
        <time>2020-06-21T12:30:53.000Z</time>
      </trkpt>
      <trkpt lat="42.253655" lon="-6.785339">
        <ele>1926.1</ele>
        <time>2020-06-21T12:31:01.000Z</time>
      </trkpt>
      <trkpt lat="42.253662" lon="-6.785408">
        <ele>1926.8</ele>
        <time>2020-06-21T12:31:08.000Z</time>
      </trkpt>
      <trkpt lat="42.253681" lon="-6.785463">
        <ele>1927.7</ele>
        <time>2020-06-21T12:31:15.000Z</time>
      </trkpt>
      <trkpt lat="42.253719" lon="-6.785499">
        <ele>1928.7</ele>
        <time>2020-06-21T12:31:21.000Z</time>
      </trkpt>
      <trkpt lat="42.253759" lon="-6.785527">
        <ele>1929.7</ele>
        <time>2020-06-21T12:31:27.000Z</time>
      </trkpt>
      <trkpt lat="42.253791" lon="-6.785578">
        <ele>1930.7</ele>
        <time>2020-06-21T12:31:33.000Z</time>
      </trkpt>
      <trkpt lat="42.253788" lon="-6.785642">
        <ele>1931.7</ele>
        <time>2020-06-21T12:31:40.000Z</time>
      </trkpt>
      <trkpt lat="42.253806" lon="-6.785702">
        <ele>1932.6</ele>
        <time>2020-06-21T12:31:47.000Z</time>
      </trkpt>
      <trkpt lat="42.253839" lon="-6.785745">
        <ele>1933.8</ele>
        <time>2020-06-21T12:31:55.000Z</time>
      </trkpt>
      <trkpt lat="42.253864" lon="-6.785796">
        <ele>1934.8</ele>
        <time>2020-06-21T12:32:03.000Z</time>
      </trkpt>
      <trkpt lat="42.253908" lon="-6.785821">
        <ele>1936.0</ele>
        <time>2020-06-21T12:32:11.000Z</time>
      </trkpt>
      <trkpt lat="42.253945" lon="-6.785860">
        <ele>1937.3</ele>
        <time>2020-06-21T12:32:19.000Z</time>
      </trkpt>
      <trkpt lat="42.253971" lon="-6.785916">
        <ele>1938.9</ele>
        <time>2020-06-21T12:32:30.000Z</time>
      </trkpt>
      <trkpt lat="42.253992" lon="-6.785974">
        <ele>1940.2</ele>
        <time>2020-06-21T12:32:37.000Z</time>
      </trkpt>
      <trkpt lat="42.254000" lon="-6.786038">
        <ele>1941.4</ele>
        <time>2020-06-21T12:32:44.000Z</time>
      </trkpt>
      <trkpt lat="42.254029" lon="-6.786088">
        <ele>1942.5</ele>
        <time>2020-06-21T12:32:52.000Z</time>
      </trkpt>
      <trkpt lat="42.254062" lon="-6.786139">
        <ele>1943.7</ele>
        <time>2020-06-21T12:32:58.000Z</time>
      </trkpt>
      <trkpt lat="42.254098" lon="-6.786179">
        <ele>1944.7</ele>
        <time>2020-06-21T12:33:05.000Z</time>
      </trkpt>
      <trkpt lat="42.254112" lon="-6.786238">
        <ele>1945.8</ele>
        <time>2020-06-21T12:33:11.000Z</time>
      </trkpt>
      <trkpt lat="42.254151" lon="-6.786278">
        <ele>1947.0</ele>
        <time>2020-06-21T12:33:20.000Z</time>
      </trkpt>
      <trkpt lat="42.254195" lon="-6.786299">
        <ele>1948.3</ele>
        <time>2020-06-21T12:33:26.000Z</time>
      </trkpt>
      <trkpt lat="42.254222" lon="-6.786351">
        <ele>1949.8</ele>
        <time>2020-06-21T12:33:33.000Z</time>
      </trkpt>
      <trkpt lat="42.254241" lon="-6.786408">
        <ele>1951.4</ele>
        <time>2020-06-21T12:33:43.000Z</time>
      </trkpt>
      <trkpt lat="42.254251" lon="-6.786473">
        <ele>1953.2</ele>
        <time>2020-06-21T12:33:57.000Z</time>
      </trkpt>
      <trkpt lat="42.254266" lon="-6.786532">
        <ele>1954.7</ele>
        <time>2020-06-21T12:34:06.000Z</time>
      </trkpt>
      <trkpt lat="42.254296" lon="-6.786580">
        <ele>1955.9</ele>
        <time>2020-06-21T12:34:16.000Z</time>
      </trkpt>
      <trkpt lat="42.254320" lon="-6.786632">
        <ele>1957.2</ele>
        <time>2020-06-21T12:34:24.000Z</time>
      </trkpt>
      <trkpt lat="42.254341" lon="-6.786691">
        <ele>1958.3</ele>
        <time>2020-06-21T12:34:32.000Z</time>
      </trkpt>
      <trkpt lat="42.254346" lon="-6.786752">
        <ele>1959.4</ele>
        <time>2020-06-21T12:34:42.000Z</time>
      </trkpt>
      <trkpt lat="42.254342" lon="-6.786814">
        <ele>1960.5</ele>
        <time>2020-06-21T12:34:53.000Z</time>
      </trkpt>
      <trkpt lat="42.254342" lon="-6.786814">
        <ele>1996.0</ele>
        <time>2020-06-21T13:05:00.000Z</time>
      </trkpt>
      <trkpt lat="42.254494" lon="-6.787400">
        <ele>2016.6</ele>
        <time>2020-06-21T13:05:15.000Z</time>
      </trkpt>
      <trkpt lat="42.254472" lon="-6.787665">
        <ele>2020.8</ele>
        <time>2020-06-21T13:05:24.000Z</time>
      </trkpt>
      <trkpt lat="42.254247" lon="-6.788221">
        <ele>2025.2</ele>
        <time>2020-06-21T13:05:33.000Z</time>
      </trkpt>
      <trkpt lat="42.253802" lon="-6.788820">
        <ele>1999.8</ele>
        <time>2020-06-21T13:05:42.000Z</time>
      </trkpt>
      <trkpt lat="42.253784" lon="-6.788879">
        <ele>2000.8</ele>
        <time>2020-06-21T13:05:51.000Z</time>
      </trkpt>
      <trkpt lat="42.253769" lon="-6.788938">
        <ele>2001.5</ele>
        <time>2020-06-21T13:05:56.000Z</time>
      </trkpt>
      <trkpt lat="42.253750" lon="-6.789000">
        <ele>2002.9</ele>
        <time>2020-06-21T13:06:03.000Z</time>
      </trkpt>
      <trkpt lat="42.253725" lon="-6.789052">
        <ele>2004.1</ele>
        <time>2020-06-21T13:06:10.000Z</time>
      </trkpt>
      <trkpt lat="42.253732" lon="-6.789113">
        <ele>2005.3</ele>
        <time>2020-06-21T13:06:17.000Z</time>
      </trkpt>
      <trkpt lat="42.253722" lon="-6.789174">
        <ele>2007.2</ele>
        <time>2020-06-21T13:06:29.000Z</time>
      </trkpt>
      <trkpt lat="42.253705" lon="-6.789233">
        <ele>2009.0</ele>
        <time>2020-06-21T13:06:37.000Z</time>
      </trkpt>
      <trkpt lat="42.253672" lon="-6.789279">
        <ele>2010.1</ele>
        <time>2020-06-21T13:06:42.000Z</time>
      </trkpt>
      <trkpt lat="42.253712" lon="-6.789320">
        <ele>2011.2</ele>
        <time>2020-06-21T13:06:56.000Z</time>
        <cmt>Ladeira</cmt>
      </trkpt>
      <trkpt lat="42.253673" lon="-6.789356">
        <ele>2011.3</ele>
        <time>2020-06-21T13:09:14.000Z</time>
      </trkpt>
      <trkpt lat="42.253628" lon="-6.789373">
        <ele>2011.3</ele>
        <time>2020-06-21T13:09:19.000Z</time>
      </trkpt>
      <trkpt lat="42.253581" lon="-6.789387">
        <ele>2011.4</ele>
        <time>2020-06-21T13:09:24.000Z</time>
      </trkpt>
      <trkpt lat="42.253532" lon="-6.789429">
        <ele>2011.5</ele>
        <time>2020-06-21T13:09:28.000Z</time>
      </trkpt>
      <trkpt lat="42.253495" lon="-6.789472">
        <ele>2011.7</ele>
        <time>2020-06-21T13:09:31.000Z</time>
      </trkpt>
      <trkpt lat="42.253459" lon="-6.789510">
        <ele>2011.7</ele>
        <time>2020-06-21T13:09:34.000Z</time>
      </trkpt>
      <trkpt lat="42.253418" lon="-6.789539">
        <ele>2011.5</ele>
        <time>2020-06-21T13:09:38.000Z</time>
      </trkpt>
      <trkpt lat="42.253373" lon="-6.789569">
        <ele>2011.4</ele>
        <time>2020-06-21T13:09:44.000Z</time>
      </trkpt>
      <trkpt lat="42.253328" lon="-6.789602">
        <ele>2010.8</ele>
        <time>2020-06-21T13:09:51.000Z</time>
      </trkpt>
      <trkpt lat="42.253292" lon="-6.789643">
        <ele>2010.1</ele>
        <time>2020-06-21T13:09:55.000Z</time>
      </trkpt>
      <trkpt lat="42.253258" lon="-6.789686">
        <ele>2009.3</ele>
        <time>2020-06-21T13:09:59.000Z</time>
      </trkpt>
      <trkpt lat="42.253248" lon="-6.789748">
        <ele>2008.5</ele>
        <time>2020-06-21T13:10:04.000Z</time>
      </trkpt>
      <trkpt lat="42.253266" lon="-6.789808">
        <ele>2007.4</ele>
        <time>2020-06-21T13:10:09.000Z</time>
      </trkpt>
      <trkpt lat="42.253279" lon="-6.789867">
        <ele>2006.4</ele>
        <time>2020-06-21T13:10:13.000Z</time>
      </trkpt>
      <trkpt lat="42.253293" lon="-6.789926">
        <ele>2005.6</ele>
        <time>2020-06-21T13:10:19.000Z</time>
      </trkpt>
      <trkpt lat="42.253267" lon="-6.789976">
        <ele>2004.6</ele>
        <time>2020-06-21T13:10:29.000Z</time>
      </trkpt>
      <trkpt lat="42.253230" lon="-6.790027">
        <ele>2003.8</ele>
        <time>2020-06-21T13:10:36.000Z</time>
      </trkpt>
      <trkpt lat="42.253204" lon="-6.790090">
        <ele>2003.3</ele>
        <time>2020-06-21T13:10:40.000Z</time>
      </trkpt>
      <trkpt lat="42.253165" lon="-6.790131">
        <ele>2003.1</ele>
        <time>2020-06-21T13:10:46.000Z</time>
      </trkpt>
      <trkpt lat="42.253130" lon="-6.790177">
        <ele>2002.6</ele>
        <time>2020-06-21T13:10:50.000Z</time>
      </trkpt>
      <trkpt lat="42.253095" lon="-6.790217">
        <ele>2002.2</ele>
        <time>2020-06-21T13:10:58.000Z</time>
      </trkpt>
      <trkpt lat="42.253090" lon="-6.790283">
        <ele>2002.0</ele>
        <time>2020-06-21T13:11:06.000Z</time>
      </trkpt>
      <trkpt lat="42.253097" lon="-6.790346">
        <ele>2002.0</ele>
        <time>2020-06-21T13:11:14.000Z</time>
      </trkpt>
      <trkpt lat="42.253092" lon="-6.790408">
        <ele>2002.6</ele>
        <time>2020-06-21T13:11:21.000Z</time>
      </trkpt>
      <trkpt lat="42.253078" lon="-6.790468">
        <ele>2003.4</ele>
        <time>2020-06-21T13:11:27.000Z</time>
      </trkpt>
      <trkpt lat="42.253072" lon="-6.790531">
        <ele>2004.7</ele>
        <time>2020-06-21T13:11:35.000Z</time>
      </trkpt>
      <trkpt lat="42.253074" lon="-6.790596">
        <ele>2006.4</ele>
        <time>2020-06-21T13:11:45.000Z</time>
      </trkpt>
      <trkpt lat="42.253074" lon="-6.790661">
        <ele>2008.4</ele>
        <time>2020-06-21T13:11:59.000Z</time>
      </trkpt>
      <trkpt lat="42.253033" lon="-6.790697">
        <ele>2009.8</ele>
        <time>2020-06-21T13:12:23.000Z</time>
      </trkpt>
      <trkpt lat="42.252988" lon="-6.790719">
        <ele>2010.7</ele>
        <time>2020-06-21T13:12:27.000Z</time>
      </trkpt>
      <trkpt lat="42.252944" lon="-6.790742">
        <ele>2011.4</ele>
        <time>2020-06-21T13:12:34.000Z</time>
      </trkpt>
      <trkpt lat="42.252910" lon="-6.790795">
        <ele>2011.9</ele>
        <time>2020-06-21T13:12:40.000Z</time>
      </trkpt>
      <trkpt lat="42.252882" lon="-6.790853">
        <ele>2012.3</ele>
        <time>2020-06-21T13:12:46.000Z</time>
      </trkpt>
      <trkpt lat="42.252868" lon="-6.790917">
        <ele>2013.1</ele>
        <time>2020-06-21T13:12:55.000Z</time>
      </trkpt>
      <trkpt lat="42.252865" lon="-6.790979">
        <ele>2014.1</ele>
        <time>2020-06-21T13:13:02.000Z</time>
      </trkpt>
      <trkpt lat="42.252845" lon="-6.791037">
        <ele>2015.2</ele>
        <time>2020-06-21T13:13:10.000Z</time>
      </trkpt>
      <trkpt lat="42.252816" lon="-6.791091">
        <ele>2016.3</ele>
        <time>2020-06-21T13:13:17.000Z</time>
      </trkpt>
      <trkpt lat="42.252775" lon="-6.791117">
        <ele>2017.5</ele>
        <time>2020-06-21T13:13:22.000Z</time>
      </trkpt>
      <trkpt lat="42.252737" lon="-6.791152">
        <ele>2018.9</ele>
        <time>2020-06-21T13:13:29.000Z</time>
      </trkpt>
      <trkpt lat="42.252692" lon="-6.791168">
        <ele>2020.4</ele>
        <time>2020-06-21T13:13:37.000Z</time>
      </trkpt>
      <trkpt lat="42.252659" lon="-6.791211">
        <ele>2022.0</ele>
        <time>2020-06-21T13:13:43.000Z</time>
      </trkpt>
      <trkpt lat="42.252632" lon="-6.791260">
        <ele>2023.9</ele>
        <time>2020-06-21T13:13:52.000Z</time>
      </trkpt>
      <trkpt lat="42.252585" lon="-6.791244">
        <ele>2025.8</ele>
        <time>2020-06-21T13:13:59.000Z</time>
      </trkpt>
      <trkpt lat="42.252545" lon="-6.791281">
        <ele>2027.6</ele>
        <time>2020-06-21T13:14:10.000Z</time>
      </trkpt>
      <trkpt lat="42.252512" lon="-6.791324">
        <ele>2029.2</ele>
        <time>2020-06-21T13:14:21.000Z</time>
      </trkpt>
      <trkpt lat="42.252494" lon="-6.791383">
        <ele>2030.9</ele>
        <time>2020-06-21T13:14:30.000Z</time>
      </trkpt>
      <trkpt lat="42.252478" lon="-6.791445">
        <ele>2031.9</ele>
        <time>2020-06-21T13:14:37.000Z</time>
      </trkpt>
      <trkpt lat="42.252439" lon="-6.791476">
        <ele>2031.1</ele>
        <time>2020-06-21T13:15:05.000Z</time>
      </trkpt>
      <trkpt lat="42.252412" lon="-6.791525">
        <ele>2030.3</ele>
        <time>2020-06-21T13:15:10.000Z</time>
      </trkpt>
      <trkpt lat="42.252403" lon="-6.791585">
        <ele>2029.6</ele>
        <time>2020-06-21T13:15:16.000Z</time>
      </trkpt>
      <trkpt lat="42.252453" lon="-6.791590">
        <ele>2029.2</ele>
        <time>2020-06-21T13:15:47.000Z</time>
        <cmt>Peña Negra Norte</cmt>
      </trkpt>
      <trkpt lat="42.252406" lon="-6.791606">
        <ele>2028.6</ele>
        <time>2020-06-21T13:16:51.000Z</time>
      </trkpt>
      <trkpt lat="42.252375" lon="-6.791559">
        <ele>2027.5</ele>
        <time>2020-06-21T13:17:20.000Z</time>
      </trkpt>
      <trkpt lat="42.252415" lon="-6.791514">
        <ele>2025.2</ele>
        <time>2020-06-21T13:18:22.000Z</time>
      </trkpt>
      <trkpt lat="42.252376" lon="-6.791560">
        <ele>2023.3</ele>
        <time>2020-06-21T13:18:32.000Z</time>
      </trkpt>
      <trkpt lat="42.252336" lon="-6.791593">
        <ele>2022.1</ele>
        <time>2020-06-21T13:18:35.000Z</time>
      </trkpt>
      <trkpt lat="42.252387" lon="-6.791581">
        <ele>2021.3</ele>
        <time>2020-06-21T13:18:42.000Z</time>
      </trkpt>
      <trkpt lat="42.252355" lon="-6.791533">
        <ele>2022.0</ele>
        <time>2020-06-21T13:20:15.000Z</time>
      </trkpt>
      <trkpt lat="42.252319" lon="-6.791494">
        <ele>2022.0</ele>
        <time>2020-06-21T13:20:21.000Z</time>
      </trkpt>
      <trkpt lat="42.252269" lon="-6.791509">
        <ele>2021.1</ele>
        <time>2020-06-21T13:20:53.000Z</time>
      </trkpt>
      <trkpt lat="42.252230" lon="-6.791551">
        <ele>2020.3</ele>
        <time>2020-06-21T13:21:00.000Z</time>
      </trkpt>
      <trkpt lat="42.252203" lon="-6.791606">
        <ele>2019.5</ele>
        <time>2020-06-21T13:21:11.000Z</time>
      </trkpt>
      <trkpt lat="42.252174" lon="-6.791664">
        <ele>2018.1</ele>
        <time>2020-06-21T13:21:21.000Z</time>
      </trkpt>
      <trkpt lat="42.252137" lon="-6.791714">
        <ele>2016.8</ele>
        <time>2020-06-21T13:21:27.000Z</time>
      </trkpt>
      <trkpt lat="42.252098" lon="-6.791745">
        <ele>2015.6</ele>
        <time>2020-06-21T13:21:32.000Z</time>
      </trkpt>
      <trkpt lat="42.252051" lon="-6.791774">
        <ele>2014.2</ele>
        <time>2020-06-21T13:21:38.000Z</time>
      </trkpt>
      <trkpt lat="42.252007" lon="-6.791798">
        <ele>2012.7</ele>
        <time>2020-06-21T13:21:49.000Z</time>
      </trkpt>
      <trkpt lat="42.251984" lon="-6.791860">
        <ele>2010.9</ele>
        <time>2020-06-21T13:21:59.000Z</time>
      </trkpt>
      <trkpt lat="42.251946" lon="-6.791911">
        <ele>2009.4</ele>
        <time>2020-06-21T13:22:06.000Z</time>
      </trkpt>
      <trkpt lat="42.251916" lon="-6.791962">
        <ele>2008.2</ele>
        <time>2020-06-21T13:22:12.000Z</time>
      </trkpt>
      <trkpt lat="42.251883" lon="-6.792014">
        <ele>2007.4</ele>
        <time>2020-06-21T13:22:17.000Z</time>
      </trkpt>
      <trkpt lat="42.251846" lon="-6.792051">
        <ele>2006.6</ele>
        <time>2020-06-21T13:22:23.000Z</time>
      </trkpt>
      <trkpt lat="42.251816" lon="-6.792099">
        <ele>2006.2</ele>
        <time>2020-06-21T13:22:32.000Z</time>
      </trkpt>
      <trkpt lat="42.251773" lon="-6.792119">
        <ele>2006.3</ele>
        <time>2020-06-21T13:22:41.000Z</time>
      </trkpt>
      <trkpt lat="42.251730" lon="-6.792145">
        <ele>2006.5</ele>
        <time>2020-06-21T13:22:46.000Z</time>
      </trkpt>
      <trkpt lat="42.251690" lon="-6.792173">
        <ele>2006.8</ele>
        <time>2020-06-21T13:22:51.000Z</time>
      </trkpt>
      <trkpt lat="42.251660" lon="-6.792220">
        <ele>2007.6</ele>
        <time>2020-06-21T13:22:59.000Z</time>
      </trkpt>
      <trkpt lat="42.251625" lon="-6.792265">
        <ele>2008.4</ele>
        <time>2020-06-21T13:23:05.000Z</time>
      </trkpt>
      <trkpt lat="42.251580" lon="-6.792265">
        <ele>2009.1</ele>
        <time>2020-06-21T13:23:10.000Z</time>
      </trkpt>
      <trkpt lat="42.251532" lon="-6.792279">
        <ele>2009.5</ele>
        <time>2020-06-21T13:23:16.000Z</time>
      </trkpt>
      <trkpt lat="42.251486" lon="-6.792290">
        <ele>2010.0</ele>
        <time>2020-06-21T13:23:23.000Z</time>
      </trkpt>
      <trkpt lat="42.251447" lon="-6.792326">
        <ele>2010.6</ele>
        <time>2020-06-21T13:23:36.000Z</time>
      </trkpt>
      <trkpt lat="42.251407" lon="-6.792354">
        <ele>2011.7</ele>
        <time>2020-06-21T13:23:46.000Z</time>
      </trkpt>
      <trkpt lat="42.251370" lon="-6.792394">
        <ele>2013.3</ele>
        <time>2020-06-21T13:23:56.000Z</time>
      </trkpt>
      <trkpt lat="42.251332" lon="-6.792429">
        <ele>2015.8</ele>
        <time>2020-06-21T13:24:11.000Z</time>
      </trkpt>
      <trkpt lat="42.251287" lon="-6.792446">
        <ele>2018.3</ele>
        <time>2020-06-21T13:24:27.000Z</time>
      </trkpt>
      <trkpt lat="42.251242" lon="-6.792469">
        <ele>2020.7</ele>
        <time>2020-06-21T13:24:37.000Z</time>
      </trkpt>
      <trkpt lat="42.251200" lon="-6.792501">
        <ele>2022.2</ele>
        <time>2020-06-21T13:24:47.000Z</time>
      </trkpt>
      <trkpt lat="42.251153" lon="-6.792509">
        <ele>2024.2</ele>
        <time>2020-06-21T13:24:55.000Z</time>
      </trkpt>
      <trkpt lat="42.251149" lon="-6.792572">
        <ele>2026.1</ele>
        <time>2020-06-21T13:25:06.000Z</time>
      </trkpt>
      <trkpt lat="42.251144" lon="-6.792633">
        <ele>2028.2</ele>
        <time>2020-06-21T13:25:32.000Z</time>
      </trkpt>
      <trkpt lat="42.251098" lon="-6.792641">
        <ele>2031.0</ele>
        <time>2020-06-21T13:25:54.000Z</time>
      </trkpt>
      <trkpt lat="42.251053" lon="-6.792658">
        <ele>2033.8</ele>
        <time>2020-06-21T13:26:08.000Z</time>
      </trkpt>
      <trkpt lat="42.251006" lon="-6.792668">
        <ele>2035.7</ele>
        <time>2020-06-21T13:26:17.000Z</time>
      </trkpt>
      <trkpt lat="42.250964" lon="-6.792697">
        <ele>2036.9</ele>
        <time>2020-06-21T13:26:23.000Z</time>
      </trkpt>
      <trkpt lat="42.250922" lon="-6.792729">
        <ele>2037.7</ele>
        <time>2020-06-21T13:26:28.000Z</time>
      </trkpt>
      <trkpt lat="42.250900" lon="-6.792784">
        <ele>2038.6</ele>
        <time>2020-06-21T13:26:34.000Z</time>
      </trkpt>
      <trkpt lat="42.250872" lon="-6.792836">
        <ele>2039.7</ele>
        <time>2020-06-21T13:26:42.000Z</time>
      </trkpt>
      <trkpt lat="42.250841" lon="-6.792883">
        <ele>2040.8</ele>
        <time>2020-06-21T13:26:50.000Z</time>
      </trkpt>
      <trkpt lat="42.250796" lon="-6.792903">
        <ele>2042.1</ele>
        <time>2020-06-21T13:26:59.000Z</time>
      </trkpt>
      <trkpt lat="42.250748" lon="-6.792918">
        <ele>2043.4</ele>
        <time>2020-06-21T13:27:07.000Z</time>
      </trkpt>
      <trkpt lat="42.250703" lon="-6.792912">
        <ele>2044.3</ele>
        <time>2020-06-21T13:27:12.000Z</time>
      </trkpt>
      <trkpt lat="42.250657" lon="-6.792913">
        <ele>2045.0</ele>
        <time>2020-06-21T13:27:16.000Z</time>
      </trkpt>
      <trkpt lat="42.250611" lon="-6.792920">
        <ele>2045.6</ele>
        <time>2020-06-21T13:27:22.000Z</time>
      </trkpt>
      <trkpt lat="42.250561" lon="-6.792930">
        <ele>2046.2</ele>
        <time>2020-06-21T13:27:29.000Z</time>
      </trkpt>
      <trkpt lat="42.250546" lon="-6.792989">
        <ele>2047.3</ele>
        <time>2020-06-21T13:27:41.000Z</time>
      </trkpt>
      <trkpt lat="42.250500" lon="-6.793002">
        <ele>2048.3</ele>
        <time>2020-06-21T13:27:53.000Z</time>
      </trkpt>
      <trkpt lat="42.250472" lon="-6.793051">
        <ele>2049.1</ele>
        <time>2020-06-21T13:28:00.000Z</time>
      </trkpt>
      <trkpt lat="42.250445" lon="-6.793105">
        <ele>2049.7</ele>
        <time>2020-06-21T13:28:08.000Z</time>
      </trkpt>
      <trkpt lat="42.250439" lon="-6.793167">
        <ele>2050.7</ele>
        <time>2020-06-21T13:28:18.000Z</time>
      </trkpt>
      <trkpt lat="42.250418" lon="-6.793224">
        <ele>2051.7</ele>
        <time>2020-06-21T13:28:25.000Z</time>
      </trkpt>
      <trkpt lat="42.250385" lon="-6.793268">
        <ele>2052.4</ele>
        <time>2020-06-21T13:28:33.000Z</time>
      </trkpt>
      <trkpt lat="42.250340" lon="-6.793281">
        <ele>2053.2</ele>
        <time>2020-06-21T13:28:41.000Z</time>
      </trkpt>
      <trkpt lat="42.250301" lon="-6.793319">
        <ele>2053.9</ele>
        <time>2020-06-21T13:28:48.000Z</time>
      </trkpt>
      <trkpt lat="42.250304" lon="-6.793384">
        <ele>2055.0</ele>
        <time>2020-06-21T13:28:55.000Z</time>
      </trkpt>
      <trkpt lat="42.250291" lon="-6.793445">
        <ele>2056.1</ele>
        <time>2020-06-21T13:29:10.000Z</time>
      </trkpt>
      <trkpt lat="42.250283" lon="-6.793505">
        <ele>2057.1</ele>
        <time>2020-06-21T13:29:22.000Z</time>
      </trkpt>
      <trkpt lat="42.250236" lon="-6.793504">
        <ele>2059.8</ele>
        <time>2020-06-21T13:29:43.000Z</time>
      </trkpt>
      <trkpt lat="42.250192" lon="-6.793522">
        <ele>2061.4</ele>
        <time>2020-06-21T13:30:01.000Z</time>
      </trkpt>
      <trkpt lat="42.250147" lon="-6.793531">
        <ele>2063.6</ele>
        <time>2020-06-21T13:30:14.000Z</time>
      </trkpt>
      <trkpt lat="42.250115" lon="-6.793574">
        <ele>2065.0</ele>
        <time>2020-06-21T13:30:33.000Z</time>
        <cmt>Peña Negra</cmt>
      </trkpt>
      <trkpt lat="42.250084" lon="-6.793637">
        <ele>2065.7</ele>
        <time>2020-06-21T13:43:29.000Z</time>
      </trkpt>
      <trkpt lat="42.250040" lon="-6.793678">
        <ele>2065.9</ele>
        <time>2020-06-21T13:43:33.000Z</time>
      </trkpt>
      <trkpt lat="42.249999" lon="-6.793706">
        <ele>2066.1</ele>
        <time>2020-06-21T13:43:36.000Z</time>
      </trkpt>
      <trkpt lat="42.249963" lon="-6.793742">
        <ele>2065.9</ele>
        <time>2020-06-21T13:43:44.000Z</time>
      </trkpt>
      <trkpt lat="42.249919" lon="-6.793754">
        <ele>2065.5</ele>
        <time>2020-06-21T13:43:49.000Z</time>
      </trkpt>
      <trkpt lat="42.249887" lon="-6.793803">
        <ele>2064.6</ele>
        <time>2020-06-21T13:43:55.000Z</time>
      </trkpt>
      <trkpt lat="42.249880" lon="-6.793867">
        <ele>2063.8</ele>
        <time>2020-06-21T13:44:00.000Z</time>
      </trkpt>
      <trkpt lat="42.249845" lon="-6.793913">
        <ele>2062.7</ele>
        <time>2020-06-21T13:44:06.000Z</time>
      </trkpt>
      <trkpt lat="42.249814" lon="-6.793958">
        <ele>2061.8</ele>
        <time>2020-06-21T13:44:11.000Z</time>
      </trkpt>
      <trkpt lat="42.249783" lon="-6.794006">
        <ele>2060.5</ele>
        <time>2020-06-21T13:44:18.000Z</time>
      </trkpt>
      <trkpt lat="42.249753" lon="-6.794055">
        <ele>2058.8</ele>
        <time>2020-06-21T13:44:27.000Z</time>
      </trkpt>
      <trkpt lat="42.249716" lon="-6.794091">
        <ele>2057.5</ele>
        <time>2020-06-21T13:44:35.000Z</time>
      </trkpt>
      <trkpt lat="42.249677" lon="-6.794125">
        <ele>2056.4</ele>
        <time>2020-06-21T13:44:45.000Z</time>
      </trkpt>
      <trkpt lat="42.249648" lon="-6.794180">
        <ele>2055.6</ele>
        <time>2020-06-21T13:44:54.000Z</time>
      </trkpt>
      <trkpt lat="42.249608" lon="-6.794208">
        <ele>2055.2</ele>
        <time>2020-06-21T13:45:06.000Z</time>
      </trkpt>
      <trkpt lat="42.249565" lon="-6.794228">
        <ele>2055.4</ele>
        <time>2020-06-21T13:45:16.000Z</time>
      </trkpt>
      <trkpt lat="42.249518" lon="-6.794209">
        <ele>2055.4</ele>
        <time>2020-06-21T13:45:22.000Z</time>
      </trkpt>
      <trkpt lat="42.249472" lon="-6.794208">
        <ele>2055.4</ele>
        <time>2020-06-21T13:45:27.000Z</time>
      </trkpt>
      <trkpt lat="42.249425" lon="-6.794207">
        <ele>2055.6</ele>
        <time>2020-06-21T13:45:34.000Z</time>
      </trkpt>
      <trkpt lat="42.249375" lon="-6.794207">
        <ele>2056.0</ele>
        <time>2020-06-21T13:45:40.000Z</time>
      </trkpt>
      <trkpt lat="42.249330" lon="-6.794203">
        <ele>2056.1</ele>
        <time>2020-06-21T13:45:45.000Z</time>
      </trkpt>
      <trkpt lat="42.249284" lon="-6.794197">
        <ele>2056.1</ele>
        <time>2020-06-21T13:45:49.000Z</time>
      </trkpt>
      <trkpt lat="42.249239" lon="-6.794207">
        <ele>2055.9</ele>
        <time>2020-06-21T13:45:54.000Z</time>
      </trkpt>
      <trkpt lat="42.249191" lon="-6.794197">
        <ele>2055.8</ele>
        <time>2020-06-21T13:46:01.000Z</time>
      </trkpt>
      <trkpt lat="42.249147" lon="-6.794209">
        <ele>2055.7</ele>
        <time>2020-06-21T13:46:07.000Z</time>
      </trkpt>
      <trkpt lat="42.249101" lon="-6.794226">
        <ele>2055.4</ele>
        <time>2020-06-21T13:46:11.000Z</time>
      </trkpt>
      <trkpt lat="42.249056" lon="-6.794219">
        <ele>2055.2</ele>
        <time>2020-06-21T13:46:16.000Z</time>
      </trkpt>
      <trkpt lat="42.249005" lon="-6.794214">
        <ele>2054.9</ele>
        <time>2020-06-21T13:46:21.000Z</time>
      </trkpt>
      <trkpt lat="42.248955" lon="-6.794215">
        <ele>2054.6</ele>
        <time>2020-06-21T13:46:26.000Z</time>
      </trkpt>
      <trkpt lat="42.248913" lon="-6.794192">
        <ele>2054.5</ele>
        <time>2020-06-21T13:46:30.000Z</time>
      </trkpt>
      <trkpt lat="42.248871" lon="-6.794166">
        <ele>2054.5</ele>
        <time>2020-06-21T13:46:35.000Z</time>
      </trkpt>
      <trkpt lat="42.248826" lon="-6.794188">
        <ele>2054.4</ele>
        <time>2020-06-21T13:46:39.000Z</time>
      </trkpt>
      <trkpt lat="42.248775" lon="-6.794210">
        <ele>2053.9</ele>
        <time>2020-06-21T13:46:45.000Z</time>
      </trkpt>
      <trkpt lat="42.248730" lon="-6.794185">
        <ele>2053.1</ele>
        <time>2020-06-21T13:46:53.000Z</time>
      </trkpt>
      <trkpt lat="42.248685" lon="-6.794177">
        <ele>2052.0</ele>
        <time>2020-06-21T13:47:00.000Z</time>
      </trkpt>
      <trkpt lat="42.248651" lon="-6.794133">
        <ele>2051.0</ele>
        <time>2020-06-21T13:47:08.000Z</time>
      </trkpt>
      <trkpt lat="42.248611" lon="-6.794102">
        <ele>2049.6</ele>
        <time>2020-06-21T13:47:39.000Z</time>
      </trkpt>
      <trkpt lat="42.248566" lon="-6.794113">
        <ele>2048.2</ele>
        <time>2020-06-21T13:47:45.000Z</time>
      </trkpt>
      <trkpt lat="42.248519" lon="-6.794103">
        <ele>2047.0</ele>
        <time>2020-06-21T13:47:52.000Z</time>
      </trkpt>
      <trkpt lat="42.248477" lon="-6.794079">
        <ele>2045.9</ele>
        <time>2020-06-21T13:47:58.000Z</time>
      </trkpt>
      <trkpt lat="42.248430" lon="-6.794090">
        <ele>2044.9</ele>
        <time>2020-06-21T13:48:04.000Z</time>
      </trkpt>
      <trkpt lat="42.248382" lon="-6.794092">
        <ele>2043.3</ele>
        <time>2020-06-21T13:48:12.000Z</time>
      </trkpt>
      <trkpt lat="42.248340" lon="-6.794113">
        <ele>2041.8</ele>
        <time>2020-06-21T13:48:19.000Z</time>
      </trkpt>
      <trkpt lat="42.248295" lon="-6.794091">
        <ele>2039.9</ele>
        <time>2020-06-21T13:48:28.000Z</time>
      </trkpt>
      <trkpt lat="42.248271" lon="-6.794151">
        <ele>2037.5</ele>
        <time>2020-06-21T13:48:57.000Z</time>
      </trkpt>
      <trkpt lat="42.248225" lon="-6.794166">
        <ele>2035.4</ele>
        <time>2020-06-21T13:49:04.000Z</time>
      </trkpt>
      <trkpt lat="42.248178" lon="-6.794178">
        <ele>2033.7</ele>
        <time>2020-06-21T13:49:09.000Z</time>
      </trkpt>
      <trkpt lat="42.248130" lon="-6.794184">
        <ele>2032.5</ele>
        <time>2020-06-21T13:49:13.000Z</time>
      </trkpt>
      <trkpt lat="42.248078" lon="-6.794185">
        <ele>2031.5</ele>
        <time>2020-06-21T13:49:18.000Z</time>
      </trkpt>
      <trkpt lat="42.248029" lon="-6.794182">
        <ele>2030.6</ele>
        <time>2020-06-21T13:49:21.000Z</time>
      </trkpt>
      <trkpt lat="42.247983" lon="-6.794172">
        <ele>2030.0</ele>
        <time>2020-06-21T13:49:25.000Z</time>
      </trkpt>
      <trkpt lat="42.247941" lon="-6.794144">
        <ele>2029.4</ele>
        <time>2020-06-21T13:49:29.000Z</time>
      </trkpt>
      <trkpt lat="42.247898" lon="-6.794122">
        <ele>2028.7</ele>
        <time>2020-06-21T13:49:34.000Z</time>
      </trkpt>
      <trkpt lat="42.247850" lon="-6.794115">
        <ele>2028.2</ele>
        <time>2020-06-21T13:49:40.000Z</time>
      </trkpt>
      <trkpt lat="42.247801" lon="-6.794119">
        <ele>2027.6</ele>
        <time>2020-06-21T13:49:44.000Z</time>
      </trkpt>
      <trkpt lat="42.247756" lon="-6.794125">
        <ele>2026.9</ele>
        <time>2020-06-21T13:49:48.000Z</time>
      </trkpt>
      <trkpt lat="42.247709" lon="-6.794119">
        <ele>2026.3</ele>
        <time>2020-06-21T13:49:52.000Z</time>
      </trkpt>
      <trkpt lat="42.247659" lon="-6.794119">
        <ele>2025.4</ele>
        <time>2020-06-21T13:49:57.000Z</time>
      </trkpt>
      <trkpt lat="42.247612" lon="-6.794128">
        <ele>2024.7</ele>
        <time>2020-06-21T13:50:01.000Z</time>
      </trkpt>
      <trkpt lat="42.247564" lon="-6.794138">
        <ele>2024.2</ele>
        <time>2020-06-21T13:50:05.000Z</time>
      </trkpt>
      <trkpt lat="42.247517" lon="-6.794160">
        <ele>2023.8</ele>
        <time>2020-06-21T13:50:10.000Z</time>
      </trkpt>
      <trkpt lat="42.247472" lon="-6.794181">
        <ele>2023.1</ele>
        <time>2020-06-21T13:50:17.000Z</time>
      </trkpt>
      <trkpt lat="42.247421" lon="-6.794184">
        <ele>2022.3</ele>
        <time>2020-06-21T13:50:21.000Z</time>
      </trkpt>
      <trkpt lat="42.247370" lon="-6.794198">
        <ele>2021.9</ele>
        <time>2020-06-21T13:50:25.000Z</time>
      </trkpt>
      <trkpt lat="42.247321" lon="-6.794205">
        <ele>2021.4</ele>
        <time>2020-06-21T13:50:29.000Z</time>
      </trkpt>
      <trkpt lat="42.247274" lon="-6.794230">
        <ele>2020.8</ele>
        <time>2020-06-21T13:50:33.000Z</time>
      </trkpt>
      <trkpt lat="42.247225" lon="-6.794226">
        <ele>2020.2</ele>
        <time>2020-06-21T13:50:37.000Z</time>
      </trkpt>
      <trkpt lat="42.247176" lon="-6.794238">
        <ele>2019.9</ele>
        <time>2020-06-21T13:50:42.000Z</time>
      </trkpt>
      <trkpt lat="42.247128" lon="-6.794254">
        <ele>2019.3</ele>
        <time>2020-06-21T13:50:46.000Z</time>
      </trkpt>
      <trkpt lat="42.247078" lon="-6.794268">
        <ele>2019.0</ele>
        <time>2020-06-21T13:50:51.000Z</time>
      </trkpt>
      <trkpt lat="42.247032" lon="-6.794291">
        <ele>2018.7</ele>
        <time>2020-06-21T13:50:55.000Z</time>
      </trkpt>
      <trkpt lat="42.246985" lon="-6.794309">
        <ele>2018.5</ele>
        <time>2020-06-21T13:50:59.000Z</time>
      </trkpt>
      <trkpt lat="42.246936" lon="-6.794320">
        <ele>2018.1</ele>
        <time>2020-06-21T13:51:04.000Z</time>
      </trkpt>
      <trkpt lat="42.246890" lon="-6.794328">
        <ele>2017.3</ele>
        <time>2020-06-21T13:51:08.000Z</time>
      </trkpt>
      <trkpt lat="42.246843" lon="-6.794340">
        <ele>2016.4</ele>
        <time>2020-06-21T13:51:12.000Z</time>
      </trkpt>
      <trkpt lat="42.246796" lon="-6.794349">
        <ele>2016.1</ele>
        <time>2020-06-21T13:51:16.000Z</time>
      </trkpt>
      <trkpt lat="42.246751" lon="-6.794383">
        <ele>2015.9</ele>
        <time>2020-06-21T13:51:22.000Z</time>
      </trkpt>
      <trkpt lat="42.246714" lon="-6.794419">
        <ele>2015.9</ele>
        <time>2020-06-21T13:51:26.000Z</time>
      </trkpt>
      <trkpt lat="42.246662" lon="-6.794424">
        <ele>2016.1</ele>
        <time>2020-06-21T13:51:30.000Z</time>
      </trkpt>
      <trkpt lat="42.246609" lon="-6.794433">
        <ele>2015.9</ele>
        <time>2020-06-21T13:51:34.000Z</time>
      </trkpt>
      <trkpt lat="42.246554" lon="-6.794437">
        <ele>2015.8</ele>
        <time>2020-06-21T13:51:39.000Z</time>
      </trkpt>
      <trkpt lat="42.246508" lon="-6.794441">
        <ele>2016.0</ele>
        <time>2020-06-21T13:51:42.000Z</time>
      </trkpt>
      <trkpt lat="42.246466" lon="-6.794469">
        <ele>2015.9</ele>
        <time>2020-06-21T13:51:45.000Z</time>
      </trkpt>
      <trkpt lat="42.246410" lon="-6.794485">
        <ele>2016.0</ele>
        <time>2020-06-21T13:51:49.000Z</time>
      </trkpt>
      <trkpt lat="42.246364" lon="-6.794492">
        <ele>2016.0</ele>
        <time>2020-06-21T13:51:53.000Z</time>
      </trkpt>
      <trkpt lat="42.246310" lon="-6.794489">
        <ele>2015.5</ele>
        <time>2020-06-21T13:51:58.000Z</time>
      </trkpt>
      <trkpt lat="42.246261" lon="-6.794486">
        <ele>2015.2</ele>
        <time>2020-06-21T13:52:02.000Z</time>
      </trkpt>
      <trkpt lat="42.246214" lon="-6.794485">
        <ele>2014.8</ele>
        <time>2020-06-21T13:52:07.000Z</time>
      </trkpt>
      <trkpt lat="42.246169" lon="-6.794500">
        <ele>2014.3</ele>
        <time>2020-06-21T13:52:12.000Z</time>
      </trkpt>
      <trkpt lat="42.246123" lon="-6.794513">
        <ele>2014.2</ele>
        <time>2020-06-21T13:52:18.000Z</time>
      </trkpt>
      <trkpt lat="42.246088" lon="-6.794474">
        <ele>2014.2</ele>
        <time>2020-06-21T13:52:35.000Z</time>
      </trkpt>
      <trkpt lat="42.246042" lon="-6.794473">
        <ele>2014.4</ele>
        <time>2020-06-21T13:52:40.000Z</time>
      </trkpt>
      <trkpt lat="42.245995" lon="-6.794450">
        <ele>2014.4</ele>
        <time>2020-06-21T13:52:43.000Z</time>
      </trkpt>
      <trkpt lat="42.245958" lon="-6.794416">
        <ele>2014.6</ele>
        <time>2020-06-21T13:52:46.000Z</time>
      </trkpt>
      <trkpt lat="42.245907" lon="-6.794399">
        <ele>2014.8</ele>
        <time>2020-06-21T13:52:50.000Z</time>
      </trkpt>
      <trkpt lat="42.245860" lon="-6.794400">
        <ele>2014.6</ele>
        <time>2020-06-21T13:52:57.000Z</time>
      </trkpt>
      <trkpt lat="42.245811" lon="-6.794412">
        <ele>2014.7</ele>
        <time>2020-06-21T13:53:00.000Z</time>
      </trkpt>
      <trkpt lat="42.245769" lon="-6.794436">
        <ele>2015.0</ele>
        <time>2020-06-21T13:53:03.000Z</time>
      </trkpt>
      <trkpt lat="42.245723" lon="-6.794460">
        <ele>2015.4</ele>
        <time>2020-06-21T13:53:06.000Z</time>
      </trkpt>
      <trkpt lat="42.245676" lon="-6.794485">
        <ele>2015.9</ele>
        <time>2020-06-21T13:53:09.000Z</time>
      </trkpt>
      <trkpt lat="42.245628" lon="-6.794507">
        <ele>2016.6</ele>
        <time>2020-06-21T13:53:13.000Z</time>
      </trkpt>
      <trkpt lat="42.245602" lon="-6.794559">
        <ele>2017.2</ele>
        <time>2020-06-21T13:53:17.000Z</time>
      </trkpt>
      <trkpt lat="42.245565" lon="-6.794599">
        <ele>2017.9</ele>
        <time>2020-06-21T13:53:22.000Z</time>
      </trkpt>
      <trkpt lat="42.245520" lon="-6.794609">
        <ele>2017.9</ele>
        <time>2020-06-21T13:53:29.000Z</time>
      </trkpt>
      <trkpt lat="42.245468" lon="-6.794619">
        <ele>2018.1</ele>
        <time>2020-06-21T13:53:34.000Z</time>
      </trkpt>
      <trkpt lat="42.245426" lon="-6.794643">
        <ele>2018.1</ele>
        <time>2020-06-21T13:53:38.000Z</time>
      </trkpt>
      <trkpt lat="42.245379" lon="-6.794660">
        <ele>2018.2</ele>
        <time>2020-06-21T13:53:43.000Z</time>
      </trkpt>
      <trkpt lat="42.245331" lon="-6.794680">
        <ele>2018.2</ele>
        <time>2020-06-21T13:53:48.000Z</time>
      </trkpt>
      <trkpt lat="42.245285" lon="-6.794715">
        <ele>2018.0</ele>
        <time>2020-06-21T13:53:53.000Z</time>
      </trkpt>
      <trkpt lat="42.245238" lon="-6.794749">
        <ele>2017.5</ele>
        <time>2020-06-21T13:53:57.000Z</time>
      </trkpt>
      <trkpt lat="42.245196" lon="-6.794781">
        <ele>2016.9</ele>
        <time>2020-06-21T13:54:01.000Z</time>
      </trkpt>
      <trkpt lat="42.245150" lon="-6.794799">
        <ele>2016.3</ele>
        <time>2020-06-21T13:54:06.000Z</time>
      </trkpt>
      <trkpt lat="42.245100" lon="-6.794812">
        <ele>2015.9</ele>
        <time>2020-06-21T13:54:10.000Z</time>
      </trkpt>
      <trkpt lat="42.245055" lon="-6.794835">
        <ele>2015.4</ele>
        <time>2020-06-21T13:54:14.000Z</time>
      </trkpt>
      <trkpt lat="42.245014" lon="-6.794865">
        <ele>2014.9</ele>
        <time>2020-06-21T13:54:18.000Z</time>
      </trkpt>
      <trkpt lat="42.244967" lon="-6.794893">
        <ele>2014.2</ele>
        <time>2020-06-21T13:54:22.000Z</time>
      </trkpt>
      <trkpt lat="42.244920" lon="-6.794910">
        <ele>2013.4</ele>
        <time>2020-06-21T13:54:26.000Z</time>
      </trkpt>
      <trkpt lat="42.244875" lon="-6.794926">
        <ele>2012.6</ele>
        <time>2020-06-21T13:54:30.000Z</time>
      </trkpt>
      <trkpt lat="42.244840" lon="-6.794965">
        <ele>2011.7</ele>
        <time>2020-06-21T13:54:34.000Z</time>
      </trkpt>
      <trkpt lat="42.244798" lon="-6.794988">
        <ele>2011.4</ele>
        <time>2020-06-21T13:54:49.000Z</time>
      </trkpt>
      <trkpt lat="42.244766" lon="-6.795032">
        <ele>2010.7</ele>
        <time>2020-06-21T13:55:02.000Z</time>
      </trkpt>
      <trkpt lat="42.244721" lon="-6.795055">
        <ele>2010.5</ele>
        <time>2020-06-21T13:55:06.000Z</time>
      </trkpt>
      <trkpt lat="42.244679" lon="-6.795085">
        <ele>2010.6</ele>
        <time>2020-06-21T13:55:10.000Z</time>
      </trkpt>
      <trkpt lat="42.244644" lon="-6.795138">
        <ele>2011.0</ele>
        <time>2020-06-21T13:55:14.000Z</time>
      </trkpt>
      <trkpt lat="42.244600" lon="-6.795161">
        <ele>2011.6</ele>
        <time>2020-06-21T13:55:19.000Z</time>
      </trkpt>
      <trkpt lat="42.244561" lon="-6.795197">
        <ele>2012.3</ele>
        <time>2020-06-21T13:55:23.000Z</time>
      </trkpt>
      <trkpt lat="42.244524" lon="-6.795234">
        <ele>2013.0</ele>
        <time>2020-06-21T13:55:28.000Z</time>
      </trkpt>
      <trkpt lat="42.244489" lon="-6.795278">
        <ele>2013.7</ele>
        <time>2020-06-21T13:55:33.000Z</time>
      </trkpt>
      <trkpt lat="42.244447" lon="-6.795310">
        <ele>2014.5</ele>
        <time>2020-06-21T13:55:40.000Z</time>
      </trkpt>
      <trkpt lat="42.244403" lon="-6.795344">
        <ele>2015.0</ele>
        <time>2020-06-21T13:55:46.000Z</time>
      </trkpt>
      <trkpt lat="42.244364" lon="-6.795381">
        <ele>2015.2</ele>
        <time>2020-06-21T13:55:50.000Z</time>
      </trkpt>
      <trkpt lat="42.244336" lon="-6.795436">
        <ele>2015.3</ele>
        <time>2020-06-21T13:55:56.000Z</time>
      </trkpt>
      <trkpt lat="42.244318" lon="-6.795501">
        <ele>2015.7</ele>
        <time>2020-06-21T13:56:01.000Z</time>
        <cmt>Señales</cmt>
      </trkpt>
      <trkpt lat="42.244284" lon="-6.795459">
        <ele>2016.0</ele>
        <time>2020-06-21T13:56:44.000Z</time>
      </trkpt>
      <trkpt lat="42.244242" lon="-6.795483">
        <ele>2016.3</ele>
        <time>2020-06-21T13:57:30.000Z</time>
      </trkpt>
      <trkpt lat="42.244196" lon="-6.795520">
        <ele>2016.4</ele>
        <time>2020-06-21T13:57:49.000Z</time>
      </trkpt>
      <trkpt lat="42.244157" lon="-6.795552">
        <ele>2016.4</ele>
        <time>2020-06-21T13:57:54.000Z</time>
      </trkpt>
      <trkpt lat="42.244107" lon="-6.795572">
        <ele>2016.4</ele>
        <time>2020-06-21T13:57:58.000Z</time>
      </trkpt>
      <trkpt lat="42.244063" lon="-6.795587">
        <ele>2016.5</ele>
        <time>2020-06-21T13:58:02.000Z</time>
      </trkpt>
      <trkpt lat="42.244020" lon="-6.795612">
        <ele>2016.7</ele>
        <time>2020-06-21T13:58:06.000Z</time>
      </trkpt>
      <trkpt lat="42.243975" lon="-6.795628">
        <ele>2016.9</ele>
        <time>2020-06-21T13:58:11.000Z</time>
      </trkpt>
      <trkpt lat="42.243930" lon="-6.795651">
        <ele>2017.3</ele>
        <time>2020-06-21T13:58:19.000Z</time>
      </trkpt>
      <trkpt lat="42.243885" lon="-6.795635">
        <ele>2017.8</ele>
        <time>2020-06-21T13:58:24.000Z</time>
      </trkpt>
      <trkpt lat="42.243839" lon="-6.795639">
        <ele>2018.2</ele>
        <time>2020-06-21T13:58:32.000Z</time>
      </trkpt>
      <trkpt lat="42.243789" lon="-6.795651">
        <ele>2018.7</ele>
        <time>2020-06-21T13:58:40.000Z</time>
      </trkpt>
      <trkpt lat="42.243742" lon="-6.795649">
        <ele>2019.0</ele>
        <time>2020-06-21T13:58:44.000Z</time>
      </trkpt>
      <trkpt lat="42.243692" lon="-6.795656">
        <ele>2019.3</ele>
        <time>2020-06-21T13:58:49.000Z</time>
      </trkpt>
      <trkpt lat="42.243646" lon="-6.795659">
        <ele>2019.7</ele>
        <time>2020-06-21T13:58:54.000Z</time>
      </trkpt>
      <trkpt lat="42.243601" lon="-6.795662">
        <ele>2020.5</ele>
        <time>2020-06-21T13:59:00.000Z</time>
      </trkpt>
      <trkpt lat="42.243554" lon="-6.795660">
        <ele>2021.3</ele>
        <time>2020-06-21T13:59:07.000Z</time>
      </trkpt>
      <trkpt lat="42.243508" lon="-6.795671">
        <ele>2022.4</ele>
        <time>2020-06-21T13:59:15.000Z</time>
      </trkpt>
      <trkpt lat="42.243455" lon="-6.795663">
        <ele>2023.5</ele>
        <time>2020-06-21T13:59:21.000Z</time>
      </trkpt>
      <trkpt lat="42.243407" lon="-6.795646">
        <ele>2025.0</ele>
        <time>2020-06-21T13:59:33.000Z</time>
      </trkpt>
      <trkpt lat="42.243360" lon="-6.795641">
        <ele>2026.4</ele>
        <time>2020-06-21T13:59:40.000Z</time>
      </trkpt>
      <trkpt lat="42.243311" lon="-6.795643">
        <ele>2027.8</ele>
        <time>2020-06-21T13:59:47.000Z</time>
      </trkpt>
      <trkpt lat="42.243262" lon="-6.795655">
        <ele>2029.2</ele>
        <time>2020-06-21T13:59:53.000Z</time>
      </trkpt>
      <trkpt lat="42.243217" lon="-6.795652">
        <ele>2030.7</ele>
        <time>2020-06-21T13:59:59.000Z</time>
      </trkpt>
      <trkpt lat="42.243170" lon="-6.795665">
        <ele>2032.3</ele>
        <time>2020-06-21T14:00:05.000Z</time>
      </trkpt>
      <trkpt lat="42.243126" lon="-6.795682">
        <ele>2033.8</ele>
        <time>2020-06-21T14:00:12.000Z</time>
      </trkpt>
      <trkpt lat="42.243079" lon="-6.795690">
        <ele>2035.5</ele>
        <time>2020-06-21T14:00:20.000Z</time>
      </trkpt>
      <trkpt lat="42.243036" lon="-6.795711">
        <ele>2037.1</ele>
        <time>2020-06-21T14:00:30.000Z</time>
      </trkpt>
      <trkpt lat="42.242989" lon="-6.795725">
        <ele>2038.8</ele>
        <time>2020-06-21T14:00:38.000Z</time>
      </trkpt>
      <trkpt lat="42.242945" lon="-6.795744">
        <ele>2040.2</ele>
        <time>2020-06-21T14:00:47.000Z</time>
      </trkpt>
      <trkpt lat="42.242900" lon="-6.795728">
        <ele>2042.1</ele>
        <time>2020-06-21T14:00:56.000Z</time>
      </trkpt>
      <trkpt lat="42.242855" lon="-6.795744">
        <ele>2043.8</ele>
        <time>2020-06-21T14:01:05.000Z</time>
      </trkpt>
      <trkpt lat="42.242810" lon="-6.795737">
        <ele>2045.6</ele>
        <time>2020-06-21T14:01:12.000Z</time>
      </trkpt>
      <trkpt lat="42.242770" lon="-6.795766">
        <ele>2047.4</ele>
        <time>2020-06-21T14:01:20.000Z</time>
      </trkpt>
      <trkpt lat="42.242729" lon="-6.795800">
        <ele>2049.4</ele>
        <time>2020-06-21T14:01:31.000Z</time>
      </trkpt>
      <trkpt lat="42.242683" lon="-6.795806">
        <ele>2050.8</ele>
        <time>2020-06-21T14:01:41.000Z</time>
      </trkpt>
      <trkpt lat="42.242639" lon="-6.795792">
        <ele>2052.4</ele>
        <time>2020-06-21T14:02:02.000Z</time>
      </trkpt>
      <trkpt lat="42.242598" lon="-6.795819">
        <ele>2054.3</ele>
        <time>2020-06-21T14:02:13.000Z</time>
      </trkpt>
      <trkpt lat="42.242553" lon="-6.795823">
        <ele>2056.6</ele>
        <time>2020-06-21T14:02:25.000Z</time>
      </trkpt>
      <trkpt lat="42.242509" lon="-6.795844">
        <ele>2058.8</ele>
        <time>2020-06-21T14:02:33.000Z</time>
      </trkpt>
      <trkpt lat="42.242470" lon="-6.795875">
        <ele>2060.4</ele>
        <time>2020-06-21T14:02:45.000Z</time>
      </trkpt>
      <trkpt lat="42.242434" lon="-6.795919">
        <ele>2062.1</ele>
        <time>2020-06-21T14:02:52.000Z</time>
      </trkpt>
      <trkpt lat="42.242389" lon="-6.795920">
        <ele>2063.5</ele>
        <time>2020-06-21T14:03:02.000Z</time>
      </trkpt>
      <trkpt lat="42.242342" lon="-6.795928">
        <ele>2064.7</ele>
        <time>2020-06-21T14:03:09.000Z</time>
      </trkpt>
      <trkpt lat="42.242339" lon="-6.795989">
        <ele>2065.7</ele>
        <time>2020-06-21T14:03:18.000Z</time>
      </trkpt>
      <trkpt lat="42.242361" lon="-6.796045">
        <ele>2066.7</ele>
        <time>2020-06-21T14:03:27.000Z</time>
        <cmt>Peña Trevinca</cmt>
      </trkpt>
      <trkpt lat="42.242321" lon="-6.796014">
        <ele>2068.6</ele>
        <time>2020-06-21T14:04:24.000Z</time>
      </trkpt>
      <trkpt lat="42.242301" lon="-6.795958">
        <ele>2069.1</ele>
        <time>2020-06-21T14:04:36.000Z</time>
      </trkpt>
      <trkpt lat="42.242263" lon="-6.795924">
        <ele>2070.1</ele>
        <time>2020-06-21T14:04:59.000Z</time>
      </trkpt>
      <trkpt lat="42.242306" lon="-6.795945">
        <ele>2070.8</ele>
        <time>2020-06-21T14:05:34.000Z</time>
      </trkpt>
      <trkpt lat="42.242347" lon="-6.795989">
        <ele>2071.0</ele>
        <time>2020-06-21T14:05:40.000Z</time>
      </trkpt>
      <trkpt lat="42.242380" lon="-6.796031">
        <ele>2071.5</ele>
        <time>2020-06-21T14:05:47.000Z</time>
      </trkpt>
      <trkpt lat="42.242423" lon="-6.796047">
        <ele>2072.4</ele>
        <time>2020-06-21T14:06:37.000Z</time>
      </trkpt>
      <trkpt lat="42.242462" lon="-6.796083">
        <ele>2071.1</ele>
        <time>2020-06-21T14:09:23.000Z</time>
      </trkpt>
      <trkpt lat="42.242414" lon="-6.796105">
        <ele>2070.5</ele>
        <time>2020-06-21T14:14:26.000Z</time>
      </trkpt>
      <trkpt lat="42.242449" lon="-6.796056">
        <ele>2070.6</ele>
        <time>2020-06-21T14:15:39.000Z</time>
      </trkpt>
      <trkpt lat="42.242478" lon="-6.796009">
        <ele>2070.5</ele>
        <time>2020-06-21T14:25:13.000Z</time>
      </trkpt>
      <trkpt lat="42.242434" lon="-6.796033">
        <ele>2070.3</ele>
        <time>2020-06-21T14:28:25.000Z</time>
      </trkpt>
      <trkpt lat="42.242481" lon="-6.796033">
        <ele>2070.9</ele>
        <time>2020-06-21T14:33:02.000Z</time>
      </trkpt>
      <trkpt lat="42.242465" lon="-6.796090">
        <ele>2071.0</ele>
        <time>2020-06-21T14:33:27.000Z</time>
      </trkpt>
      <trkpt lat="42.242417" lon="-6.796086">
        <ele>2071.4</ele>
        <time>2020-06-21T14:33:47.000Z</time>
      </trkpt>
      <trkpt lat="42.242390" lon="-6.796143">
        <ele>2071.6</ele>
        <time>2020-06-21T14:33:55.000Z</time>
      </trkpt>
      <trkpt lat="42.242369" lon="-6.796200">
        <ele>2071.7</ele>
        <time>2020-06-21T14:34:01.000Z</time>
      </trkpt>
      <trkpt lat="42.242415" lon="-6.796210">
        <ele>2071.0</ele>
        <time>2020-06-21T14:34:46.000Z</time>
      </trkpt>
      <trkpt lat="42.242421" lon="-6.796147">
        <ele>2071.8</ele>
        <time>2020-06-21T14:35:04.000Z</time>
      </trkpt>
      <trkpt lat="42.242420" lon="-6.796083">
        <ele>2071.3</ele>
        <time>2020-06-21T14:39:37.000Z</time>
      </trkpt>
      <trkpt lat="42.242386" lon="-6.796041">
        <ele>2071.9</ele>
        <time>2020-06-21T14:41:16.000Z</time>
      </trkpt>
      <trkpt lat="42.242409" lon="-6.795988">
        <ele>2072.2</ele>
        <time>2020-06-21T14:42:09.000Z</time>
      </trkpt>
      <trkpt lat="42.242451" lon="-6.795961">
        <ele>2071.9</ele>
        <time>2020-06-21T14:42:13.000Z</time>
      </trkpt>
      <trkpt lat="42.242495" lon="-6.795915">
        <ele>2071.5</ele>
        <time>2020-06-21T14:42:17.000Z</time>
      </trkpt>
      <trkpt lat="42.242536" lon="-6.795883">
        <ele>2070.8</ele>
        <time>2020-06-21T14:42:20.000Z</time>
      </trkpt>
      <trkpt lat="42.242579" lon="-6.795849">
        <ele>2070.1</ele>
        <time>2020-06-21T14:42:24.000Z</time>
      </trkpt>
      <trkpt lat="42.242624" lon="-6.795843">
        <ele>2069.4</ele>
        <time>2020-06-21T14:42:27.000Z</time>
      </trkpt>
      <trkpt lat="42.242672" lon="-6.795823">
        <ele>2067.8</ele>
        <time>2020-06-21T14:42:33.000Z</time>
      </trkpt>
      <trkpt lat="42.242716" lon="-6.795808">
        <ele>2065.7</ele>
        <time>2020-06-21T14:42:38.000Z</time>
      </trkpt>
      <trkpt lat="42.242762" lon="-6.795788">
        <ele>2063.4</ele>
        <time>2020-06-21T14:42:43.000Z</time>
      </trkpt>
      <trkpt lat="42.242807" lon="-6.795770">
        <ele>2060.7</ele>
        <time>2020-06-21T14:42:52.000Z</time>
      </trkpt>
      <trkpt lat="42.242853" lon="-6.795748">
        <ele>2058.4</ele>
        <time>2020-06-21T14:43:00.000Z</time>
      </trkpt>
      <trkpt lat="42.242899" lon="-6.795726">
        <ele>2056.1</ele>
        <time>2020-06-21T14:43:05.000Z</time>
      </trkpt>
      <trkpt lat="42.242951" lon="-6.795722">
        <ele>2053.8</ele>
        <time>2020-06-21T14:43:10.000Z</time>
      </trkpt>
      <trkpt lat="42.242997" lon="-6.795713">
        <ele>2051.2</ele>
        <time>2020-06-21T14:43:15.000Z</time>
      </trkpt>
      <trkpt lat="42.243040" lon="-6.795680">
        <ele>2048.9</ele>
        <time>2020-06-21T14:43:19.000Z</time>
      </trkpt>
      <trkpt lat="42.243087" lon="-6.795680">
        <ele>2046.7</ele>
        <time>2020-06-21T14:43:23.000Z</time>
      </trkpt>
      <trkpt lat="42.243136" lon="-6.795672">
        <ele>2044.7</ele>
        <time>2020-06-21T14:43:27.000Z</time>
      </trkpt>
      <trkpt lat="42.243186" lon="-6.795667">
        <ele>2043.0</ele>
        <time>2020-06-21T14:43:32.000Z</time>
      </trkpt>
      <trkpt lat="42.243231" lon="-6.795658">
        <ele>2041.5</ele>
        <time>2020-06-21T14:43:36.000Z</time>
      </trkpt>
      <trkpt lat="42.243284" lon="-6.795659">
        <ele>2040.1</ele>
        <time>2020-06-21T14:43:40.000Z</time>
      </trkpt>
      <trkpt lat="42.243333" lon="-6.795659">
        <ele>2038.4</ele>
        <time>2020-06-21T14:43:44.000Z</time>
      </trkpt>
      <trkpt lat="42.243379" lon="-6.795659">
        <ele>2036.6</ele>
        <time>2020-06-21T14:43:48.000Z</time>
      </trkpt>
      <trkpt lat="42.243420" lon="-6.795691">
        <ele>2034.7</ele>
        <time>2020-06-21T14:43:53.000Z</time>
      </trkpt>
      <trkpt lat="42.243465" lon="-6.795705">
        <ele>2032.8</ele>
        <time>2020-06-21T14:43:57.000Z</time>
      </trkpt>
      <trkpt lat="42.243513" lon="-6.795686">
        <ele>2031.2</ele>
        <time>2020-06-21T14:44:00.000Z</time>
      </trkpt>
      <trkpt lat="42.243560" lon="-6.795673">
        <ele>2029.9</ele>
        <time>2020-06-21T14:44:05.000Z</time>
      </trkpt>
      <trkpt lat="42.243606" lon="-6.795678">
        <ele>2028.5</ele>
        <time>2020-06-21T14:44:10.000Z</time>
      </trkpt>
      <trkpt lat="42.243652" lon="-6.795659">
        <ele>2027.2</ele>
        <time>2020-06-21T14:44:16.000Z</time>
      </trkpt>
      <trkpt lat="42.243706" lon="-6.795647">
        <ele>2026.1</ele>
        <time>2020-06-21T14:44:20.000Z</time>
      </trkpt>
      <trkpt lat="42.243758" lon="-6.795638">
        <ele>2025.0</ele>
        <time>2020-06-21T14:44:24.000Z</time>
      </trkpt>
      <trkpt lat="42.243806" lon="-6.795628">
        <ele>2023.9</ele>
        <time>2020-06-21T14:44:28.000Z</time>
      </trkpt>
      <trkpt lat="42.243851" lon="-6.795632">
        <ele>2023.0</ele>
        <time>2020-06-21T14:44:32.000Z</time>
      </trkpt>
      <trkpt lat="42.243899" lon="-6.795628">
        <ele>2022.1</ele>
        <time>2020-06-21T14:44:35.000Z</time>
      </trkpt>
      <trkpt lat="42.243947" lon="-6.795614">
        <ele>2021.2</ele>
        <time>2020-06-21T14:44:38.000Z</time>
      </trkpt>
      <trkpt lat="42.243992" lon="-6.795584">
        <ele>2020.5</ele>
        <time>2020-06-21T14:44:41.000Z</time>
      </trkpt>
      <trkpt lat="42.244044" lon="-6.795559">
        <ele>2020.1</ele>
        <time>2020-06-21T14:44:44.000Z</time>
      </trkpt>
      <trkpt lat="42.244086" lon="-6.795537">
        <ele>2020.0</ele>
        <time>2020-06-21T14:44:47.000Z</time>
      </trkpt>
      <trkpt lat="42.244125" lon="-6.795505">
        <ele>2020.1</ele>
        <time>2020-06-21T14:44:49.000Z</time>
      </trkpt>
      <trkpt lat="42.244170" lon="-6.795469">
        <ele>2020.2</ele>
        <time>2020-06-21T14:44:52.000Z</time>
      </trkpt>
      <trkpt lat="42.244221" lon="-6.795450">
        <ele>2020.4</ele>
        <time>2020-06-21T14:44:56.000Z</time>
      </trkpt>
      <trkpt lat="42.244268" lon="-6.795445">
        <ele>2020.3</ele>
        <time>2020-06-21T14:45:00.000Z</time>
      </trkpt>
      <trkpt lat="42.244316" lon="-6.795431">
        <ele>2019.9</ele>
        <time>2020-06-21T14:45:09.000Z</time>
      </trkpt>
      <trkpt lat="42.244358" lon="-6.795408">
        <ele>2019.6</ele>
        <time>2020-06-21T14:45:14.000Z</time>
      </trkpt>
      <trkpt lat="42.244401" lon="-6.795371">
        <ele>2019.1</ele>
        <time>2020-06-21T14:45:18.000Z</time>
      </trkpt>
      <trkpt lat="42.244444" lon="-6.795338">
        <ele>2018.8</ele>
        <time>2020-06-21T14:45:22.000Z</time>
      </trkpt>
      <trkpt lat="42.244486" lon="-6.795314">
        <ele>2018.5</ele>
        <time>2020-06-21T14:45:25.000Z</time>
      </trkpt>
      <trkpt lat="42.244525" lon="-6.795280">
        <ele>2018.0</ele>
        <time>2020-06-21T14:45:28.000Z</time>
      </trkpt>
      <trkpt lat="42.244561" lon="-6.795243">
        <ele>2017.2</ele>
        <time>2020-06-21T14:45:32.000Z</time>
      </trkpt>
      <trkpt lat="42.244592" lon="-6.795198">
        <ele>2016.2</ele>
        <time>2020-06-21T14:45:37.000Z</time>
      </trkpt>
      <trkpt lat="42.244635" lon="-6.795170">
        <ele>2015.2</ele>
        <time>2020-06-21T14:45:42.000Z</time>
      </trkpt>
      <trkpt lat="42.244667" lon="-6.795126">
        <ele>2014.6</ele>
        <time>2020-06-21T14:45:45.000Z</time>
      </trkpt>
      <trkpt lat="42.244715" lon="-6.795085">
        <ele>2013.9</ele>
        <time>2020-06-21T14:45:49.000Z</time>
      </trkpt>
      <trkpt lat="42.244760" lon="-6.795070">
        <ele>2013.3</ele>
        <time>2020-06-21T14:45:53.000Z</time>
      </trkpt>
      <trkpt lat="42.244808" lon="-6.795050">
        <ele>2012.3</ele>
        <time>2020-06-21T14:45:58.000Z</time>
      </trkpt>
      <trkpt lat="42.244842" lon="-6.794999">
        <ele>2011.2</ele>
        <time>2020-06-21T14:46:03.000Z</time>
      </trkpt>
      <trkpt lat="42.244874" lon="-6.794952">
        <ele>2010.1</ele>
        <time>2020-06-21T14:46:07.000Z</time>
      </trkpt>
      <trkpt lat="42.244908" lon="-6.794908">
        <ele>2009.4</ele>
        <time>2020-06-21T14:46:11.000Z</time>
      </trkpt>
      <trkpt lat="42.244950" lon="-6.794868">
        <ele>2008.9</ele>
        <time>2020-06-21T14:46:16.000Z</time>
      </trkpt>
      <trkpt lat="42.244990" lon="-6.794833">
        <ele>2008.6</ele>
        <time>2020-06-21T14:46:20.000Z</time>
      </trkpt>
      <trkpt lat="42.245029" lon="-6.794796">
        <ele>2008.6</ele>
        <time>2020-06-21T14:46:25.000Z</time>
      </trkpt>
      <trkpt lat="42.245063" lon="-6.794745">
        <ele>2009.0</ele>
        <time>2020-06-21T14:46:32.000Z</time>
      </trkpt>
      <trkpt lat="42.245099" lon="-6.794700">
        <ele>2009.4</ele>
        <time>2020-06-21T14:46:37.000Z</time>
      </trkpt>
      <trkpt lat="42.245135" lon="-6.794659">
        <ele>2009.5</ele>
        <time>2020-06-21T14:46:40.000Z</time>
      </trkpt>
      <trkpt lat="42.245170" lon="-6.794616">
        <ele>2009.6</ele>
        <time>2020-06-21T14:46:44.000Z</time>
      </trkpt>
      <trkpt lat="42.245203" lon="-6.794564">
        <ele>2009.9</ele>
        <time>2020-06-21T14:46:48.000Z</time>
      </trkpt>
      <trkpt lat="42.245229" lon="-6.794513">
        <ele>2010.3</ele>
        <time>2020-06-21T14:46:52.000Z</time>
      </trkpt>
      <trkpt lat="42.245263" lon="-6.794457">
        <ele>2010.8</ele>
        <time>2020-06-21T14:46:58.000Z</time>
      </trkpt>
      <trkpt lat="42.245296" lon="-6.794415">
        <ele>2011.0</ele>
        <time>2020-06-21T14:47:03.000Z</time>
      </trkpt>
      <trkpt lat="42.245338" lon="-6.794374">
        <ele>2011.0</ele>
        <time>2020-06-21T14:47:09.000Z</time>
      </trkpt>
      <trkpt lat="42.245383" lon="-6.794337">
        <ele>2010.9</ele>
        <time>2020-06-21T14:47:14.000Z</time>
      </trkpt>
      <trkpt lat="42.245427" lon="-6.794306">
        <ele>2010.9</ele>
        <time>2020-06-21T14:47:18.000Z</time>
      </trkpt>
      <trkpt lat="42.245475" lon="-6.794278">
        <ele>2010.9</ele>
        <time>2020-06-21T14:47:22.000Z</time>
      </trkpt>
      <trkpt lat="42.245518" lon="-6.794251">
        <ele>2010.8</ele>
        <time>2020-06-21T14:47:25.000Z</time>
      </trkpt>
      <trkpt lat="42.245567" lon="-6.794235">
        <ele>2010.8</ele>
        <time>2020-06-21T14:47:29.000Z</time>
      </trkpt>
      <trkpt lat="42.245617" lon="-6.794229">
        <ele>2010.6</ele>
        <time>2020-06-21T14:47:34.000Z</time>
      </trkpt>
      <trkpt lat="42.245644" lon="-6.794165">
        <ele>2010.4</ele>
        <time>2020-06-21T14:47:40.000Z</time>
      </trkpt>
      <trkpt lat="42.245669" lon="-6.794114">
        <ele>2010.3</ele>
        <time>2020-06-21T14:47:43.000Z</time>
      </trkpt>
      <trkpt lat="42.245699" lon="-6.794063">
        <ele>2010.0</ele>
        <time>2020-06-21T14:47:48.000Z</time>
      </trkpt>
      <trkpt lat="42.245727" lon="-6.794005">
        <ele>2009.6</ele>
        <time>2020-06-21T14:47:52.000Z</time>
      </trkpt>
      <trkpt lat="42.245750" lon="-6.793953">
        <ele>2009.3</ele>
        <time>2020-06-21T14:47:55.000Z</time>
      </trkpt>
      <trkpt lat="42.245770" lon="-6.793896">
        <ele>2008.7</ele>
        <time>2020-06-21T14:48:00.000Z</time>
      </trkpt>
      <trkpt lat="42.245772" lon="-6.793831">
        <ele>2008.3</ele>
        <time>2020-06-21T14:48:05.000Z</time>
      </trkpt>
      <trkpt lat="42.245774" lon="-6.793763">
        <ele>2007.5</ele>
        <time>2020-06-21T14:48:10.000Z</time>
      </trkpt>
      <trkpt lat="42.245771" lon="-6.793698">
        <ele>2007.0</ele>
        <time>2020-06-21T14:48:13.000Z</time>
      </trkpt>
      <trkpt lat="42.245770" lon="-6.793621">
        <ele>2006.4</ele>
        <time>2020-06-21T14:48:19.000Z</time>
      </trkpt>
      <trkpt lat="42.245747" lon="-6.793566">
        <ele>2006.0</ele>
        <time>2020-06-21T14:48:25.000Z</time>
      </trkpt>
      <trkpt lat="42.245780" lon="-6.793523">
        <ele>2005.8</ele>
        <time>2020-06-21T14:48:46.000Z</time>
      </trkpt>
      <trkpt lat="42.245804" lon="-6.793467">
        <ele>2005.8</ele>
        <time>2020-06-21T14:49:02.000Z</time>
      </trkpt>
      <trkpt lat="42.245812" lon="-6.793401">
        <ele>2006.0</ele>
        <time>2020-06-21T14:49:06.000Z</time>
      </trkpt>
      <trkpt lat="42.245826" lon="-6.793335">
        <ele>2006.2</ele>
        <time>2020-06-21T14:49:10.000Z</time>
      </trkpt>
      <trkpt lat="42.245836" lon="-6.793263">
        <ele>2006.4</ele>
        <time>2020-06-21T14:49:15.000Z</time>
      </trkpt>
      <trkpt lat="42.245827" lon="-6.793200">
        <ele>2006.5</ele>
        <time>2020-06-21T14:49:19.000Z</time>
      </trkpt>
      <trkpt lat="42.245820" lon="-6.793139">
        <ele>2006.4</ele>
        <time>2020-06-21T14:49:24.000Z</time>
      </trkpt>
      <trkpt lat="42.245795" lon="-6.793086">
        <ele>2006.3</ele>
        <time>2020-06-21T14:49:28.000Z</time>
      </trkpt>
      <trkpt lat="42.245765" lon="-6.793039">
        <ele>2006.0</ele>
        <time>2020-06-21T14:49:31.000Z</time>
      </trkpt>
      <trkpt lat="42.245743" lon="-6.792986">
        <ele>2005.8</ele>
        <time>2020-06-21T14:49:35.000Z</time>
      </trkpt>
      <trkpt lat="42.245720" lon="-6.792929">
        <ele>2005.5</ele>
        <time>2020-06-21T14:49:39.000Z</time>
      </trkpt>
      <trkpt lat="42.245704" lon="-6.792862">
        <ele>2005.2</ele>
        <time>2020-06-21T14:49:44.000Z</time>
      </trkpt>
      <trkpt lat="42.245692" lon="-6.792803">
        <ele>2004.9</ele>
        <time>2020-06-21T14:49:48.000Z</time>
      </trkpt>
      <trkpt lat="42.245671" lon="-6.792747">
        <ele>2004.7</ele>
        <time>2020-06-21T14:49:52.000Z</time>
      </trkpt>
      <trkpt lat="42.245651" lon="-6.792685">
        <ele>2004.4</ele>
        <time>2020-06-21T14:49:56.000Z</time>
      </trkpt>
      <trkpt lat="42.245643" lon="-6.792614">
        <ele>2004.2</ele>
        <time>2020-06-21T14:50:01.000Z</time>
      </trkpt>
      <trkpt lat="42.245637" lon="-6.792552">
        <ele>2004.0</ele>
        <time>2020-06-21T14:50:05.000Z</time>
      </trkpt>
      <trkpt lat="42.245615" lon="-6.792492">
        <ele>2003.7</ele>
        <time>2020-06-21T14:50:09.000Z</time>
      </trkpt>
      <trkpt lat="42.245615" lon="-6.792426">
        <ele>2003.6</ele>
        <time>2020-06-21T14:50:13.000Z</time>
      </trkpt>
      <trkpt lat="42.245600" lon="-6.792367">
        <ele>2003.7</ele>
        <time>2020-06-21T14:50:18.000Z</time>
      </trkpt>
      <trkpt lat="42.245577" lon="-6.792304">
        <ele>2003.8</ele>
        <time>2020-06-21T14:50:22.000Z</time>
      </trkpt>
      <trkpt lat="42.245569" lon="-6.792244">
        <ele>2004.1</ele>
        <time>2020-06-21T14:50:27.000Z</time>
      </trkpt>
      <trkpt lat="42.245547" lon="-6.792180">
        <ele>2004.0</ele>
        <time>2020-06-21T14:50:32.000Z</time>
      </trkpt>
      <trkpt lat="42.245540" lon="-6.792108">
        <ele>2003.4</ele>
        <time>2020-06-21T14:50:37.000Z</time>
      </trkpt>
      <trkpt lat="42.245543" lon="-6.792044">
        <ele>2002.6</ele>
        <time>2020-06-21T14:50:42.000Z</time>
      </trkpt>
      <trkpt lat="42.245520" lon="-6.791989">
        <ele>2001.8</ele>
        <time>2020-06-21T14:50:46.000Z</time>
      </trkpt>
      <trkpt lat="42.245504" lon="-6.791922">
        <ele>2001.1</ele>
        <time>2020-06-21T14:50:51.000Z</time>
      </trkpt>
      <trkpt lat="42.245502" lon="-6.791854">
        <ele>2000.4</ele>
        <time>2020-06-21T14:50:55.000Z</time>
      </trkpt>
      <trkpt lat="42.245489" lon="-6.791795">
        <ele>1999.5</ele>
        <time>2020-06-21T14:50:59.000Z</time>
      </trkpt>
      <trkpt lat="42.245469" lon="-6.791730">
        <ele>1998.8</ele>
        <time>2020-06-21T14:51:04.000Z</time>
      </trkpt>
      <trkpt lat="42.245460" lon="-6.791668">
        <ele>1998.1</ele>
        <time>2020-06-21T14:51:09.000Z</time>
      </trkpt>
      <trkpt lat="42.245453" lon="-6.791605">
        <ele>1997.6</ele>
        <time>2020-06-21T14:51:14.000Z</time>
      </trkpt>
      <trkpt lat="42.245433" lon="-6.791549">
        <ele>1997.1</ele>
        <time>2020-06-21T14:51:18.000Z</time>
      </trkpt>
      <trkpt lat="42.245419" lon="-6.791491">
        <ele>1996.6</ele>
        <time>2020-06-21T14:51:22.000Z</time>
      </trkpt>
      <trkpt lat="42.245425" lon="-6.791429">
        <ele>1996.0</ele>
        <time>2020-06-21T14:51:26.000Z</time>
      </trkpt>
      <trkpt lat="42.245436" lon="-6.791365">
        <ele>1995.2</ele>
        <time>2020-06-21T14:51:31.000Z</time>
      </trkpt>
      <trkpt lat="42.245418" lon="-6.791308">
        <ele>1994.5</ele>
        <time>2020-06-21T14:51:35.000Z</time>
      </trkpt>
      <trkpt lat="42.245394" lon="-6.791254">
        <ele>1993.6</ele>
        <time>2020-06-21T14:51:39.000Z</time>
      </trkpt>
      <trkpt lat="42.245396" lon="-6.791193">
        <ele>1992.6</ele>
        <time>2020-06-21T14:51:44.000Z</time>
      </trkpt>
      <trkpt lat="42.245397" lon="-6.791124">
        <ele>1991.8</ele>
        <time>2020-06-21T14:51:49.000Z</time>
      </trkpt>
      <trkpt lat="42.245403" lon="-6.791052">
        <ele>1990.9</ele>
        <time>2020-06-21T14:51:54.000Z</time>
      </trkpt>
      <trkpt lat="42.245391" lon="-6.790987">
        <ele>1990.3</ele>
        <time>2020-06-21T14:51:58.000Z</time>
      </trkpt>
      <trkpt lat="42.245392" lon="-6.790925">
        <ele>1989.5</ele>
        <time>2020-06-21T14:52:03.000Z</time>
      </trkpt>
      <trkpt lat="42.245397" lon="-6.790862">
        <ele>1988.5</ele>
        <time>2020-06-21T14:52:08.000Z</time>
      </trkpt>
      <trkpt lat="42.245403" lon="-6.790797">
        <ele>1987.4</ele>
        <time>2020-06-21T14:52:12.000Z</time>
      </trkpt>
      <trkpt lat="42.245407" lon="-6.790735">
        <ele>1986.4</ele>
        <time>2020-06-21T14:52:17.000Z</time>
      </trkpt>
      <trkpt lat="42.245425" lon="-6.790670">
        <ele>1985.5</ele>
        <time>2020-06-21T14:52:22.000Z</time>
      </trkpt>
      <trkpt lat="42.245435" lon="-6.790606">
        <ele>1984.8</ele>
        <time>2020-06-21T14:52:26.000Z</time>
      </trkpt>
      <trkpt lat="42.245451" lon="-6.790539">
        <ele>1984.2</ele>
        <time>2020-06-21T14:52:32.000Z</time>
      </trkpt>
      <trkpt lat="42.245443" lon="-6.790479">
        <ele>1983.7</ele>
        <time>2020-06-21T14:52:40.000Z</time>
      </trkpt>
      <trkpt lat="42.245448" lon="-6.790413">
        <ele>1983.7</ele>
        <time>2020-06-21T14:52:50.000Z</time>
      </trkpt>
      <trkpt lat="42.245450" lon="-6.790349">
        <ele>1983.6</ele>
        <time>2020-06-21T14:52:55.000Z</time>
      </trkpt>
      <trkpt lat="42.245445" lon="-6.790288">
        <ele>1983.3</ele>
        <time>2020-06-21T14:52:59.000Z</time>
      </trkpt>
      <trkpt lat="42.245437" lon="-6.790222">
        <ele>1983.3</ele>
        <time>2020-06-21T14:53:03.000Z</time>
      </trkpt>
      <trkpt lat="42.245420" lon="-6.790158">
        <ele>1983.3</ele>
        <time>2020-06-21T14:53:09.000Z</time>
      </trkpt>
      <trkpt lat="42.245386" lon="-6.790112">
        <ele>1983.1</ele>
        <time>2020-06-21T14:53:15.000Z</time>
      </trkpt>
      <trkpt lat="42.245364" lon="-6.790053">
        <ele>1982.7</ele>
        <time>2020-06-21T14:53:23.000Z</time>
      </trkpt>
      <trkpt lat="42.245361" lon="-6.789982">
        <ele>1982.4</ele>
        <time>2020-06-21T14:53:30.000Z</time>
      </trkpt>
      <trkpt lat="42.245381" lon="-6.789925">
        <ele>1981.8</ele>
        <time>2020-06-21T14:53:34.000Z</time>
      </trkpt>
      <trkpt lat="42.245415" lon="-6.789881">
        <ele>1981.3</ele>
        <time>2020-06-21T14:53:38.000Z</time>
      </trkpt>
      <trkpt lat="42.245424" lon="-6.789742">
        <ele>1981.1</ele>
        <time>2020-06-21T14:54:12.000Z</time>
      </trkpt>
      <trkpt lat="42.245424" lon="-6.789742">
        <ele>1982.5</ele>
        <time>2020-06-21T15:06:00.000Z</time>
      </trkpt>
      <trkpt lat="42.245460" lon="-6.789786">
        <ele>1981.9</ele>
        <time>2020-06-21T15:06:06.000Z</time>
      </trkpt>
      <trkpt lat="42.245502" lon="-6.789812">
        <ele>1981.3</ele>
        <time>2020-06-21T15:06:11.000Z</time>
      </trkpt>
      <trkpt lat="42.245546" lon="-6.789844">
        <ele>1980.3</ele>
        <time>2020-06-21T15:06:17.000Z</time>
      </trkpt>
      <trkpt lat="42.245577" lon="-6.789888">
        <ele>1979.4</ele>
        <time>2020-06-21T15:06:22.000Z</time>
      </trkpt>
      <trkpt lat="42.245621" lon="-6.789926">
        <ele>1978.4</ele>
        <time>2020-06-21T15:06:27.000Z</time>
      </trkpt>
      <trkpt lat="42.245663" lon="-6.789955">
        <ele>1977.0</ele>
        <time>2020-06-21T15:06:32.000Z</time>
      </trkpt>
      <trkpt lat="42.245710" lon="-6.789950">
        <ele>1975.5</ele>
        <time>2020-06-21T15:06:36.000Z</time>
      </trkpt>
      <trkpt lat="42.245764" lon="-6.789972">
        <ele>1973.9</ele>
        <time>2020-06-21T15:06:40.000Z</time>
      </trkpt>
      <trkpt lat="42.245811" lon="-6.789976">
        <ele>1972.1</ele>
        <time>2020-06-21T15:06:46.000Z</time>
      </trkpt>
      <trkpt lat="42.245861" lon="-6.789996">
        <ele>1970.3</ele>
        <time>2020-06-21T15:06:52.000Z</time>
      </trkpt>
      <trkpt lat="42.245907" lon="-6.789998">
        <ele>1968.5</ele>
        <time>2020-06-21T15:06:58.000Z</time>
      </trkpt>
      <trkpt lat="42.245954" lon="-6.790002">
        <ele>1966.5</ele>
        <time>2020-06-21T15:07:05.000Z</time>
      </trkpt>
      <trkpt lat="42.245998" lon="-6.790026">
        <ele>1964.3</ele>
        <time>2020-06-21T15:07:12.000Z</time>
      </trkpt>
      <trkpt lat="42.246044" lon="-6.790035">
        <ele>1962.1</ele>
        <time>2020-06-21T15:07:20.000Z</time>
      </trkpt>
      <trkpt lat="42.246084" lon="-6.790062">
        <ele>1960.1</ele>
        <time>2020-06-21T15:07:27.000Z</time>
      </trkpt>
      <trkpt lat="42.246121" lon="-6.790102">
        <ele>1958.2</ele>
        <time>2020-06-21T15:07:33.000Z</time>
      </trkpt>
      <trkpt lat="42.246157" lon="-6.790148">
        <ele>1956.8</ele>
        <time>2020-06-21T15:07:41.000Z</time>
      </trkpt>
      <trkpt lat="42.246199" lon="-6.790179">
        <ele>1955.3</ele>
        <time>2020-06-21T15:07:48.000Z</time>
      </trkpt>
      <trkpt lat="42.246237" lon="-6.790212">
        <ele>1954.0</ele>
        <time>2020-06-21T15:07:55.000Z</time>
      </trkpt>
      <trkpt lat="42.246285" lon="-6.790223">
        <ele>1952.8</ele>
        <time>2020-06-21T15:08:00.000Z</time>
      </trkpt>
      <trkpt lat="42.246332" lon="-6.790245">
        <ele>1951.6</ele>
        <time>2020-06-21T15:08:06.000Z</time>
      </trkpt>
      <trkpt lat="42.246378" lon="-6.790231">
        <ele>1950.8</ele>
        <time>2020-06-21T15:08:12.000Z</time>
      </trkpt>
      <trkpt lat="42.246419" lon="-6.790202">
        <ele>1949.6</ele>
        <time>2020-06-21T15:08:17.000Z</time>
      </trkpt>
      <trkpt lat="42.246471" lon="-6.790195">
        <ele>1948.7</ele>
        <time>2020-06-21T15:08:22.000Z</time>
      </trkpt>
      <trkpt lat="42.246520" lon="-6.790176">
        <ele>1947.9</ele>
        <time>2020-06-21T15:08:27.000Z</time>
      </trkpt>
      <trkpt lat="42.246565" lon="-6.790163">
        <ele>1947.1</ele>
        <time>2020-06-21T15:08:32.000Z</time>
      </trkpt>
      <trkpt lat="42.246614" lon="-6.790169">
        <ele>1946.3</ele>
        <time>2020-06-21T15:08:37.000Z</time>
      </trkpt>
      <trkpt lat="42.246644" lon="-6.790218">
        <ele>1945.4</ele>
        <time>2020-06-21T15:08:42.000Z</time>
      </trkpt>
      <trkpt lat="42.246631" lon="-6.790286">
        <ele>1944.6</ele>
        <time>2020-06-21T15:08:47.000Z</time>
      </trkpt>
      <trkpt lat="42.246626" lon="-6.790347">
        <ele>1943.2</ele>
        <time>2020-06-21T15:08:52.000Z</time>
      </trkpt>
      <trkpt lat="42.246606" lon="-6.790402">
        <ele>1942.0</ele>
        <time>2020-06-21T15:08:56.000Z</time>
      </trkpt>
      <trkpt lat="42.246602" lon="-6.790465">
        <ele>1940.5</ele>
        <time>2020-06-21T15:09:00.000Z</time>
      </trkpt>
      <trkpt lat="42.246612" lon="-6.790525">
        <ele>1939.2</ele>
        <time>2020-06-21T15:09:04.000Z</time>
      </trkpt>
      <trkpt lat="42.246633" lon="-6.790585">
        <ele>1938.1</ele>
        <time>2020-06-21T15:09:09.000Z</time>
      </trkpt>
      <trkpt lat="42.246668" lon="-6.790626">
        <ele>1936.9</ele>
        <time>2020-06-21T15:09:13.000Z</time>
      </trkpt>
      <trkpt lat="42.246702" lon="-6.790668">
        <ele>1935.6</ele>
        <time>2020-06-21T15:09:17.000Z</time>
      </trkpt>
      <trkpt lat="42.246753" lon="-6.790673">
        <ele>1934.4</ele>
        <time>2020-06-21T15:09:23.000Z</time>
      </trkpt>
      <trkpt lat="42.246803" lon="-6.790676">
        <ele>1933.3</ele>
        <time>2020-06-21T15:09:27.000Z</time>
      </trkpt>
      <trkpt lat="42.246848" lon="-6.790680">
        <ele>1932.2</ele>
        <time>2020-06-21T15:09:31.000Z</time>
      </trkpt>
      <trkpt lat="42.246890" lon="-6.790713">
        <ele>1931.2</ele>
        <time>2020-06-21T15:09:37.000Z</time>
      </trkpt>
      <trkpt lat="42.246936" lon="-6.790738">
        <ele>1930.4</ele>
        <time>2020-06-21T15:09:41.000Z</time>
      </trkpt>
      <trkpt lat="42.246977" lon="-6.790707">
        <ele>1929.4</ele>
        <time>2020-06-21T15:09:46.000Z</time>
      </trkpt>
      <trkpt lat="42.246985" lon="-6.790646">
        <ele>1928.4</ele>
        <time>2020-06-21T15:09:51.000Z</time>
      </trkpt>
      <trkpt lat="42.246987" lon="-6.790578">
        <ele>1927.5</ele>
        <time>2020-06-21T15:09:56.000Z</time>
      </trkpt>
      <trkpt lat="42.246981" lon="-6.790517">
        <ele>1926.7</ele>
        <time>2020-06-21T15:10:00.000Z</time>
      </trkpt>
      <trkpt lat="42.246979" lon="-6.790454">
        <ele>1926.0</ele>
        <time>2020-06-21T15:10:04.000Z</time>
      </trkpt>
      <trkpt lat="42.246987" lon="-6.790387">
        <ele>1925.2</ele>
        <time>2020-06-21T15:10:09.000Z</time>
      </trkpt>
      <trkpt lat="42.246989" lon="-6.790324">
        <ele>1924.6</ele>
        <time>2020-06-21T15:10:13.000Z</time>
      </trkpt>
      <trkpt lat="42.247000" lon="-6.790263">
        <ele>1924.1</ele>
        <time>2020-06-21T15:10:17.000Z</time>
      </trkpt>
      <trkpt lat="42.247011" lon="-6.790203">
        <ele>1923.4</ele>
        <time>2020-06-21T15:10:22.000Z</time>
      </trkpt>
      <trkpt lat="42.247017" lon="-6.790140">
        <ele>1922.3</ele>
        <time>2020-06-21T15:10:27.000Z</time>
      </trkpt>
      <trkpt lat="42.247034" lon="-6.790078">
        <ele>1921.3</ele>
        <time>2020-06-21T15:10:32.000Z</time>
      </trkpt>
      <trkpt lat="42.247069" lon="-6.790031">
        <ele>1920.2</ele>
        <time>2020-06-21T15:10:37.000Z</time>
      </trkpt>
      <trkpt lat="42.247106" lon="-6.789989">
        <ele>1919.3</ele>
        <time>2020-06-21T15:10:42.000Z</time>
      </trkpt>
      <trkpt lat="42.247139" lon="-6.789941">
        <ele>1917.7</ele>
        <time>2020-06-21T15:10:48.000Z</time>
      </trkpt>
      <trkpt lat="42.247167" lon="-6.789889">
        <ele>1916.4</ele>
        <time>2020-06-21T15:10:52.000Z</time>
      </trkpt>
      <trkpt lat="42.247210" lon="-6.789856">
        <ele>1915.5</ele>
        <time>2020-06-21T15:10:57.000Z</time>
      </trkpt>
      <trkpt lat="42.247218" lon="-6.789787">
        <ele>1914.7</ele>
        <time>2020-06-21T15:11:05.000Z</time>
      </trkpt>
      <trkpt lat="42.247185" lon="-6.789740">
        <ele>1914.1</ele>
        <time>2020-06-21T15:11:10.000Z</time>
      </trkpt>
      <trkpt lat="42.247155" lon="-6.789688">
        <ele>1913.9</ele>
        <time>2020-06-21T15:12:18.000Z</time>
      </trkpt>
      <trkpt lat="42.247111" lon="-6.789661">
        <ele>1913.7</ele>
        <time>2020-06-21T15:12:24.000Z</time>
      </trkpt>
      <trkpt lat="42.247079" lon="-6.789612">
        <ele>1913.5</ele>
        <time>2020-06-21T15:12:31.000Z</time>
      </trkpt>
      <trkpt lat="42.247062" lon="-6.789554">
        <ele>1913.1</ele>
        <time>2020-06-21T15:12:36.000Z</time>
      </trkpt>
      <trkpt lat="42.247049" lon="-6.789490">
        <ele>1912.7</ele>
        <time>2020-06-21T15:12:40.000Z</time>
      </trkpt>
      <trkpt lat="42.247031" lon="-6.789434">
        <ele>1912.1</ele>
        <time>2020-06-21T15:12:47.000Z</time>
      </trkpt>
      <trkpt lat="42.247004" lon="-6.789380">
        <ele>1911.4</ele>
        <time>2020-06-21T15:12:53.000Z</time>
      </trkpt>
      <trkpt lat="42.246986" lon="-6.789323">
        <ele>1910.2</ele>
        <time>2020-06-21T15:12:59.000Z</time>
      </trkpt>
      <trkpt lat="42.246950" lon="-6.789274">
        <ele>1908.9</ele>
        <time>2020-06-21T15:13:07.000Z</time>
      </trkpt>
      <trkpt lat="42.246900" lon="-6.789276">
        <ele>1907.4</ele>
        <time>2020-06-21T15:13:12.000Z</time>
      </trkpt>
      <trkpt lat="42.246860" lon="-6.789244">
        <ele>1904.7</ele>
        <time>2020-06-21T15:13:52.000Z</time>
      </trkpt>
      <trkpt lat="42.246828" lon="-6.789195">
        <ele>1902.4</ele>
        <time>2020-06-21T15:13:58.000Z</time>
      </trkpt>
      <trkpt lat="42.246802" lon="-6.789141">
        <ele>1900.2</ele>
        <time>2020-06-21T15:14:02.000Z</time>
      </trkpt>
      <trkpt lat="42.246820" lon="-6.789085">
        <ele>1898.3</ele>
        <time>2020-06-21T15:14:07.000Z</time>
      </trkpt>
      <trkpt lat="42.246819" lon="-6.789021">
        <ele>1896.5</ele>
        <time>2020-06-21T15:14:14.000Z</time>
      </trkpt>
      <trkpt lat="42.246802" lon="-6.788960">
        <ele>1894.5</ele>
        <time>2020-06-21T15:14:21.000Z</time>
      </trkpt>
      <trkpt lat="42.246810" lon="-6.788895">
        <ele>1892.8</ele>
        <time>2020-06-21T15:14:26.000Z</time>
      </trkpt>
      <trkpt lat="42.246816" lon="-6.788834">
        <ele>1891.3</ele>
        <time>2020-06-21T15:14:30.000Z</time>
      </trkpt>
      <trkpt lat="42.246810" lon="-6.788770">
        <ele>1889.9</ele>
        <time>2020-06-21T15:14:36.000Z</time>
      </trkpt>
      <trkpt lat="42.246818" lon="-6.788704">
        <ele>1888.6</ele>
        <time>2020-06-21T15:14:42.000Z</time>
      </trkpt>
      <trkpt lat="42.246811" lon="-6.788641">
        <ele>1887.2</ele>
        <time>2020-06-21T15:14:46.000Z</time>
      </trkpt>
      <trkpt lat="42.246802" lon="-6.788581">
        <ele>1885.5</ele>
        <time>2020-06-21T15:14:52.000Z</time>
      </trkpt>
      <trkpt lat="42.246817" lon="-6.788522">
        <ele>1884.0</ele>
        <time>2020-06-21T15:14:58.000Z</time>
      </trkpt>
      <trkpt lat="42.246811" lon="-6.788459">
        <ele>1882.4</ele>
        <time>2020-06-21T15:15:03.000Z</time>
      </trkpt>
      <trkpt lat="42.246812" lon="-6.788397">
        <ele>1881.0</ele>
        <time>2020-06-21T15:15:07.000Z</time>
      </trkpt>
      <trkpt lat="42.246803" lon="-6.788337">
        <ele>1879.5</ele>
        <time>2020-06-21T15:15:12.000Z</time>
      </trkpt>
      <trkpt lat="42.246832" lon="-6.788290">
        <ele>1878.2</ele>
        <time>2020-06-21T15:15:16.000Z</time>
      </trkpt>
      <trkpt lat="42.246832" lon="-6.788227">
        <ele>1876.9</ele>
        <time>2020-06-21T15:15:21.000Z</time>
      </trkpt>
      <trkpt lat="42.246825" lon="-6.788163">
        <ele>1875.7</ele>
        <time>2020-06-21T15:15:26.000Z</time>
      </trkpt>
      <trkpt lat="42.246842" lon="-6.788104">
        <ele>1874.2</ele>
        <time>2020-06-21T15:15:36.000Z</time>
      </trkpt>
      <trkpt lat="42.246856" lon="-6.788046">
        <ele>1873.0</ele>
        <time>2020-06-21T15:15:42.000Z</time>
      </trkpt>
      <trkpt lat="42.246904" lon="-6.788041">
        <ele>1871.7</ele>
        <time>2020-06-21T15:15:47.000Z</time>
      </trkpt>
      <trkpt lat="42.246912" lon="-6.787977">
        <ele>1870.5</ele>
        <time>2020-06-21T15:15:53.000Z</time>
      </trkpt>
      <trkpt lat="42.246885" lon="-6.787927">
        <ele>1869.6</ele>
        <time>2020-06-21T15:15:56.000Z</time>
      </trkpt>
      <trkpt lat="42.246853" lon="-6.787879">
        <ele>1868.7</ele>
        <time>2020-06-21T15:16:02.000Z</time>
      </trkpt>
      <trkpt lat="42.246875" lon="-6.787825">
        <ele>1867.6</ele>
        <time>2020-06-21T15:16:09.000Z</time>
      </trkpt>
      <trkpt lat="42.246896" lon="-6.787770">
        <ele>1866.3</ele>
        <time>2020-06-21T15:16:20.000Z</time>
      </trkpt>
      <trkpt lat="42.246911" lon="-6.787710">
        <ele>1864.7</ele>
        <time>2020-06-21T15:16:28.000Z</time>
      </trkpt>
      <trkpt lat="42.246948" lon="-6.787665">
        <ele>1862.7</ele>
        <time>2020-06-21T15:16:37.000Z</time>
      </trkpt>
      <trkpt lat="42.246983" lon="-6.787620">
        <ele>1860.8</ele>
        <time>2020-06-21T15:16:44.000Z</time>
      </trkpt>
      <trkpt lat="42.247028" lon="-6.787590">
        <ele>1859.2</ele>
        <time>2020-06-21T15:16:54.000Z</time>
        <cmt>Vega el Geijo</cmt>
      </trkpt>
      <trkpt lat="42.247021" lon="-6.787530">
        <ele>1859.2</ele>
        <time>2020-06-21T15:17:39.000Z</time>
      </trkpt>
      <trkpt lat="42.247055" lon="-6.787489">
        <ele>1859.0</ele>
        <time>2020-06-21T15:17:48.000Z</time>
      </trkpt>
      <trkpt lat="42.247104" lon="-6.787469">
        <ele>1858.7</ele>
        <time>2020-06-21T15:17:54.000Z</time>
      </trkpt>
      <trkpt lat="42.247151" lon="-6.787472">
        <ele>1858.6</ele>
        <time>2020-06-21T15:17:58.000Z</time>
      </trkpt>
      <trkpt lat="42.247195" lon="-6.787500">
        <ele>1858.2</ele>
        <time>2020-06-21T15:18:01.000Z</time>
      </trkpt>
      <trkpt lat="42.247238" lon="-6.787530">
        <ele>1858.1</ele>
        <time>2020-06-21T15:18:05.000Z</time>
      </trkpt>
      <trkpt lat="42.247286" lon="-6.787533">
        <ele>1857.8</ele>
        <time>2020-06-21T15:18:10.000Z</time>
      </trkpt>
      <trkpt lat="42.247335" lon="-6.787551">
        <ele>1857.2</ele>
        <time>2020-06-21T15:18:15.000Z</time>
      </trkpt>
      <trkpt lat="42.247380" lon="-6.787577">
        <ele>1856.3</ele>
        <time>2020-06-21T15:18:19.000Z</time>
      </trkpt>
      <trkpt lat="42.247396" lon="-6.787636">
        <ele>1855.3</ele>
        <time>2020-06-21T15:18:25.000Z</time>
      </trkpt>
      <trkpt lat="42.247442" lon="-6.787653">
        <ele>1854.2</ele>
        <time>2020-06-21T15:18:31.000Z</time>
      </trkpt>
      <trkpt lat="42.247482" lon="-6.787620">
        <ele>1853.0</ele>
        <time>2020-06-21T15:18:36.000Z</time>
      </trkpt>
      <trkpt lat="42.247519" lon="-6.787661">
        <ele>1851.9</ele>
        <time>2020-06-21T15:18:41.000Z</time>
      </trkpt>
      <trkpt lat="42.247550" lon="-6.787709">
        <ele>1850.6</ele>
        <time>2020-06-21T15:18:47.000Z</time>
      </trkpt>
      <trkpt lat="42.247597" lon="-6.787707">
        <ele>1849.0</ele>
        <time>2020-06-21T15:19:11.000Z</time>
      </trkpt>
      <trkpt lat="42.247647" lon="-6.787687">
        <ele>1847.7</ele>
        <time>2020-06-21T15:19:17.000Z</time>
      </trkpt>
      <trkpt lat="42.247681" lon="-6.787638">
        <ele>1846.6</ele>
        <time>2020-06-21T15:19:22.000Z</time>
      </trkpt>
      <trkpt lat="42.247723" lon="-6.787603">
        <ele>1846.0</ele>
        <time>2020-06-21T15:19:25.000Z</time>
      </trkpt>
      <trkpt lat="42.247758" lon="-6.787558">
        <ele>1845.5</ele>
        <time>2020-06-21T15:19:29.000Z</time>
      </trkpt>
      <trkpt lat="42.247796" lon="-6.787516">
        <ele>1845.2</ele>
        <time>2020-06-21T15:19:35.000Z</time>
      </trkpt>
      <trkpt lat="42.247846" lon="-6.787500">
        <ele>1844.8</ele>
        <time>2020-06-21T15:19:38.000Z</time>
      </trkpt>
      <trkpt lat="42.247882" lon="-6.787463">
        <ele>1844.1</ele>
        <time>2020-06-21T15:19:42.000Z</time>
      </trkpt>
      <trkpt lat="42.247927" lon="-6.787447">
        <ele>1843.2</ele>
        <time>2020-06-21T15:19:46.000Z</time>
      </trkpt>
      <trkpt lat="42.247975" lon="-6.787447">
        <ele>1841.9</ele>
        <time>2020-06-21T15:19:50.000Z</time>
      </trkpt>
      <trkpt lat="42.248025" lon="-6.787451">
        <ele>1840.6</ele>
        <time>2020-06-21T15:19:54.000Z</time>
      </trkpt>
      <trkpt lat="42.248074" lon="-6.787455">
        <ele>1839.3</ele>
        <time>2020-06-21T15:19:58.000Z</time>
      </trkpt>
      <trkpt lat="42.248120" lon="-6.787457">
        <ele>1837.9</ele>
        <time>2020-06-21T15:20:02.000Z</time>
      </trkpt>
      <trkpt lat="42.248169" lon="-6.787457">
        <ele>1836.6</ele>
        <time>2020-06-21T15:20:05.000Z</time>
      </trkpt>
      <trkpt lat="42.248216" lon="-6.787456">
        <ele>1835.5</ele>
        <time>2020-06-21T15:20:09.000Z</time>
      </trkpt>
      <trkpt lat="42.248266" lon="-6.787449">
        <ele>1834.3</ele>
        <time>2020-06-21T15:20:13.000Z</time>
      </trkpt>
      <trkpt lat="42.248313" lon="-6.787461">
        <ele>1833.7</ele>
        <time>2020-06-21T15:20:17.000Z</time>
      </trkpt>
      <trkpt lat="42.248364" lon="-6.787451">
        <ele>1833.3</ele>
        <time>2020-06-21T15:20:21.000Z</time>
      </trkpt>
      <trkpt lat="42.248411" lon="-6.787427">
        <ele>1832.6</ele>
        <time>2020-06-21T15:20:25.000Z</time>
      </trkpt>
      <trkpt lat="42.248455" lon="-6.787400">
        <ele>1832.0</ele>
        <time>2020-06-21T15:20:29.000Z</time>
      </trkpt>
      <trkpt lat="42.248498" lon="-6.787380">
        <ele>1831.3</ele>
        <time>2020-06-21T15:20:33.000Z</time>
      </trkpt>
      <trkpt lat="42.248543" lon="-6.787359">
        <ele>1830.6</ele>
        <time>2020-06-21T15:20:36.000Z</time>
      </trkpt>
      <trkpt lat="42.248592" lon="-6.787354">
        <ele>1830.1</ele>
        <time>2020-06-21T15:20:40.000Z</time>
      </trkpt>
      <trkpt lat="42.248642" lon="-6.787344">
        <ele>1829.6</ele>
        <time>2020-06-21T15:20:43.000Z</time>
      </trkpt>
      <trkpt lat="42.248684" lon="-6.787323">
        <ele>1829.3</ele>
        <time>2020-06-21T15:20:48.000Z</time>
      </trkpt>
      <trkpt lat="42.248726" lon="-6.787299">
        <ele>1828.9</ele>
        <time>2020-06-21T15:20:52.000Z</time>
      </trkpt>
      <trkpt lat="42.248771" lon="-6.787280">
        <ele>1828.5</ele>
        <time>2020-06-21T15:20:57.000Z</time>
      </trkpt>
      <trkpt lat="42.248810" lon="-6.787248">
        <ele>1828.0</ele>
        <time>2020-06-21T15:21:01.000Z</time>
      </trkpt>
      <trkpt lat="42.248852" lon="-6.787228">
        <ele>1827.6</ele>
        <time>2020-06-21T15:21:06.000Z</time>
      </trkpt>
      <trkpt lat="42.248856" lon="-6.787157">
        <ele>1827.5</ele>
        <time>2020-06-21T15:21:12.000Z</time>
      </trkpt>
      <trkpt lat="42.248845" lon="-6.787096">
        <ele>1827.2</ele>
        <time>2020-06-21T15:21:16.000Z</time>
      </trkpt>
      <trkpt lat="42.248824" lon="-6.787039">
        <ele>1827.2</ele>
        <time>2020-06-21T15:21:21.000Z</time>
      </trkpt>
      <trkpt lat="42.248809" lon="-6.786982">
        <ele>1827.2</ele>
        <time>2020-06-21T15:21:26.000Z</time>
      </trkpt>
      <trkpt lat="42.248792" lon="-6.786915">
        <ele>1826.9</ele>
        <time>2020-06-21T15:21:32.000Z</time>
      </trkpt>
      <trkpt lat="42.248782" lon="-6.786855">
        <ele>1826.6</ele>
        <time>2020-06-21T15:21:36.000Z</time>
      </trkpt>
      <trkpt lat="42.248767" lon="-6.786797">
        <ele>1826.4</ele>
        <time>2020-06-21T15:21:40.000Z</time>
      </trkpt>
      <trkpt lat="42.248754" lon="-6.786738">
        <ele>1826.0</ele>
        <time>2020-06-21T15:21:45.000Z</time>
      </trkpt>
      <trkpt lat="42.248769" lon="-6.786677">
        <ele>1825.5</ele>
        <time>2020-06-21T15:21:50.000Z</time>
      </trkpt>
      <trkpt lat="42.248765" lon="-6.786612">
        <ele>1825.1</ele>
        <time>2020-06-21T15:21:54.000Z</time>
      </trkpt>
      <trkpt lat="42.248759" lon="-6.786541">
        <ele>1824.8</ele>
        <time>2020-06-21T15:22:00.000Z</time>
      </trkpt>
      <trkpt lat="42.248759" lon="-6.786474">
        <ele>1824.4</ele>
        <time>2020-06-21T15:22:09.000Z</time>
      </trkpt>
      <trkpt lat="42.248747" lon="-6.786410">
        <ele>1824.1</ele>
        <time>2020-06-21T15:22:15.000Z</time>
      </trkpt>
      <trkpt lat="42.248739" lon="-6.786348">
        <ele>1824.2</ele>
        <time>2020-06-21T15:22:20.000Z</time>
      </trkpt>
      <trkpt lat="42.248747" lon="-6.786288">
        <ele>1824.4</ele>
        <time>2020-06-21T15:22:26.000Z</time>
      </trkpt>
      <trkpt lat="42.248744" lon="-6.786226">
        <ele>1824.5</ele>
        <time>2020-06-21T15:22:31.000Z</time>
      </trkpt>
      <trkpt lat="42.248732" lon="-6.786164">
        <ele>1824.7</ele>
        <time>2020-06-21T15:22:35.000Z</time>
      </trkpt>
      <trkpt lat="42.248732" lon="-6.786097">
        <ele>1825.0</ele>
        <time>2020-06-21T15:22:40.000Z</time>
      </trkpt>
      <trkpt lat="42.248734" lon="-6.786036">
        <ele>1825.3</ele>
        <time>2020-06-21T15:22:44.000Z</time>
      </trkpt>
      <trkpt lat="42.248737" lon="-6.785969">
        <ele>1825.6</ele>
        <time>2020-06-21T15:22:49.000Z</time>
      </trkpt>
      <trkpt lat="42.248742" lon="-6.785904">
        <ele>1825.5</ele>
        <time>2020-06-21T15:22:53.000Z</time>
      </trkpt>
      <trkpt lat="42.248749" lon="-6.785834">
        <ele>1825.6</ele>
        <time>2020-06-21T15:22:57.000Z</time>
      </trkpt>
      <trkpt lat="42.248759" lon="-6.785762">
        <ele>1825.4</ele>
        <time>2020-06-21T15:23:02.000Z</time>
      </trkpt>
      <trkpt lat="42.248755" lon="-6.785699">
        <ele>1825.2</ele>
        <time>2020-06-21T15:23:07.000Z</time>
      </trkpt>
      <trkpt lat="42.248761" lon="-6.785629">
        <ele>1824.9</ele>
        <time>2020-06-21T15:23:12.000Z</time>
      </trkpt>
      <trkpt lat="42.248762" lon="-6.785568">
        <ele>1824.8</ele>
        <time>2020-06-21T15:23:17.000Z</time>
      </trkpt>
      <trkpt lat="42.248771" lon="-6.785505">
        <ele>1824.4</ele>
        <time>2020-06-21T15:23:21.000Z</time>
      </trkpt>
      <trkpt lat="42.248761" lon="-6.785443">
        <ele>1823.9</ele>
        <time>2020-06-21T15:23:25.000Z</time>
      </trkpt>
      <trkpt lat="42.248744" lon="-6.785378">
        <ele>1823.4</ele>
        <time>2020-06-21T15:23:30.000Z</time>
      </trkpt>
      <trkpt lat="42.248747" lon="-6.785316">
        <ele>1822.6</ele>
        <time>2020-06-21T15:23:36.000Z</time>
      </trkpt>
      <trkpt lat="42.248756" lon="-6.785252">
        <ele>1821.9</ele>
        <time>2020-06-21T15:23:42.000Z</time>
      </trkpt>
      <trkpt lat="42.248764" lon="-6.785191">
        <ele>1821.8</ele>
        <time>2020-06-21T15:23:55.000Z</time>
      </trkpt>
      <trkpt lat="42.248764" lon="-6.785124">
        <ele>1822.1</ele>
        <time>2020-06-21T15:24:02.000Z</time>
      </trkpt>
      <trkpt lat="42.248739" lon="-6.785072">
        <ele>1822.5</ele>
        <time>2020-06-21T15:24:07.000Z</time>
      </trkpt>
      <trkpt lat="42.248719" lon="-6.785017">
        <ele>1822.9</ele>
        <time>2020-06-21T15:24:12.000Z</time>
      </trkpt>
      <trkpt lat="42.248699" lon="-6.784956">
        <ele>1823.0</ele>
        <time>2020-06-21T15:24:19.000Z</time>
      </trkpt>
      <trkpt lat="42.248693" lon="-6.784895">
        <ele>1822.9</ele>
        <time>2020-06-21T15:24:26.000Z</time>
      </trkpt>
      <trkpt lat="42.248689" lon="-6.784831">
        <ele>1822.7</ele>
        <time>2020-06-21T15:24:34.000Z</time>
      </trkpt>
      <trkpt lat="42.248682" lon="-6.784771">
        <ele>1822.4</ele>
        <time>2020-06-21T15:24:39.000Z</time>
      </trkpt>
      <trkpt lat="42.248669" lon="-6.784711">
        <ele>1822.2</ele>
        <time>2020-06-21T15:24:43.000Z</time>
      </trkpt>
      <trkpt lat="42.248653" lon="-6.784652">
        <ele>1821.9</ele>
        <time>2020-06-21T15:24:49.000Z</time>
      </trkpt>
      <trkpt lat="42.248631" lon="-6.784590">
        <ele>1821.6</ele>
        <time>2020-06-21T15:24:55.000Z</time>
      </trkpt>
      <trkpt lat="42.248618" lon="-6.784528">
        <ele>1821.4</ele>
        <time>2020-06-21T15:25:05.000Z</time>
      </trkpt>
      <trkpt lat="42.248582" lon="-6.784480">
        <ele>1821.0</ele>
        <time>2020-06-21T15:25:11.000Z</time>
      </trkpt>
      <trkpt lat="42.248569" lon="-6.784421">
        <ele>1820.7</ele>
        <time>2020-06-21T15:25:22.000Z</time>
      </trkpt>
      <trkpt lat="42.248593" lon="-6.784366">
        <ele>1820.1</ele>
        <time>2020-06-21T15:25:30.000Z</time>
      </trkpt>
      <trkpt lat="42.248593" lon="-6.784301">
        <ele>1819.8</ele>
        <time>2020-06-21T15:25:36.000Z</time>
      </trkpt>
      <trkpt lat="42.248591" lon="-6.784233">
        <ele>1819.5</ele>
        <time>2020-06-21T15:25:42.000Z</time>
      </trkpt>
      <trkpt lat="42.248606" lon="-6.784175">
        <ele>1819.2</ele>
        <time>2020-06-21T15:25:48.000Z</time>
      </trkpt>
      <trkpt lat="42.248629" lon="-6.784117">
        <ele>1819.0</ele>
        <time>2020-06-21T15:25:55.000Z</time>
      </trkpt>
      <trkpt lat="42.248627" lon="-6.784054">
        <ele>1818.9</ele>
        <time>2020-06-21T15:26:01.000Z</time>
      </trkpt>
      <trkpt lat="42.248629" lon="-6.783991">
        <ele>1818.8</ele>
        <time>2020-06-21T15:26:06.000Z</time>
      </trkpt>
      <trkpt lat="42.248666" lon="-6.783954">
        <ele>1818.8</ele>
        <time>2020-06-21T15:26:32.000Z</time>
      </trkpt>
      <trkpt lat="42.248666" lon="-6.783892">
        <ele>1819.0</ele>
        <time>2020-06-21T15:26:41.000Z</time>
      </trkpt>
      <trkpt lat="42.248644" lon="-6.783836">
        <ele>1819.2</ele>
        <time>2020-06-21T15:26:45.000Z</time>
      </trkpt>
      <trkpt lat="42.248631" lon="-6.783775">
        <ele>1819.6</ele>
        <time>2020-06-21T15:26:50.000Z</time>
      </trkpt>
      <trkpt lat="42.248616" lon="-6.783717">
        <ele>1820.0</ele>
        <time>2020-06-21T15:26:56.000Z</time>
      </trkpt>
      <trkpt lat="42.248609" lon="-6.783656">
        <ele>1820.6</ele>
        <time>2020-06-21T15:27:02.000Z</time>
      </trkpt>
      <trkpt lat="42.248618" lon="-6.783593">
        <ele>1821.1</ele>
        <time>2020-06-21T15:27:10.000Z</time>
      </trkpt>
      <trkpt lat="42.248633" lon="-6.783534">
        <ele>1821.6</ele>
        <time>2020-06-21T15:27:15.000Z</time>
      </trkpt>
      <trkpt lat="42.248644" lon="-6.783472">
        <ele>1821.8</ele>
        <time>2020-06-21T15:27:22.000Z</time>
      </trkpt>
      <trkpt lat="42.248653" lon="-6.783408">
        <ele>1821.8</ele>
        <time>2020-06-21T15:27:28.000Z</time>
      </trkpt>
      <trkpt lat="42.248653" lon="-6.783343">
        <ele>1821.5</ele>
        <time>2020-06-21T15:27:34.000Z</time>
      </trkpt>
      <trkpt lat="42.248650" lon="-6.783281">
        <ele>1821.2</ele>
        <time>2020-06-21T15:27:39.000Z</time>
      </trkpt>
      <trkpt lat="42.248658" lon="-6.783215">
        <ele>1820.5</ele>
        <time>2020-06-21T15:27:45.000Z</time>
      </trkpt>
      <trkpt lat="42.248679" lon="-6.783155">
        <ele>1819.8</ele>
        <time>2020-06-21T15:27:51.000Z</time>
      </trkpt>
      <trkpt lat="42.248675" lon="-6.783089">
        <ele>1819.2</ele>
        <time>2020-06-21T15:27:56.000Z</time>
      </trkpt>
      <trkpt lat="42.248674" lon="-6.783022">
        <ele>1818.5</ele>
        <time>2020-06-21T15:28:01.000Z</time>
      </trkpt>
      <trkpt lat="42.248677" lon="-6.782961">
        <ele>1817.9</ele>
        <time>2020-06-21T15:28:06.000Z</time>
      </trkpt>
      <trkpt lat="42.248687" lon="-6.782898">
        <ele>1817.4</ele>
        <time>2020-06-21T15:28:12.000Z</time>
      </trkpt>
      <trkpt lat="42.248682" lon="-6.782830">
        <ele>1816.8</ele>
        <time>2020-06-21T15:28:18.000Z</time>
      </trkpt>
      <trkpt lat="42.248683" lon="-6.782768">
        <ele>1816.6</ele>
        <time>2020-06-21T15:28:23.000Z</time>
      </trkpt>
      <trkpt lat="42.248687" lon="-6.782702">
        <ele>1816.2</ele>
        <time>2020-06-21T15:28:27.000Z</time>
      </trkpt>
      <trkpt lat="42.248685" lon="-6.782638">
        <ele>1815.9</ele>
        <time>2020-06-21T15:28:32.000Z</time>
      </trkpt>
      <trkpt lat="42.248674" lon="-6.782573">
        <ele>1815.6</ele>
        <time>2020-06-21T15:28:36.000Z</time>
      </trkpt>
      <trkpt lat="42.248667" lon="-6.782508">
        <ele>1815.7</ele>
        <time>2020-06-21T15:28:41.000Z</time>
      </trkpt>
      <trkpt lat="42.248666" lon="-6.782447">
        <ele>1815.9</ele>
        <time>2020-06-21T15:28:45.000Z</time>
      </trkpt>
      <trkpt lat="42.248668" lon="-6.782375">
        <ele>1816.3</ele>
        <time>2020-06-21T15:28:49.000Z</time>
      </trkpt>
      <trkpt lat="42.248676" lon="-6.782308">
        <ele>1816.6</ele>
        <time>2020-06-21T15:28:53.000Z</time>
      </trkpt>
      <trkpt lat="42.248679" lon="-6.782246">
        <ele>1817.1</ele>
        <time>2020-06-21T15:28:58.000Z</time>
      </trkpt>
      <trkpt lat="42.248686" lon="-6.782186">
        <ele>1817.3</ele>
        <time>2020-06-21T15:29:03.000Z</time>
      </trkpt>
      <trkpt lat="42.248693" lon="-6.782122">
        <ele>1817.5</ele>
        <time>2020-06-21T15:29:09.000Z</time>
      </trkpt>
      <trkpt lat="42.248699" lon="-6.782059">
        <ele>1817.6</ele>
        <time>2020-06-21T15:29:13.000Z</time>
      </trkpt>
      <trkpt lat="42.248705" lon="-6.781997">
        <ele>1817.7</ele>
        <time>2020-06-21T15:29:18.000Z</time>
      </trkpt>
      <trkpt lat="42.248708" lon="-6.781934">
        <ele>1817.6</ele>
        <time>2020-06-21T15:29:22.000Z</time>
      </trkpt>
      <trkpt lat="42.248698" lon="-6.781872">
        <ele>1817.5</ele>
        <time>2020-06-21T15:29:28.000Z</time>
      </trkpt>
      <trkpt lat="42.248710" lon="-6.781808">
        <ele>1817.4</ele>
        <time>2020-06-21T15:29:34.000Z</time>
      </trkpt>
      <trkpt lat="42.248722" lon="-6.781746">
        <ele>1817.0</ele>
        <time>2020-06-21T15:29:39.000Z</time>
      </trkpt>
      <trkpt lat="42.248736" lon="-6.781686">
        <ele>1816.7</ele>
        <time>2020-06-21T15:29:43.000Z</time>
      </trkpt>
      <trkpt lat="42.248750" lon="-6.781617">
        <ele>1816.5</ele>
        <time>2020-06-21T15:29:48.000Z</time>
      </trkpt>
      <trkpt lat="42.248759" lon="-6.781556">
        <ele>1816.6</ele>
        <time>2020-06-21T15:29:53.000Z</time>
      </trkpt>
      <trkpt lat="42.248771" lon="-6.781494">
        <ele>1816.7</ele>
        <time>2020-06-21T15:29:59.000Z</time>
      </trkpt>
      <trkpt lat="42.248789" lon="-6.781428">
        <ele>1816.7</ele>
        <time>2020-06-21T15:30:04.000Z</time>
      </trkpt>
      <trkpt lat="42.248799" lon="-6.781367">
        <ele>1816.8</ele>
        <time>2020-06-21T15:30:09.000Z</time>
      </trkpt>
      <trkpt lat="42.248818" lon="-6.781311">
        <ele>1816.5</ele>
        <time>2020-06-21T15:30:12.000Z</time>
      </trkpt>
      <trkpt lat="42.248847" lon="-6.781254">
        <ele>1816.2</ele>
        <time>2020-06-21T15:30:17.000Z</time>
      </trkpt>
      <trkpt lat="42.248877" lon="-6.781207">
        <ele>1815.7</ele>
        <time>2020-06-21T15:30:23.000Z</time>
      </trkpt>
      <trkpt lat="42.248914" lon="-6.781164">
        <ele>1815.2</ele>
        <time>2020-06-21T15:30:29.000Z</time>
      </trkpt>
      <trkpt lat="42.248948" lon="-6.781116">
        <ele>1815.1</ele>
        <time>2020-06-21T15:30:33.000Z</time>
      </trkpt>
      <trkpt lat="42.248968" lon="-6.781054">
        <ele>1815.1</ele>
        <time>2020-06-21T15:30:38.000Z</time>
      </trkpt>
      <trkpt lat="42.248985" lon="-6.780997">
        <ele>1815.1</ele>
        <time>2020-06-21T15:30:44.000Z</time>
      </trkpt>
      <trkpt lat="42.249014" lon="-6.780946">
        <ele>1814.8</ele>
        <time>2020-06-21T15:30:52.000Z</time>
      </trkpt>
      <trkpt lat="42.249045" lon="-6.780894">
        <ele>1814.5</ele>
        <time>2020-06-21T15:31:01.000Z</time>
      </trkpt>
      <trkpt lat="42.249057" lon="-6.780832">
        <ele>1814.2</ele>
        <time>2020-06-21T15:31:10.000Z</time>
      </trkpt>
      <trkpt lat="42.249080" lon="-6.780774">
        <ele>1814.5</ele>
        <time>2020-06-21T15:31:21.000Z</time>
      </trkpt>
      <trkpt lat="42.249088" lon="-6.780714">
        <ele>1815.1</ele>
        <time>2020-06-21T15:31:29.000Z</time>
      </trkpt>
      <trkpt lat="42.249117" lon="-6.780667">
        <ele>1815.8</ele>
        <time>2020-06-21T15:31:34.000Z</time>
      </trkpt>
      <trkpt lat="42.249145" lon="-6.780619">
        <ele>1816.4</ele>
        <time>2020-06-21T15:31:39.000Z</time>
      </trkpt>
      <trkpt lat="42.249169" lon="-6.780566">
        <ele>1816.9</ele>
        <time>2020-06-21T15:31:44.000Z</time>
      </trkpt>
      <trkpt lat="42.249182" lon="-6.780505">
        <ele>1817.0</ele>
        <time>2020-06-21T15:31:48.000Z</time>
      </trkpt>
      <trkpt lat="42.249204" lon="-6.780451">
        <ele>1817.4</ele>
        <time>2020-06-21T15:31:53.000Z</time>
      </trkpt>
      <trkpt lat="42.249216" lon="-6.780392">
        <ele>1817.7</ele>
        <time>2020-06-21T15:31:59.000Z</time>
      </trkpt>
      <trkpt lat="42.249212" lon="-6.780329">
        <ele>1818.3</ele>
        <time>2020-06-21T15:32:04.000Z</time>
      </trkpt>
      <trkpt lat="42.249231" lon="-6.780270">
        <ele>1819.0</ele>
        <time>2020-06-21T15:32:17.000Z</time>
      </trkpt>
      <trkpt lat="42.249265" lon="-6.780219">
        <ele>1819.5</ele>
        <time>2020-06-21T15:32:24.000Z</time>
      </trkpt>
      <trkpt lat="42.249274" lon="-6.780154">
        <ele>1820.0</ele>
        <time>2020-06-21T15:32:33.000Z</time>
      </trkpt>
      <trkpt lat="42.249283" lon="-6.780095">
        <ele>1820.4</ele>
        <time>2020-06-21T15:32:42.000Z</time>
      </trkpt>
      <trkpt lat="42.249276" lon="-6.780033">
        <ele>1820.7</ele>
        <time>2020-06-21T15:32:47.000Z</time>
      </trkpt>
      <trkpt lat="42.249242" lon="-6.779985">
        <ele>1821.1</ele>
        <time>2020-06-21T15:32:53.000Z</time>
      </trkpt>
      <trkpt lat="42.249221" lon="-6.779923">
        <ele>1821.1</ele>
        <time>2020-06-21T15:32:58.000Z</time>
      </trkpt>
      <trkpt lat="42.249229" lon="-6.779863">
        <ele>1820.8</ele>
        <time>2020-06-21T15:33:02.000Z</time>
      </trkpt>
      <trkpt lat="42.249236" lon="-6.779802">
        <ele>1820.3</ele>
        <time>2020-06-21T15:33:07.000Z</time>
      </trkpt>
      <trkpt lat="42.249244" lon="-6.779737">
        <ele>1819.5</ele>
        <time>2020-06-21T15:33:12.000Z</time>
      </trkpt>
      <trkpt lat="42.249261" lon="-6.779673">
        <ele>1818.6</ele>
        <time>2020-06-21T15:33:17.000Z</time>
      </trkpt>
      <trkpt lat="42.249288" lon="-6.779620">
        <ele>1817.9</ele>
        <time>2020-06-21T15:33:23.000Z</time>
      </trkpt>
      <trkpt lat="42.249312" lon="-6.779567">
        <ele>1817.4</ele>
        <time>2020-06-21T15:33:29.000Z</time>
      </trkpt>
      <trkpt lat="42.249315" lon="-6.779504">
        <ele>1817.1</ele>
        <time>2020-06-21T15:33:35.000Z</time>
      </trkpt>
      <trkpt lat="42.249320" lon="-6.779442">
        <ele>1816.7</ele>
        <time>2020-06-21T15:33:39.000Z</time>
      </trkpt>
      <trkpt lat="42.249332" lon="-6.779378">
        <ele>1816.1</ele>
        <time>2020-06-21T15:33:45.000Z</time>
      </trkpt>
      <trkpt lat="42.249354" lon="-6.779323">
        <ele>1815.4</ele>
        <time>2020-06-21T15:33:50.000Z</time>
      </trkpt>
      <trkpt lat="42.249383" lon="-6.779272">
        <ele>1814.8</ele>
        <time>2020-06-21T15:33:57.000Z</time>
      </trkpt>
      <trkpt lat="42.249422" lon="-6.779239">
        <ele>1814.1</ele>
        <time>2020-06-21T15:34:01.000Z</time>
      </trkpt>
      <trkpt lat="42.249455" lon="-6.779196">
        <ele>1813.7</ele>
        <time>2020-06-21T15:34:05.000Z</time>
      </trkpt>
      <trkpt lat="42.249488" lon="-6.779152">
        <ele>1813.1</ele>
        <time>2020-06-21T15:34:10.000Z</time>
      </trkpt>
      <trkpt lat="42.249525" lon="-6.779116">
        <ele>1813.0</ele>
        <time>2020-06-21T15:34:16.000Z</time>
      </trkpt>
      <trkpt lat="42.249527" lon="-6.779053">
        <ele>1813.6</ele>
        <time>2020-06-21T15:34:25.000Z</time>
      </trkpt>
      <trkpt lat="42.249520" lon="-6.778993">
        <ele>1814.7</ele>
        <time>2020-06-21T15:34:37.000Z</time>
      </trkpt>
      <trkpt lat="42.249520" lon="-6.778923">
        <ele>1816.1</ele>
        <time>2020-06-21T15:34:43.000Z</time>
      </trkpt>
      <trkpt lat="42.249522" lon="-6.778857">
        <ele>1817.2</ele>
        <time>2020-06-21T15:34:50.000Z</time>
      </trkpt>
      <trkpt lat="42.249514" lon="-6.778790">
        <ele>1818.1</ele>
        <time>2020-06-21T15:34:55.000Z</time>
      </trkpt>
      <trkpt lat="42.249507" lon="-6.778725">
        <ele>1818.8</ele>
        <time>2020-06-21T15:35:00.000Z</time>
      </trkpt>
      <trkpt lat="42.249499" lon="-6.778664">
        <ele>1819.1</ele>
        <time>2020-06-21T15:35:03.000Z</time>
      </trkpt>
      <trkpt lat="42.249502" lon="-6.778603">
        <ele>1819.4</ele>
        <time>2020-06-21T15:35:07.000Z</time>
      </trkpt>
      <trkpt lat="42.249507" lon="-6.778536">
        <ele>1819.8</ele>
        <time>2020-06-21T15:35:12.000Z</time>
      </trkpt>
      <trkpt lat="42.249515" lon="-6.778466">
        <ele>1820.2</ele>
        <time>2020-06-21T15:35:17.000Z</time>
      </trkpt>
      <trkpt lat="42.249519" lon="-6.778394">
        <ele>1820.7</ele>
        <time>2020-06-21T15:35:22.000Z</time>
      </trkpt>
      <trkpt lat="42.249519" lon="-6.778332">
        <ele>1820.9</ele>
        <time>2020-06-21T15:35:28.000Z</time>
      </trkpt>
      <trkpt lat="42.249504" lon="-6.778271">
        <ele>1821.2</ele>
        <time>2020-06-21T15:35:34.000Z</time>
      </trkpt>
      <trkpt lat="42.249488" lon="-6.778207">
        <ele>1821.3</ele>
        <time>2020-06-21T15:35:39.000Z</time>
      </trkpt>
      <trkpt lat="42.249484" lon="-6.778146">
        <ele>1821.2</ele>
        <time>2020-06-21T15:35:44.000Z</time>
      </trkpt>
      <trkpt lat="42.249463" lon="-6.778086">
        <ele>1821.0</ele>
        <time>2020-06-21T15:35:49.000Z</time>
      </trkpt>
      <trkpt lat="42.249449" lon="-6.778024">
        <ele>1820.9</ele>
        <time>2020-06-21T15:35:54.000Z</time>
      </trkpt>
      <trkpt lat="42.249399" lon="-6.778010">
        <ele>1820.5</ele>
        <time>2020-06-21T15:36:00.000Z</time>
      </trkpt>
      <trkpt lat="42.249371" lon="-6.777959">
        <ele>1819.9</ele>
        <time>2020-06-21T15:36:04.000Z</time>
      </trkpt>
      <trkpt lat="42.249369" lon="-6.777890">
        <ele>1819.3</ele>
        <time>2020-06-21T15:36:09.000Z</time>
      </trkpt>
      <trkpt lat="42.249364" lon="-6.777822">
        <ele>1818.5</ele>
        <time>2020-06-21T15:36:13.000Z</time>
      </trkpt>
      <trkpt lat="42.249353" lon="-6.777759">
        <ele>1817.3</ele>
        <time>2020-06-21T15:36:18.000Z</time>
      </trkpt>
      <trkpt lat="42.249320" lon="-6.777707">
        <ele>1816.1</ele>
        <time>2020-06-21T15:36:23.000Z</time>
      </trkpt>
      <trkpt lat="42.249296" lon="-6.777652">
        <ele>1815.2</ele>
        <time>2020-06-21T15:36:29.000Z</time>
      </trkpt>
      <trkpt lat="42.249290" lon="-6.777586">
        <ele>1813.9</ele>
        <time>2020-06-21T15:36:33.000Z</time>
      </trkpt>
      <trkpt lat="42.249294" lon="-6.777519">
        <ele>1812.6</ele>
        <time>2020-06-21T15:36:38.000Z</time>
      </trkpt>
      <trkpt lat="42.249299" lon="-6.777453">
        <ele>1811.5</ele>
        <time>2020-06-21T15:36:43.000Z</time>
      </trkpt>
      <trkpt lat="42.249283" lon="-6.777393">
        <ele>1810.6</ele>
        <time>2020-06-21T15:36:47.000Z</time>
      </trkpt>
      <trkpt lat="42.249287" lon="-6.777326">
        <ele>1809.6</ele>
        <time>2020-06-21T15:36:52.000Z</time>
      </trkpt>
      <trkpt lat="42.249281" lon="-6.777255">
        <ele>1808.8</ele>
        <time>2020-06-21T15:36:59.000Z</time>
      </trkpt>
      <trkpt lat="42.249254" lon="-6.777198">
        <ele>1808.4</ele>
        <time>2020-06-21T15:37:07.000Z</time>
      </trkpt>
      <trkpt lat="42.249232" lon="-6.777143">
        <ele>1808.1</ele>
        <time>2020-06-21T15:37:13.000Z</time>
      </trkpt>
      <trkpt lat="42.249221" lon="-6.777083">
        <ele>1808.2</ele>
        <time>2020-06-21T15:37:17.000Z</time>
      </trkpt>
      <trkpt lat="42.249213" lon="-6.777023">
        <ele>1808.3</ele>
        <time>2020-06-21T15:37:21.000Z</time>
      </trkpt>
      <trkpt lat="42.249218" lon="-6.776959">
        <ele>1808.2</ele>
        <time>2020-06-21T15:37:27.000Z</time>
      </trkpt>
      <trkpt lat="42.249218" lon="-6.776888">
        <ele>1808.2</ele>
        <time>2020-06-21T15:37:33.000Z</time>
      </trkpt>
      <trkpt lat="42.249215" lon="-6.776824">
        <ele>1807.9</ele>
        <time>2020-06-21T15:37:40.000Z</time>
      </trkpt>
      <trkpt lat="42.249210" lon="-6.776763">
        <ele>1807.5</ele>
        <time>2020-06-21T15:37:45.000Z</time>
      </trkpt>
      <trkpt lat="42.249194" lon="-6.776704">
        <ele>1807.3</ele>
        <time>2020-06-21T15:37:49.000Z</time>
      </trkpt>
      <trkpt lat="42.249181" lon="-6.776640">
        <ele>1807.2</ele>
        <time>2020-06-21T15:37:53.000Z</time>
      </trkpt>
      <trkpt lat="42.249169" lon="-6.776577">
        <ele>1807.0</ele>
        <time>2020-06-21T15:37:59.000Z</time>
      </trkpt>
      <trkpt lat="42.249157" lon="-6.776518">
        <ele>1807.2</ele>
        <time>2020-06-21T15:38:03.000Z</time>
      </trkpt>
      <trkpt lat="42.249134" lon="-6.776455">
        <ele>1807.4</ele>
        <time>2020-06-21T15:38:08.000Z</time>
      </trkpt>
      <trkpt lat="42.249110" lon="-6.776401">
        <ele>1807.7</ele>
        <time>2020-06-21T15:38:12.000Z</time>
      </trkpt>
      <trkpt lat="42.249087" lon="-6.776343">
        <ele>1808.0</ele>
        <time>2020-06-21T15:38:16.000Z</time>
      </trkpt>
      <trkpt lat="42.249071" lon="-6.776282">
        <ele>1808.2</ele>
        <time>2020-06-21T15:38:20.000Z</time>
      </trkpt>
      <trkpt lat="42.249046" lon="-6.776218">
        <ele>1808.5</ele>
        <time>2020-06-21T15:38:26.000Z</time>
      </trkpt>
      <trkpt lat="42.249023" lon="-6.776161">
        <ele>1808.4</ele>
        <time>2020-06-21T15:38:31.000Z</time>
      </trkpt>
      <trkpt lat="42.249016" lon="-6.776094">
        <ele>1808.4</ele>
        <time>2020-06-21T15:38:35.000Z</time>
      </trkpt>
      <trkpt lat="42.249019" lon="-6.776025">
        <ele>1808.3</ele>
        <time>2020-06-21T15:38:40.000Z</time>
      </trkpt>
      <trkpt lat="42.249026" lon="-6.775958">
        <ele>1808.1</ele>
        <time>2020-06-21T15:38:45.000Z</time>
      </trkpt>
      <trkpt lat="42.249030" lon="-6.775897">
        <ele>1807.8</ele>
        <time>2020-06-21T15:38:49.000Z</time>
      </trkpt>
      <trkpt lat="42.249031" lon="-6.775831">
        <ele>1807.6</ele>
        <time>2020-06-21T15:38:54.000Z</time>
      </trkpt>
      <trkpt lat="42.249020" lon="-6.775758">
        <ele>1807.5</ele>
        <time>2020-06-21T15:38:59.000Z</time>
      </trkpt>
      <trkpt lat="42.249007" lon="-6.775694">
        <ele>1807.7</ele>
        <time>2020-06-21T15:39:03.000Z</time>
      </trkpt>
      <trkpt lat="42.248989" lon="-6.775635">
        <ele>1807.9</ele>
        <time>2020-06-21T15:39:07.000Z</time>
      </trkpt>
      <trkpt lat="42.248987" lon="-6.775570">
        <ele>1807.9</ele>
        <time>2020-06-21T15:39:12.000Z</time>
      </trkpt>
      <trkpt lat="42.248992" lon="-6.775508">
        <ele>1807.5</ele>
        <time>2020-06-21T15:39:19.000Z</time>
      </trkpt>
      <trkpt lat="42.248978" lon="-6.775446">
        <ele>1807.1</ele>
        <time>2020-06-21T15:39:25.000Z</time>
      </trkpt>
      <trkpt lat="42.248961" lon="-6.775383">
        <ele>1806.4</ele>
        <time>2020-06-21T15:39:30.000Z</time>
      </trkpt>
      <trkpt lat="42.248959" lon="-6.775321">
        <ele>1806.0</ele>
        <time>2020-06-21T15:39:35.000Z</time>
      </trkpt>
      <trkpt lat="42.248955" lon="-6.775254">
        <ele>1805.8</ele>
        <time>2020-06-21T15:39:41.000Z</time>
      </trkpt>
      <trkpt lat="42.248967" lon="-6.775181">
        <ele>1805.8</ele>
        <time>2020-06-21T15:39:46.000Z</time>
      </trkpt>
      <trkpt lat="42.248964" lon="-6.775118">
        <ele>1806.0</ele>
        <time>2020-06-21T15:39:51.000Z</time>
      </trkpt>
      <trkpt lat="42.248934" lon="-6.775072">
        <ele>1806.1</ele>
        <time>2020-06-21T15:39:55.000Z</time>
      </trkpt>
      <trkpt lat="42.248908" lon="-6.775017">
        <ele>1806.1</ele>
        <time>2020-06-21T15:39:59.000Z</time>
      </trkpt>
      <trkpt lat="42.248909" lon="-6.774956">
        <ele>1806.4</ele>
        <time>2020-06-21T15:40:04.000Z</time>
      </trkpt>
      <trkpt lat="42.248903" lon="-6.774886">
        <ele>1806.5</ele>
        <time>2020-06-21T15:40:09.000Z</time>
      </trkpt>
      <trkpt lat="42.248888" lon="-6.774823">
        <ele>1806.9</ele>
        <time>2020-06-21T15:40:13.000Z</time>
      </trkpt>
      <trkpt lat="42.248866" lon="-6.774764">
        <ele>1807.2</ele>
        <time>2020-06-21T15:40:19.000Z</time>
      </trkpt>
      <trkpt lat="42.248848" lon="-6.774708">
        <ele>1807.7</ele>
        <time>2020-06-21T15:40:25.000Z</time>
      </trkpt>
      <trkpt lat="42.248836" lon="-6.774642">
        <ele>1808.2</ele>
        <time>2020-06-21T15:40:32.000Z</time>
      </trkpt>
      <trkpt lat="42.248821" lon="-6.774576">
        <ele>1808.6</ele>
        <time>2020-06-21T15:40:37.000Z</time>
      </trkpt>
      <trkpt lat="42.248806" lon="-6.774509">
        <ele>1809.0</ele>
        <time>2020-06-21T15:40:42.000Z</time>
      </trkpt>
      <trkpt lat="42.248793" lon="-6.774449">
        <ele>1809.5</ele>
        <time>2020-06-21T15:40:46.000Z</time>
      </trkpt>
      <trkpt lat="42.248788" lon="-6.774383">
        <ele>1809.9</ele>
        <time>2020-06-21T15:40:52.000Z</time>
      </trkpt>
      <trkpt lat="42.248805" lon="-6.774323">
        <ele>1810.1</ele>
        <time>2020-06-21T15:41:00.000Z</time>
      </trkpt>
      <trkpt lat="42.248797" lon="-6.774255">
        <ele>1810.6</ele>
        <time>2020-06-21T15:41:07.000Z</time>
      </trkpt>
      <trkpt lat="42.248766" lon="-6.774206">
        <ele>1811.3</ele>
        <time>2020-06-21T15:41:14.000Z</time>
      </trkpt>
      <trkpt lat="42.248732" lon="-6.774159">
        <ele>1811.9</ele>
        <time>2020-06-21T15:41:19.000Z</time>
      </trkpt>
      <trkpt lat="42.248709" lon="-6.774106">
        <ele>1812.5</ele>
        <time>2020-06-21T15:41:24.000Z</time>
      </trkpt>
      <trkpt lat="42.248691" lon="-6.774050">
        <ele>1812.7</ele>
        <time>2020-06-21T15:41:31.000Z</time>
      </trkpt>
      <trkpt lat="42.248673" lon="-6.773991">
        <ele>1812.9</ele>
        <time>2020-06-21T15:41:38.000Z</time>
      </trkpt>
      <trkpt lat="42.248649" lon="-6.773935">
        <ele>1813.0</ele>
        <time>2020-06-21T15:41:43.000Z</time>
      </trkpt>
      <trkpt lat="42.248631" lon="-6.773876">
        <ele>1812.7</ele>
        <time>2020-06-21T15:41:49.000Z</time>
      </trkpt>
      <trkpt lat="42.248600" lon="-6.773820">
        <ele>1812.4</ele>
        <time>2020-06-21T15:41:54.000Z</time>
      </trkpt>
      <trkpt lat="42.248573" lon="-6.773763">
        <ele>1812.0</ele>
        <time>2020-06-21T15:41:57.000Z</time>
      </trkpt>
      <trkpt lat="42.248542" lon="-6.773715">
        <ele>1811.6</ele>
        <time>2020-06-21T15:42:02.000Z</time>
        <cmt>Indicadores</cmt>
      </trkpt>
      <trkpt lat="42.248502" lon="-6.773683">
        <ele>1811.0</ele>
        <time>2020-06-21T15:42:25.000Z</time>
      </trkpt>
      <trkpt lat="42.248499" lon="-6.773616">
        <ele>1811.2</ele>
        <time>2020-06-21T15:42:46.000Z</time>
      </trkpt>
      <trkpt lat="42.248479" lon="-6.773559">
        <ele>1811.2</ele>
        <time>2020-06-21T15:42:52.000Z</time>
      </trkpt>
      <trkpt lat="42.248461" lon="-6.773497">
        <ele>1811.0</ele>
        <time>2020-06-21T15:43:02.000Z</time>
      </trkpt>
      <trkpt lat="42.248442" lon="-6.773441">
        <ele>1810.9</ele>
        <time>2020-06-21T15:43:06.000Z</time>
      </trkpt>
      <trkpt lat="42.248438" lon="-6.773373">
        <ele>1810.8</ele>
        <time>2020-06-21T15:43:10.000Z</time>
      </trkpt>
      <trkpt lat="42.248433" lon="-6.773312">
        <ele>1810.6</ele>
        <time>2020-06-21T15:43:13.000Z</time>
      </trkpt>
      <trkpt lat="42.248422" lon="-6.773251">
        <ele>1810.3</ele>
        <time>2020-06-21T15:43:17.000Z</time>
      </trkpt>
      <trkpt lat="42.248414" lon="-6.773184">
        <ele>1810.3</ele>
        <time>2020-06-21T15:43:21.000Z</time>
      </trkpt>
      <trkpt lat="42.248400" lon="-6.773121">
        <ele>1810.4</ele>
        <time>2020-06-21T15:43:24.000Z</time>
      </trkpt>
      <trkpt lat="42.248392" lon="-6.773056">
        <ele>1810.8</ele>
        <time>2020-06-21T15:43:28.000Z</time>
      </trkpt>
      <trkpt lat="42.248385" lon="-6.772995">
        <ele>1811.5</ele>
        <time>2020-06-21T15:43:33.000Z</time>
      </trkpt>
      <trkpt lat="42.248375" lon="-6.772933">
        <ele>1812.2</ele>
        <time>2020-06-21T15:43:39.000Z</time>
      </trkpt>
      <trkpt lat="42.248360" lon="-6.772875">
        <ele>1812.6</ele>
        <time>2020-06-21T15:43:43.000Z</time>
      </trkpt>
      <trkpt lat="42.248336" lon="-6.772814">
        <ele>1813.1</ele>
        <time>2020-06-21T15:43:48.000Z</time>
      </trkpt>
      <trkpt lat="42.248320" lon="-6.772750">
        <ele>1813.4</ele>
        <time>2020-06-21T15:43:54.000Z</time>
      </trkpt>
      <trkpt lat="42.248317" lon="-6.772687">
        <ele>1814.0</ele>
        <time>2020-06-21T15:43:59.000Z</time>
      </trkpt>
      <trkpt lat="42.248315" lon="-6.772625">
        <ele>1814.5</ele>
        <time>2020-06-21T15:44:06.000Z</time>
      </trkpt>
      <trkpt lat="42.248294" lon="-6.772564">
        <ele>1815.3</ele>
        <time>2020-06-21T15:44:14.000Z</time>
      </trkpt>
      <trkpt lat="42.248289" lon="-6.772504">
        <ele>1816.0</ele>
        <time>2020-06-21T15:44:20.000Z</time>
      </trkpt>
      <trkpt lat="42.248283" lon="-6.772443">
        <ele>1816.7</ele>
        <time>2020-06-21T15:44:26.000Z</time>
      </trkpt>
      <trkpt lat="42.248270" lon="-6.772382">
        <ele>1817.6</ele>
        <time>2020-06-21T15:44:32.000Z</time>
      </trkpt>
      <trkpt lat="42.248256" lon="-6.772321">
        <ele>1818.4</ele>
        <time>2020-06-21T15:44:37.000Z</time>
      </trkpt>
      <trkpt lat="42.248237" lon="-6.772261">
        <ele>1819.2</ele>
        <time>2020-06-21T15:44:42.000Z</time>
      </trkpt>
      <trkpt lat="42.248212" lon="-6.772199">
        <ele>1819.9</ele>
        <time>2020-06-21T15:44:49.000Z</time>
      </trkpt>
      <trkpt lat="42.248188" lon="-6.772140">
        <ele>1820.6</ele>
        <time>2020-06-21T15:44:55.000Z</time>
      </trkpt>
      <trkpt lat="42.248181" lon="-6.772075">
        <ele>1821.2</ele>
        <time>2020-06-21T15:45:00.000Z</time>
      </trkpt>
      <trkpt lat="42.248184" lon="-6.772010">
        <ele>1821.3</ele>
        <time>2020-06-21T15:45:06.000Z</time>
      </trkpt>
      <trkpt lat="42.248174" lon="-6.771945">
        <ele>1821.4</ele>
        <time>2020-06-21T15:45:12.000Z</time>
      </trkpt>
      <trkpt lat="42.248161" lon="-6.771879">
        <ele>1821.7</ele>
        <time>2020-06-21T15:45:18.000Z</time>
      </trkpt>
      <trkpt lat="42.248138" lon="-6.771820">
        <ele>1822.4</ele>
        <time>2020-06-21T15:45:25.000Z</time>
      </trkpt>
      <trkpt lat="42.248116" lon="-6.771761">
        <ele>1823.1</ele>
        <time>2020-06-21T15:45:31.000Z</time>
      </trkpt>
      <trkpt lat="42.248098" lon="-6.771698">
        <ele>1823.8</ele>
        <time>2020-06-21T15:45:37.000Z</time>
      </trkpt>
      <trkpt lat="42.248079" lon="-6.771638">
        <ele>1824.9</ele>
        <time>2020-06-21T15:45:45.000Z</time>
      </trkpt>
      <trkpt lat="42.248070" lon="-6.771575">
        <ele>1825.8</ele>
        <time>2020-06-21T15:45:50.000Z</time>
      </trkpt>
      <trkpt lat="42.248069" lon="-6.771513">
        <ele>1826.5</ele>
        <time>2020-06-21T15:45:55.000Z</time>
      </trkpt>
      <trkpt lat="42.248059" lon="-6.771444">
        <ele>1826.7</ele>
        <time>2020-06-21T15:46:00.000Z</time>
      </trkpt>
      <trkpt lat="42.248040" lon="-6.771377">
        <ele>1826.6</ele>
        <time>2020-06-21T15:46:05.000Z</time>
      </trkpt>
      <trkpt lat="42.248046" lon="-6.771316">
        <ele>1826.2</ele>
        <time>2020-06-21T15:46:09.000Z</time>
      </trkpt>
      <trkpt lat="42.248050" lon="-6.771253">
        <ele>1825.7</ele>
        <time>2020-06-21T15:46:12.000Z</time>
      </trkpt>
      <trkpt lat="42.248055" lon="-6.771184">
        <ele>1825.2</ele>
        <time>2020-06-21T15:46:16.000Z</time>
      </trkpt>
      <trkpt lat="42.248052" lon="-6.771122">
        <ele>1825.3</ele>
        <time>2020-06-21T15:46:20.000Z</time>
      </trkpt>
      <trkpt lat="42.248052" lon="-6.771059">
        <ele>1825.1</ele>
        <time>2020-06-21T15:46:26.000Z</time>
      </trkpt>
      <trkpt lat="42.248045" lon="-6.770992">
        <ele>1825.1</ele>
        <time>2020-06-21T15:46:31.000Z</time>
      </trkpt>
      <trkpt lat="42.248045" lon="-6.770928">
        <ele>1824.9</ele>
        <time>2020-06-21T15:46:36.000Z</time>
      </trkpt>
      <trkpt lat="42.248042" lon="-6.770862">
        <ele>1824.4</ele>
        <time>2020-06-21T15:46:41.000Z</time>
      </trkpt>
      <trkpt lat="42.248053" lon="-6.770794">
        <ele>1824.2</ele>
        <time>2020-06-21T15:46:46.000Z</time>
      </trkpt>
      <trkpt lat="42.248061" lon="-6.770733">
        <ele>1824.3</ele>
        <time>2020-06-21T15:46:50.000Z</time>
      </trkpt>
      <trkpt lat="42.248082" lon="-6.770672">
        <ele>1824.6</ele>
        <time>2020-06-21T15:46:55.000Z</time>
      </trkpt>
      <trkpt lat="42.248101" lon="-6.770611">
        <ele>1824.8</ele>
        <time>2020-06-21T15:47:00.000Z</time>
      </trkpt>
      <trkpt lat="42.248123" lon="-6.770557">
        <ele>1825.2</ele>
        <time>2020-06-21T15:47:07.000Z</time>
      </trkpt>
      <trkpt lat="42.248170" lon="-6.770552">
        <ele>1825.7</ele>
        <time>2020-06-21T15:47:19.000Z</time>
      </trkpt>
      <trkpt lat="42.248198" lon="-6.770503">
        <ele>1827.0</ele>
        <time>2020-06-21T15:47:36.000Z</time>
      </trkpt>
      <trkpt lat="42.248228" lon="-6.770455">
        <ele>1827.4</ele>
        <time>2020-06-21T15:47:43.000Z</time>
      </trkpt>
      <trkpt lat="42.248260" lon="-6.770406">
        <ele>1828.0</ele>
        <time>2020-06-21T15:47:47.000Z</time>
      </trkpt>
      <trkpt lat="42.248297" lon="-6.770363">
        <ele>1829.1</ele>
        <time>2020-06-21T15:47:51.000Z</time>
      </trkpt>
      <trkpt lat="42.248336" lon="-6.770323">
        <ele>1830.4</ele>
        <time>2020-06-21T15:47:55.000Z</time>
      </trkpt>
      <trkpt lat="42.248375" lon="-6.770289">
        <ele>1831.6</ele>
        <time>2020-06-21T15:47:59.000Z</time>
      </trkpt>
      <trkpt lat="42.248413" lon="-6.770249">
        <ele>1833.1</ele>
        <time>2020-06-21T15:48:03.000Z</time>
      </trkpt>
      <trkpt lat="42.248448" lon="-6.770209">
        <ele>1834.7</ele>
        <time>2020-06-21T15:48:09.000Z</time>
      </trkpt>
      <trkpt lat="42.248481" lon="-6.770157">
        <ele>1836.2</ele>
        <time>2020-06-21T15:48:14.000Z</time>
      </trkpt>
      <trkpt lat="42.248519" lon="-6.770114">
        <ele>1837.4</ele>
        <time>2020-06-21T15:48:19.000Z</time>
      </trkpt>
      <trkpt lat="42.248559" lon="-6.770085">
        <ele>1838.7</ele>
        <time>2020-06-21T15:48:25.000Z</time>
      </trkpt>
      <trkpt lat="42.248554" lon="-6.770024">
        <ele>1838.8</ele>
        <time>2020-06-21T15:48:50.000Z</time>
      </trkpt>
      <trkpt lat="42.248580" lon="-6.769974">
        <ele>1839.2</ele>
        <time>2020-06-21T15:48:57.000Z</time>
      </trkpt>
      <trkpt lat="42.248628" lon="-6.769972">
        <ele>1839.2</ele>
        <time>2020-06-21T15:49:28.000Z</time>
      </trkpt>
      <trkpt lat="42.248672" lon="-6.769954">
        <ele>1839.4</ele>
        <time>2020-06-21T15:49:38.000Z</time>
      </trkpt>
      <trkpt lat="42.248717" lon="-6.769933">
        <ele>1840.0</ele>
        <time>2020-06-21T15:49:45.000Z</time>
      </trkpt>
      <trkpt lat="42.248762" lon="-6.769921">
        <ele>1840.3</ele>
        <time>2020-06-21T15:49:51.000Z</time>
      </trkpt>
      <trkpt lat="42.248804" lon="-6.769891">
        <ele>1840.6</ele>
        <time>2020-06-21T15:49:56.000Z</time>
      </trkpt>
      <trkpt lat="42.248842" lon="-6.769853">
        <ele>1840.9</ele>
        <time>2020-06-21T15:50:00.000Z</time>
      </trkpt>
      <trkpt lat="42.248882" lon="-6.769811">
        <ele>1841.3</ele>
        <time>2020-06-21T15:50:05.000Z</time>
      </trkpt>
      <trkpt lat="42.248932" lon="-6.769797">
        <ele>1841.6</ele>
        <time>2020-06-21T15:50:09.000Z</time>
      </trkpt>
      <trkpt lat="42.248962" lon="-6.769743">
        <ele>1842.1</ele>
        <time>2020-06-21T15:50:17.000Z</time>
      </trkpt>
      <trkpt lat="42.248996" lon="-6.769702">
        <ele>1842.8</ele>
        <time>2020-06-21T15:50:22.000Z</time>
      </trkpt>
      <trkpt lat="42.249036" lon="-6.769672">
        <ele>1843.3</ele>
        <time>2020-06-21T15:50:27.000Z</time>
      </trkpt>
      <trkpt lat="42.249084" lon="-6.769673">
        <ele>1844.0</ele>
        <time>2020-06-21T15:50:32.000Z</time>
      </trkpt>
      <trkpt lat="42.249131" lon="-6.769685">
        <ele>1845.0</ele>
        <time>2020-06-21T15:50:39.000Z</time>
      </trkpt>
      <trkpt lat="42.249175" lon="-6.769710">
        <ele>1846.3</ele>
        <time>2020-06-21T15:50:46.000Z</time>
      </trkpt>
      <trkpt lat="42.249227" lon="-6.769705">
        <ele>1848.1</ele>
        <time>2020-06-21T15:50:53.000Z</time>
      </trkpt>
      <trkpt lat="42.249264" lon="-6.769663">
        <ele>1849.9</ele>
        <time>2020-06-21T15:50:58.000Z</time>
      </trkpt>
      <trkpt lat="42.249294" lon="-6.769612">
        <ele>1851.5</ele>
        <time>2020-06-21T15:51:04.000Z</time>
      </trkpt>
      <trkpt lat="42.249306" lon="-6.769553">
        <ele>1852.9</ele>
        <time>2020-06-21T15:51:09.000Z</time>
      </trkpt>
      <trkpt lat="42.249318" lon="-6.769491">
        <ele>1854.0</ele>
        <time>2020-06-21T15:51:15.000Z</time>
      </trkpt>
      <trkpt lat="42.249321" lon="-6.769430">
        <ele>1855.1</ele>
        <time>2020-06-21T15:51:20.000Z</time>
      </trkpt>
      <trkpt lat="42.249337" lon="-6.769366">
        <ele>1856.0</ele>
        <time>2020-06-21T15:51:25.000Z</time>
      </trkpt>
      <trkpt lat="42.249365" lon="-6.769313">
        <ele>1856.9</ele>
        <time>2020-06-21T15:51:30.000Z</time>
      </trkpt>
      <trkpt lat="42.249383" lon="-6.769249">
        <ele>1857.9</ele>
        <time>2020-06-21T15:51:37.000Z</time>
      </trkpt>
      <trkpt lat="42.249409" lon="-6.769198">
        <ele>1858.5</ele>
        <time>2020-06-21T15:51:42.000Z</time>
      </trkpt>
      <trkpt lat="42.249446" lon="-6.769157">
        <ele>1859.1</ele>
        <time>2020-06-21T15:51:48.000Z</time>
      </trkpt>
      <trkpt lat="42.249476" lon="-6.769100">
        <ele>1859.7</ele>
        <time>2020-06-21T15:51:54.000Z</time>
      </trkpt>
      <trkpt lat="42.249488" lon="-6.769037">
        <ele>1860.3</ele>
        <time>2020-06-21T15:51:59.000Z</time>
      </trkpt>
      <trkpt lat="42.249515" lon="-6.768979">
        <ele>1860.9</ele>
        <time>2020-06-21T15:52:06.000Z</time>
      </trkpt>
      <trkpt lat="42.249544" lon="-6.768930">
        <ele>1861.5</ele>
        <time>2020-06-21T15:52:11.000Z</time>
      </trkpt>
      <trkpt lat="42.249566" lon="-6.768873">
        <ele>1862.3</ele>
        <time>2020-06-21T15:52:17.000Z</time>
      </trkpt>
      <trkpt lat="42.249609" lon="-6.768852">
        <ele>1863.2</ele>
        <time>2020-06-21T15:52:22.000Z</time>
      </trkpt>
      <trkpt lat="42.249644" lon="-6.768810">
        <ele>1864.3</ele>
        <time>2020-06-21T15:52:29.000Z</time>
      </trkpt>
      <trkpt lat="42.249674" lon="-6.768760">
        <ele>1865.6</ele>
        <time>2020-06-21T15:52:36.000Z</time>
      </trkpt>
      <trkpt lat="42.249715" lon="-6.768728">
        <ele>1867.0</ele>
        <time>2020-06-21T15:52:45.000Z</time>
      </trkpt>
      <trkpt lat="42.249755" lon="-6.768691">
        <ele>1868.9</ele>
        <time>2020-06-21T15:52:54.000Z</time>
      </trkpt>
      <trkpt lat="42.249800" lon="-6.768661">
        <ele>1870.3</ele>
        <time>2020-06-21T15:53:01.000Z</time>
      </trkpt>
      <trkpt lat="42.249843" lon="-6.768638">
        <ele>1872.2</ele>
        <time>2020-06-21T15:53:07.000Z</time>
      </trkpt>
      <trkpt lat="42.249887" lon="-6.768609">
        <ele>1873.8</ele>
        <time>2020-06-21T15:53:14.000Z</time>
      </trkpt>
      <trkpt lat="42.249927" lon="-6.768575">
        <ele>1875.1</ele>
        <time>2020-06-21T15:53:20.000Z</time>
      </trkpt>
      <trkpt lat="42.249971" lon="-6.768598">
        <ele>1876.7</ele>
        <time>2020-06-21T15:53:29.000Z</time>
      </trkpt>
      <trkpt lat="42.250020" lon="-6.768595">
        <ele>1878.5</ele>
        <time>2020-06-21T15:53:37.000Z</time>
      </trkpt>
      <trkpt lat="42.250063" lon="-6.768577">
        <ele>1879.5</ele>
        <time>2020-06-21T15:53:47.000Z</time>
      </trkpt>
      <trkpt lat="42.250106" lon="-6.768550">
        <ele>1880.1</ele>
        <time>2020-06-21T15:53:53.000Z</time>
      </trkpt>
      <trkpt lat="42.250149" lon="-6.768531">
        <ele>1880.4</ele>
        <time>2020-06-21T15:53:59.000Z</time>
      </trkpt>
      <trkpt lat="42.250195" lon="-6.768521">
        <ele>1880.9</ele>
        <time>2020-06-21T15:54:05.000Z</time>
      </trkpt>
      <trkpt lat="42.250228" lon="-6.768477">
        <ele>1881.7</ele>
        <time>2020-06-21T15:54:10.000Z</time>
      </trkpt>
      <trkpt lat="42.250270" lon="-6.768441">
        <ele>1882.5</ele>
        <time>2020-06-21T15:54:17.000Z</time>
      </trkpt>
      <trkpt lat="42.250316" lon="-6.768442">
        <ele>1884.0</ele>
        <time>2020-06-21T15:54:29.000Z</time>
      </trkpt>
      <trkpt lat="42.250363" lon="-6.768440">
        <ele>1886.2</ele>
        <time>2020-06-21T15:54:35.000Z</time>
      </trkpt>
      <trkpt lat="42.250412" lon="-6.768460">
        <ele>1888.2</ele>
        <time>2020-06-21T15:54:41.000Z</time>
      </trkpt>
      <trkpt lat="42.250459" lon="-6.768474">
        <ele>1889.3</ele>
        <time>2020-06-21T15:54:47.000Z</time>
      </trkpt>
      <trkpt lat="42.250504" lon="-6.768465">
        <ele>1890.0</ele>
        <time>2020-06-21T15:54:52.000Z</time>
      </trkpt>
      <trkpt lat="42.250550" lon="-6.768444">
        <ele>1890.7</ele>
        <time>2020-06-21T15:54:58.000Z</time>
      </trkpt>
      <trkpt lat="42.250595" lon="-6.768431">
        <ele>1891.1</ele>
        <time>2020-06-21T15:55:04.000Z</time>
      </trkpt>
      <trkpt lat="42.250635" lon="-6.768401">
        <ele>1891.7</ele>
        <time>2020-06-21T15:55:09.000Z</time>
      </trkpt>
      <trkpt lat="42.250677" lon="-6.768367">
        <ele>1892.2</ele>
        <time>2020-06-21T15:55:15.000Z</time>
      </trkpt>
      <trkpt lat="42.250723" lon="-6.768341">
        <ele>1892.6</ele>
        <time>2020-06-21T15:55:23.000Z</time>
      </trkpt>
      <trkpt lat="42.250769" lon="-6.768333">
        <ele>1892.9</ele>
        <time>2020-06-21T15:55:27.000Z</time>
      </trkpt>
      <trkpt lat="42.250814" lon="-6.768320">
        <ele>1893.5</ele>
        <time>2020-06-21T15:55:33.000Z</time>
      </trkpt>
      <trkpt lat="42.250855" lon="-6.768291">
        <ele>1893.9</ele>
        <time>2020-06-21T15:55:38.000Z</time>
      </trkpt>
      <trkpt lat="42.250899" lon="-6.768271">
        <ele>1894.4</ele>
        <time>2020-06-21T15:55:44.000Z</time>
      </trkpt>
      <trkpt lat="42.250944" lon="-6.768252">
        <ele>1894.9</ele>
        <time>2020-06-21T15:55:49.000Z</time>
      </trkpt>
      <trkpt lat="42.250988" lon="-6.768234">
        <ele>1895.5</ele>
        <time>2020-06-21T15:55:56.000Z</time>
      </trkpt>
      <trkpt lat="42.251040" lon="-6.768235">
        <ele>1896.8</ele>
        <time>2020-06-21T15:56:03.000Z</time>
      </trkpt>
      <trkpt lat="42.251085" lon="-6.768230">
        <ele>1897.9</ele>
        <time>2020-06-21T15:56:09.000Z</time>
      </trkpt>
      <trkpt lat="42.251133" lon="-6.768252">
        <ele>1898.2</ele>
        <time>2020-06-21T16:05:55.000Z</time>
      </trkpt>
      <trkpt lat="42.251176" lon="-6.768280">
        <ele>1898.2</ele>
        <time>2020-06-21T16:06:00.000Z</time>
      </trkpt>
      <trkpt lat="42.251220" lon="-6.768311">
        <ele>1898.1</ele>
        <time>2020-06-21T16:06:04.000Z</time>
      </trkpt>
      <trkpt lat="42.251268" lon="-6.768331">
        <ele>1898.1</ele>
        <time>2020-06-21T16:06:09.000Z</time>
      </trkpt>
      <trkpt lat="42.251312" lon="-6.768343">
        <ele>1898.2</ele>
        <time>2020-06-21T16:06:16.000Z</time>
      </trkpt>
      <trkpt lat="42.251360" lon="-6.768351">
        <ele>1898.2</ele>
        <time>2020-06-21T16:06:24.000Z</time>
      </trkpt>
      <trkpt lat="42.251401" lon="-6.768379">
        <ele>1898.4</ele>
        <time>2020-06-21T16:06:29.000Z</time>
      </trkpt>
      <trkpt lat="42.251443" lon="-6.768406">
        <ele>1898.7</ele>
        <time>2020-06-21T16:06:34.000Z</time>
      </trkpt>
      <trkpt lat="42.251478" lon="-6.768447">
        <ele>1899.2</ele>
        <time>2020-06-21T16:06:39.000Z</time>
      </trkpt>
      <trkpt lat="42.251528" lon="-6.768458">
        <ele>1899.9</ele>
        <time>2020-06-21T16:06:50.000Z</time>
      </trkpt>
      <trkpt lat="42.251577" lon="-6.768477">
        <ele>1900.7</ele>
        <time>2020-06-21T16:06:56.000Z</time>
      </trkpt>
      <trkpt lat="42.251622" lon="-6.768513">
        <ele>1901.4</ele>
        <time>2020-06-21T16:07:02.000Z</time>
      </trkpt>
      <trkpt lat="42.251669" lon="-6.768498">
        <ele>1902.1</ele>
        <time>2020-06-21T16:07:09.000Z</time>
      </trkpt>
      <trkpt lat="42.251713" lon="-6.768526">
        <ele>1902.8</ele>
        <time>2020-06-21T16:07:14.000Z</time>
      </trkpt>
      <trkpt lat="42.251751" lon="-6.768561">
        <ele>1903.1</ele>
        <time>2020-06-21T16:07:19.000Z</time>
      </trkpt>
      <trkpt lat="42.251781" lon="-6.768608">
        <ele>1903.1</ele>
        <time>2020-06-21T16:07:25.000Z</time>
      </trkpt>
      <trkpt lat="42.251814" lon="-6.768653">
        <ele>1903.3</ele>
        <time>2020-06-21T16:07:31.000Z</time>
      </trkpt>
      <trkpt lat="42.251787" lon="-6.768602">
        <ele>1903.5</ele>
        <time>2020-06-21T16:07:58.000Z</time>
      </trkpt>
      <trkpt lat="42.251750" lon="-6.768554">
        <ele>1903.8</ele>
        <time>2020-06-21T16:08:05.000Z</time>
      </trkpt>
      <trkpt lat="42.251703" lon="-6.768535">
        <ele>1903.6</ele>
        <time>2020-06-21T16:08:12.000Z</time>
      </trkpt>
      <trkpt lat="42.251657" lon="-6.768513">
        <ele>1903.4</ele>
        <time>2020-06-21T16:08:18.000Z</time>
      </trkpt>
      <trkpt lat="42.251698" lon="-6.768485">
        <ele>1902.1</ele>
        <time>2020-06-21T16:08:48.000Z</time>
      </trkpt>
      <trkpt lat="42.251742" lon="-6.768514">
        <ele>1901.5</ele>
        <time>2020-06-21T16:08:54.000Z</time>
      </trkpt>
      <trkpt lat="42.251782" lon="-6.768553">
        <ele>1901.3</ele>
        <time>2020-06-21T16:09:00.000Z</time>
      </trkpt>
      <trkpt lat="42.251774" lon="-6.768616">
        <ele>1901.8</ele>
        <time>2020-06-21T16:09:49.000Z</time>
      </trkpt>
      <trkpt lat="42.251805" lon="-6.768664">
        <ele>1901.6</ele>
        <time>2020-06-21T16:09:58.000Z</time>
      </trkpt>
      <trkpt lat="42.251847" lon="-6.768698">
        <ele>1901.3</ele>
        <time>2020-06-21T16:10:04.000Z</time>
      </trkpt>
      <trkpt lat="42.251886" lon="-6.768731">
        <ele>1901.3</ele>
        <time>2020-06-21T16:10:09.000Z</time>
      </trkpt>
      <trkpt lat="42.251931" lon="-6.768747">
        <ele>1901.4</ele>
        <time>2020-06-21T16:10:13.000Z</time>
      </trkpt>
      <trkpt lat="42.251973" lon="-6.768774">
        <ele>1901.6</ele>
        <time>2020-06-21T16:10:18.000Z</time>
      </trkpt>
      <trkpt lat="42.252019" lon="-6.768784">
        <ele>1901.8</ele>
        <time>2020-06-21T16:10:23.000Z</time>
      </trkpt>
      <trkpt lat="42.252068" lon="-6.768784">
        <ele>1902.3</ele>
        <time>2020-06-21T16:10:30.000Z</time>
      </trkpt>
      <trkpt lat="42.252113" lon="-6.768779">
        <ele>1902.7</ele>
        <time>2020-06-21T16:10:34.000Z</time>
      </trkpt>
      <trkpt lat="42.252163" lon="-6.768799">
        <ele>1903.2</ele>
        <time>2020-06-21T16:10:39.000Z</time>
      </trkpt>
      <trkpt lat="42.252202" lon="-6.768838">
        <ele>1903.7</ele>
        <time>2020-06-21T16:10:46.000Z</time>
      </trkpt>
      <trkpt lat="42.252230" lon="-6.768885">
        <ele>1904.3</ele>
        <time>2020-06-21T16:10:51.000Z</time>
      </trkpt>
      <trkpt lat="42.252242" lon="-6.768948">
        <ele>1905.0</ele>
        <time>2020-06-21T16:10:58.000Z</time>
      </trkpt>
      <trkpt lat="42.252287" lon="-6.768963">
        <ele>1905.9</ele>
        <time>2020-06-21T16:11:08.000Z</time>
      </trkpt>
      <trkpt lat="42.252329" lon="-6.769003">
        <ele>1906.8</ele>
        <time>2020-06-21T16:11:14.000Z</time>
      </trkpt>
      <trkpt lat="42.252359" lon="-6.769055">
        <ele>1907.8</ele>
        <time>2020-06-21T16:11:19.000Z</time>
      </trkpt>
      <trkpt lat="42.252403" lon="-6.769076">
        <ele>1908.4</ele>
        <time>2020-06-21T16:11:28.000Z</time>
      </trkpt>
      <trkpt lat="42.252448" lon="-6.769095">
        <ele>1909.1</ele>
        <time>2020-06-21T16:11:33.000Z</time>
      </trkpt>
      <trkpt lat="42.252494" lon="-6.769099">
        <ele>1909.5</ele>
        <time>2020-06-21T16:11:39.000Z</time>
      </trkpt>
      <trkpt lat="42.252543" lon="-6.769118">
        <ele>1910.1</ele>
        <time>2020-06-21T16:11:45.000Z</time>
      </trkpt>
      <trkpt lat="42.252585" lon="-6.769145">
        <ele>1910.6</ele>
        <time>2020-06-21T16:11:49.000Z</time>
      </trkpt>
      <trkpt lat="42.252619" lon="-6.769198">
        <ele>1910.9</ele>
        <time>2020-06-21T16:11:55.000Z</time>
      </trkpt>
      <trkpt lat="42.252641" lon="-6.769255">
        <ele>1911.2</ele>
        <time>2020-06-21T16:12:00.000Z</time>
      </trkpt>
      <trkpt lat="42.252664" lon="-6.769318">
        <ele>1911.4</ele>
        <time>2020-06-21T16:12:08.000Z</time>
      </trkpt>
      <trkpt lat="42.252690" lon="-6.769374">
        <ele>1911.6</ele>
        <time>2020-06-21T16:12:14.000Z</time>
      </trkpt>
      <trkpt lat="42.252731" lon="-6.769411">
        <ele>1911.7</ele>
        <time>2020-06-21T16:12:20.000Z</time>
      </trkpt>
      <trkpt lat="42.252774" lon="-6.769450">
        <ele>1911.9</ele>
        <time>2020-06-21T16:12:24.000Z</time>
      </trkpt>
      <trkpt lat="42.252821" lon="-6.769458">
        <ele>1911.9</ele>
        <time>2020-06-21T16:12:29.000Z</time>
      </trkpt>
      <trkpt lat="42.252867" lon="-6.769467">
        <ele>1911.7</ele>
        <time>2020-06-21T16:12:33.000Z</time>
      </trkpt>
      <trkpt lat="42.252919" lon="-6.769484">
        <ele>1911.6</ele>
        <time>2020-06-21T16:12:38.000Z</time>
      </trkpt>
      <trkpt lat="42.252963" lon="-6.769499">
        <ele>1911.5</ele>
        <time>2020-06-21T16:12:44.000Z</time>
      </trkpt>
      <trkpt lat="42.253014" lon="-6.769505">
        <ele>1911.2</ele>
        <time>2020-06-21T16:12:49.000Z</time>
      </trkpt>
      <trkpt lat="42.253060" lon="-6.769514">
        <ele>1910.8</ele>
        <time>2020-06-21T16:12:54.000Z</time>
      </trkpt>
      <trkpt lat="42.253101" lon="-6.769549">
        <ele>1910.1</ele>
        <time>2020-06-21T16:13:01.000Z</time>
      </trkpt>
      <trkpt lat="42.253150" lon="-6.769577">
        <ele>1909.5</ele>
        <time>2020-06-21T16:13:06.000Z</time>
      </trkpt>
      <trkpt lat="42.253196" lon="-6.769603">
        <ele>1908.9</ele>
        <time>2020-06-21T16:13:09.000Z</time>
      </trkpt>
      <trkpt lat="42.253242" lon="-6.769622">
        <ele>1908.2</ele>
        <time>2020-06-21T16:13:13.000Z</time>
      </trkpt>
      <trkpt lat="42.253283" lon="-6.769655">
        <ele>1907.8</ele>
        <time>2020-06-21T16:13:17.000Z</time>
      </trkpt>
      <trkpt lat="42.253330" lon="-6.769688">
        <ele>1907.3</ele>
        <time>2020-06-21T16:13:21.000Z</time>
      </trkpt>
      <trkpt lat="42.253376" lon="-6.769703">
        <ele>1906.9</ele>
        <time>2020-06-21T16:13:26.000Z</time>
      </trkpt>
      <trkpt lat="42.253421" lon="-6.769709">
        <ele>1906.7</ele>
        <time>2020-06-21T16:13:31.000Z</time>
      </trkpt>
      <trkpt lat="42.253472" lon="-6.769724">
        <ele>1906.6</ele>
        <time>2020-06-21T16:13:36.000Z</time>
      </trkpt>
      <trkpt lat="42.253520" lon="-6.769744">
        <ele>1906.6</ele>
        <time>2020-06-21T16:13:40.000Z</time>
      </trkpt>
      <trkpt lat="42.253570" lon="-6.769755">
        <ele>1906.4</ele>
        <time>2020-06-21T16:13:44.000Z</time>
      </trkpt>
      <trkpt lat="42.253616" lon="-6.769771">
        <ele>1906.5</ele>
        <time>2020-06-21T16:13:48.000Z</time>
      </trkpt>
      <trkpt lat="42.253661" lon="-6.769799">
        <ele>1906.6</ele>
        <time>2020-06-21T16:13:52.000Z</time>
      </trkpt>
      <trkpt lat="42.253708" lon="-6.769819">
        <ele>1906.8</ele>
        <time>2020-06-21T16:13:57.000Z</time>
      </trkpt>
      <trkpt lat="42.253753" lon="-6.769841">
        <ele>1906.9</ele>
        <time>2020-06-21T16:14:01.000Z</time>
      </trkpt>
      <trkpt lat="42.253802" lon="-6.769868">
        <ele>1907.1</ele>
        <time>2020-06-21T16:14:06.000Z</time>
      </trkpt>
      <trkpt lat="42.253843" lon="-6.769898">
        <ele>1907.1</ele>
        <time>2020-06-21T16:14:10.000Z</time>
      </trkpt>
      <trkpt lat="42.253875" lon="-6.769950">
        <ele>1907.0</ele>
        <time>2020-06-21T16:14:15.000Z</time>
      </trkpt>
      <trkpt lat="42.253894" lon="-6.770007">
        <ele>1907.1</ele>
        <time>2020-06-21T16:14:20.000Z</time>
      </trkpt>
      <trkpt lat="42.253933" lon="-6.770047">
        <ele>1907.1</ele>
        <time>2020-06-21T16:14:26.000Z</time>
      </trkpt>
      <trkpt lat="42.253975" lon="-6.770071">
        <ele>1907.3</ele>
        <time>2020-06-21T16:14:30.000Z</time>
      </trkpt>
      <trkpt lat="42.254025" lon="-6.770095">
        <ele>1907.3</ele>
        <time>2020-06-21T16:14:36.000Z</time>
      </trkpt>
      <trkpt lat="42.254070" lon="-6.770118">
        <ele>1907.3</ele>
        <time>2020-06-21T16:14:41.000Z</time>
      </trkpt>
      <trkpt lat="42.254110" lon="-6.770156">
        <ele>1907.4</ele>
        <time>2020-06-21T16:14:45.000Z</time>
      </trkpt>
      <trkpt lat="42.254152" lon="-6.770194">
        <ele>1907.6</ele>
        <time>2020-06-21T16:14:49.000Z</time>
      </trkpt>
      <trkpt lat="42.254202" lon="-6.770218">
        <ele>1908.2</ele>
        <time>2020-06-21T16:14:55.000Z</time>
      </trkpt>
      <trkpt lat="42.254249" lon="-6.770238">
        <ele>1908.4</ele>
        <time>2020-06-21T16:15:00.000Z</time>
      </trkpt>
      <trkpt lat="42.254288" lon="-6.770277">
        <ele>1908.7</ele>
        <time>2020-06-21T16:15:05.000Z</time>
      </trkpt>
      <trkpt lat="42.254327" lon="-6.770323">
        <ele>1909.1</ele>
        <time>2020-06-21T16:15:09.000Z</time>
      </trkpt>
      <trkpt lat="42.254366" lon="-6.770356">
        <ele>1909.6</ele>
        <time>2020-06-21T16:15:13.000Z</time>
      </trkpt>
      <trkpt lat="42.254403" lon="-6.770402">
        <ele>1910.4</ele>
        <time>2020-06-21T16:15:18.000Z</time>
      </trkpt>
      <trkpt lat="42.254452" lon="-6.770422">
        <ele>1911.1</ele>
        <time>2020-06-21T16:15:25.000Z</time>
      </trkpt>
      <trkpt lat="42.254498" lon="-6.770429">
        <ele>1911.5</ele>
        <time>2020-06-21T16:15:30.000Z</time>
      </trkpt>
      <trkpt lat="42.254543" lon="-6.770448">
        <ele>1911.8</ele>
        <time>2020-06-21T16:15:35.000Z</time>
      </trkpt>
      <trkpt lat="42.254588" lon="-6.770469">
        <ele>1912.1</ele>
        <time>2020-06-21T16:15:40.000Z</time>
      </trkpt>
      <trkpt lat="42.254637" lon="-6.770479">
        <ele>1912.4</ele>
        <time>2020-06-21T16:15:45.000Z</time>
      </trkpt>
      <trkpt lat="42.254685" lon="-6.770492">
        <ele>1912.6</ele>
        <time>2020-06-21T16:15:49.000Z</time>
      </trkpt>
      <trkpt lat="42.254732" lon="-6.770483">
        <ele>1912.8</ele>
        <time>2020-06-21T16:15:54.000Z</time>
      </trkpt>
      <trkpt lat="42.254771" lon="-6.770453">
        <ele>1912.9</ele>
        <time>2020-06-21T16:15:58.000Z</time>
      </trkpt>
      <trkpt lat="42.254818" lon="-6.770443">
        <ele>1912.9</ele>
        <time>2020-06-21T16:16:03.000Z</time>
      </trkpt>
      <trkpt lat="42.254867" lon="-6.770445">
        <ele>1913.0</ele>
        <time>2020-06-21T16:16:07.000Z</time>
      </trkpt>
      <trkpt lat="42.254916" lon="-6.770464">
        <ele>1913.1</ele>
        <time>2020-06-21T16:16:14.000Z</time>
      </trkpt>
      <trkpt lat="42.254957" lon="-6.770491">
        <ele>1913.5</ele>
        <time>2020-06-21T16:16:18.000Z</time>
      </trkpt>
      <trkpt lat="42.255003" lon="-6.770497">
        <ele>1913.6</ele>
        <time>2020-06-21T16:16:22.000Z</time>
      </trkpt>
      <trkpt lat="42.255045" lon="-6.770528">
        <ele>1913.8</ele>
        <time>2020-06-21T16:16:26.000Z</time>
      </trkpt>
      <trkpt lat="42.255090" lon="-6.770555">
        <ele>1914.0</ele>
        <time>2020-06-21T16:16:32.000Z</time>
      </trkpt>
      <trkpt lat="42.255135" lon="-6.770551">
        <ele>1913.8</ele>
        <time>2020-06-21T16:16:36.000Z</time>
      </trkpt>
      <trkpt lat="42.255186" lon="-6.770553">
        <ele>1913.8</ele>
        <time>2020-06-21T16:16:39.000Z</time>
      </trkpt>
      <trkpt lat="42.255238" lon="-6.770550">
        <ele>1913.5</ele>
        <time>2020-06-21T16:16:43.000Z</time>
      </trkpt>
      <trkpt lat="42.255288" lon="-6.770553">
        <ele>1913.3</ele>
        <time>2020-06-21T16:16:46.000Z</time>
      </trkpt>
      <trkpt lat="42.255334" lon="-6.770568">
        <ele>1912.6</ele>
        <time>2020-06-21T16:16:50.000Z</time>
      </trkpt>
      <trkpt lat="42.255471" lon="-6.770588">
        <ele>1909.0</ele>
        <time>2020-06-21T16:17:01.000Z</time>
      </trkpt>
      <trkpt lat="42.255515" lon="-6.770624">
        <ele>1908.2</ele>
        <time>2020-06-21T16:17:05.000Z</time>
      </trkpt>
      <trkpt lat="42.255560" lon="-6.770667">
        <ele>1907.4</ele>
        <time>2020-06-21T16:17:09.000Z</time>
      </trkpt>
      <trkpt lat="42.255605" lon="-6.770677">
        <ele>1906.3</ele>
        <time>2020-06-21T16:17:14.000Z</time>
      </trkpt>
      <trkpt lat="42.255654" lon="-6.770689">
        <ele>1905.3</ele>
        <time>2020-06-21T16:17:18.000Z</time>
      </trkpt>
      <trkpt lat="42.255702" lon="-6.770698">
        <ele>1904.2</ele>
        <time>2020-06-21T16:17:22.000Z</time>
      </trkpt>
      <trkpt lat="42.255748" lon="-6.770669">
        <ele>1903.0</ele>
        <time>2020-06-21T16:17:26.000Z</time>
      </trkpt>
      <trkpt lat="42.255794" lon="-6.770655">
        <ele>1901.9</ele>
        <time>2020-06-21T16:17:30.000Z</time>
      </trkpt>
      <trkpt lat="42.255841" lon="-6.770642">
        <ele>1901.0</ele>
        <time>2020-06-21T16:17:33.000Z</time>
      </trkpt>
      <trkpt lat="42.255886" lon="-6.770636">
        <ele>1900.3</ele>
        <time>2020-06-21T16:17:37.000Z</time>
      </trkpt>
      <trkpt lat="42.255932" lon="-6.770643">
        <ele>1899.8</ele>
        <time>2020-06-21T16:17:43.000Z</time>
      </trkpt>
      <trkpt lat="42.255940" lon="-6.770704">
        <ele>1899.0</ele>
        <time>2020-06-21T16:18:01.000Z</time>
      </trkpt>
      <trkpt lat="42.255981" lon="-6.770747">
        <ele>1898.3</ele>
        <time>2020-06-21T16:18:05.000Z</time>
      </trkpt>
      <trkpt lat="42.256016" lon="-6.770789">
        <ele>1897.0</ele>
        <time>2020-06-21T16:18:10.000Z</time>
      </trkpt>
      <trkpt lat="42.256053" lon="-6.770753">
        <ele>1895.9</ele>
        <time>2020-06-21T16:18:14.000Z</time>
      </trkpt>
      <trkpt lat="42.256095" lon="-6.770722">
        <ele>1894.9</ele>
        <time>2020-06-21T16:18:18.000Z</time>
      </trkpt>
      <trkpt lat="42.256125" lon="-6.770768">
        <ele>1893.8</ele>
        <time>2020-06-21T16:18:22.000Z</time>
      </trkpt>
      <trkpt lat="42.256153" lon="-6.770816">
        <ele>1892.6</ele>
        <time>2020-06-21T16:18:28.000Z</time>
      </trkpt>
      <trkpt lat="42.256197" lon="-6.770841">
        <ele>1891.5</ele>
        <time>2020-06-21T16:18:32.000Z</time>
      </trkpt>
      <trkpt lat="42.256247" lon="-6.770867">
        <ele>1890.6</ele>
        <time>2020-06-21T16:18:37.000Z</time>
      </trkpt>
      <trkpt lat="42.256286" lon="-6.770897">
        <ele>1889.6</ele>
        <time>2020-06-21T16:18:41.000Z</time>
      </trkpt>
      <trkpt lat="42.256326" lon="-6.770935">
        <ele>1888.5</ele>
        <time>2020-06-21T16:18:47.000Z</time>
      </trkpt>
      <trkpt lat="42.256340" lon="-6.771000">
        <ele>1887.5</ele>
        <time>2020-06-21T16:18:55.000Z</time>
      </trkpt>
      <trkpt lat="42.256342" lon="-6.771065">
        <ele>1886.7</ele>
        <time>2020-06-21T16:18:59.000Z</time>
      </trkpt>
      <trkpt lat="42.256381" lon="-6.771109">
        <ele>1885.6</ele>
        <time>2020-06-21T16:19:06.000Z</time>
      </trkpt>
      <trkpt lat="42.256427" lon="-6.771117">
        <ele>1884.3</ele>
        <time>2020-06-21T16:19:13.000Z</time>
      </trkpt>
      <trkpt lat="42.256459" lon="-6.771065">
        <ele>1882.4</ele>
        <time>2020-06-21T16:19:20.000Z</time>
      </trkpt>
      <trkpt lat="42.256501" lon="-6.771036">
        <ele>1880.6</ele>
        <time>2020-06-21T16:19:26.000Z</time>
      </trkpt>
      <trkpt lat="42.256528" lon="-6.771089">
        <ele>1879.1</ele>
        <time>2020-06-21T16:19:32.000Z</time>
      </trkpt>
      <trkpt lat="42.256561" lon="-6.771134">
        <ele>1877.5</ele>
        <time>2020-06-21T16:19:40.000Z</time>
      </trkpt>
      <trkpt lat="42.256596" lon="-6.771095">
        <ele>1875.8</ele>
        <time>2020-06-21T16:19:44.000Z</time>
      </trkpt>
      <trkpt lat="42.256624" lon="-6.771046">
        <ele>1874.0</ele>
        <time>2020-06-21T16:19:49.000Z</time>
      </trkpt>
      <trkpt lat="42.256655" lon="-6.770997">
        <ele>1872.0</ele>
        <time>2020-06-21T16:19:56.000Z</time>
      </trkpt>
      <trkpt lat="42.256685" lon="-6.770949">
        <ele>1869.8</ele>
        <time>2020-06-21T16:20:01.000Z</time>
      </trkpt>
      <trkpt lat="42.256721" lon="-6.770911">
        <ele>1868.1</ele>
        <time>2020-06-21T16:20:05.000Z</time>
      </trkpt>
      <trkpt lat="42.256760" lon="-6.770866">
        <ele>1866.5</ele>
        <time>2020-06-21T16:20:10.000Z</time>
      </trkpt>
      <trkpt lat="42.256792" lon="-6.770815">
        <ele>1864.6</ele>
        <time>2020-06-21T16:20:14.000Z</time>
      </trkpt>
      <trkpt lat="42.256816" lon="-6.770759">
        <ele>1863.1</ele>
        <time>2020-06-21T16:20:17.000Z</time>
      </trkpt>
      <trkpt lat="42.256840" lon="-6.770697">
        <ele>1862.2</ele>
        <time>2020-06-21T16:20:21.000Z</time>
      </trkpt>
      <trkpt lat="42.256856" lon="-6.770628">
        <ele>1861.4</ele>
        <time>2020-06-21T16:20:25.000Z</time>
      </trkpt>
      <trkpt lat="42.256882" lon="-6.770578">
        <ele>1860.6</ele>
        <time>2020-06-21T16:20:30.000Z</time>
      </trkpt>
      <trkpt lat="42.256922" lon="-6.770540">
        <ele>1859.4</ele>
        <time>2020-06-21T16:20:34.000Z</time>
      </trkpt>
      <trkpt lat="42.256961" lon="-6.770503">
        <ele>1858.4</ele>
        <time>2020-06-21T16:20:37.000Z</time>
      </trkpt>
      <trkpt lat="42.256994" lon="-6.770456">
        <ele>1857.4</ele>
        <time>2020-06-21T16:20:41.000Z</time>
      </trkpt>
      <trkpt lat="42.257020" lon="-6.770406">
        <ele>1856.3</ele>
        <time>2020-06-21T16:20:44.000Z</time>
      </trkpt>
      <trkpt lat="42.257029" lon="-6.770340">
        <ele>1855.5</ele>
        <time>2020-06-21T16:20:48.000Z</time>
      </trkpt>
      <trkpt lat="42.257024" lon="-6.770276">
        <ele>1854.5</ele>
        <time>2020-06-21T16:20:51.000Z</time>
      </trkpt>
      <trkpt lat="42.257032" lon="-6.770215">
        <ele>1853.6</ele>
        <time>2020-06-21T16:20:55.000Z</time>
      </trkpt>
      <trkpt lat="42.257048" lon="-6.770157">
        <ele>1852.6</ele>
        <time>2020-06-21T16:21:00.000Z</time>
      </trkpt>
      <trkpt lat="42.257085" lon="-6.770115">
        <ele>1851.9</ele>
        <time>2020-06-21T16:21:03.000Z</time>
      </trkpt>
      <trkpt lat="42.257122" lon="-6.770072">
        <ele>1851.5</ele>
        <time>2020-06-21T16:21:07.000Z</time>
      </trkpt>
      <trkpt lat="42.257156" lon="-6.770017">
        <ele>1851.7</ele>
        <time>2020-06-21T16:21:11.000Z</time>
      </trkpt>
      <trkpt lat="42.257194" lon="-6.769968">
        <ele>1851.8</ele>
        <time>2020-06-21T16:21:15.000Z</time>
      </trkpt>
      <trkpt lat="42.257226" lon="-6.769925">
        <ele>1851.5</ele>
        <time>2020-06-21T16:21:19.000Z</time>
      </trkpt>
      <trkpt lat="42.257254" lon="-6.769875">
        <ele>1851.1</ele>
        <time>2020-06-21T16:21:23.000Z</time>
      </trkpt>
      <trkpt lat="42.257285" lon="-6.769829">
        <ele>1849.7</ele>
        <time>2020-06-21T16:21:28.000Z</time>
      </trkpt>
      <trkpt lat="42.257321" lon="-6.769784">
        <ele>1848.3</ele>
        <time>2020-06-21T16:21:33.000Z</time>
      </trkpt>
      <trkpt lat="42.257346" lon="-6.769727">
        <ele>1847.2</ele>
        <time>2020-06-21T16:21:38.000Z</time>
      </trkpt>
      <trkpt lat="42.257372" lon="-6.769675">
        <ele>1846.0</ele>
        <time>2020-06-21T16:21:43.000Z</time>
      </trkpt>
      <trkpt lat="42.257406" lon="-6.769621">
        <ele>1844.7</ele>
        <time>2020-06-21T16:21:52.000Z</time>
      </trkpt>
      <trkpt lat="42.257442" lon="-6.769578">
        <ele>1843.3</ele>
        <time>2020-06-21T16:21:56.000Z</time>
      </trkpt>
      <trkpt lat="42.257478" lon="-6.769533">
        <ele>1842.4</ele>
        <time>2020-06-21T16:22:00.000Z</time>
      </trkpt>
      <trkpt lat="42.257516" lon="-6.769487">
        <ele>1841.5</ele>
        <time>2020-06-21T16:22:06.000Z</time>
      </trkpt>
      <trkpt lat="42.257561" lon="-6.769474">
        <ele>1840.9</ele>
        <time>2020-06-21T16:22:10.000Z</time>
      </trkpt>
      <trkpt lat="42.257605" lon="-6.769458">
        <ele>1840.3</ele>
        <time>2020-06-21T16:22:13.000Z</time>
      </trkpt>
      <trkpt lat="42.257655" lon="-6.769434">
        <ele>1840.0</ele>
        <time>2020-06-21T16:22:17.000Z</time>
      </trkpt>
      <trkpt lat="42.257693" lon="-6.769398">
        <ele>1839.5</ele>
        <time>2020-06-21T16:22:21.000Z</time>
      </trkpt>
      <trkpt lat="42.257736" lon="-6.769361">
        <ele>1838.8</ele>
        <time>2020-06-21T16:22:26.000Z</time>
      </trkpt>
      <trkpt lat="42.257771" lon="-6.769313">
        <ele>1838.2</ele>
        <time>2020-06-21T16:22:30.000Z</time>
      </trkpt>
      <trkpt lat="42.257803" lon="-6.769257">
        <ele>1837.4</ele>
        <time>2020-06-21T16:22:36.000Z</time>
      </trkpt>
      <trkpt lat="42.257836" lon="-6.769215">
        <ele>1836.8</ele>
        <time>2020-06-21T16:22:40.000Z</time>
      </trkpt>
      <trkpt lat="42.257860" lon="-6.769159">
        <ele>1836.4</ele>
        <time>2020-06-21T16:22:47.000Z</time>
      </trkpt>
      <trkpt lat="42.257897" lon="-6.769123">
        <ele>1836.1</ele>
        <time>2020-06-21T16:22:51.000Z</time>
      </trkpt>
      <trkpt lat="42.257933" lon="-6.769085">
        <ele>1835.9</ele>
        <time>2020-06-21T16:22:55.000Z</time>
      </trkpt>
      <trkpt lat="42.257971" lon="-6.769051">
        <ele>1835.8</ele>
        <time>2020-06-21T16:22:59.000Z</time>
      </trkpt>
      <trkpt lat="42.258018" lon="-6.769027">
        <ele>1835.5</ele>
        <time>2020-06-21T16:23:03.000Z</time>
      </trkpt>
      <trkpt lat="42.258062" lon="-6.768993">
        <ele>1835.5</ele>
        <time>2020-06-21T16:23:06.000Z</time>
      </trkpt>
      <trkpt lat="42.258103" lon="-6.768950">
        <ele>1835.5</ele>
        <time>2020-06-21T16:23:11.000Z</time>
      </trkpt>
      <trkpt lat="42.258145" lon="-6.768915">
        <ele>1835.7</ele>
        <time>2020-06-21T16:23:15.000Z</time>
      </trkpt>
      <trkpt lat="42.258187" lon="-6.768880">
        <ele>1835.8</ele>
        <time>2020-06-21T16:23:20.000Z</time>
      </trkpt>
      <trkpt lat="42.258224" lon="-6.768834">
        <ele>1836.3</ele>
        <time>2020-06-21T16:23:24.000Z</time>
      </trkpt>
      <trkpt lat="42.258267" lon="-6.768815">
        <ele>1836.7</ele>
        <time>2020-06-21T16:23:28.000Z</time>
      </trkpt>
      <trkpt lat="42.258306" lon="-6.768783">
        <ele>1837.1</ele>
        <time>2020-06-21T16:23:32.000Z</time>
      </trkpt>
      <trkpt lat="42.258350" lon="-6.768750">
        <ele>1837.4</ele>
        <time>2020-06-21T16:23:37.000Z</time>
      </trkpt>
      <trkpt lat="42.258394" lon="-6.768719">
        <ele>1838.1</ele>
        <time>2020-06-21T16:23:41.000Z</time>
      </trkpt>
      <trkpt lat="42.258431" lon="-6.768681">
        <ele>1838.3</ele>
        <time>2020-06-21T16:23:45.000Z</time>
      </trkpt>
      <trkpt lat="42.258473" lon="-6.768651">
        <ele>1838.5</ele>
        <time>2020-06-21T16:23:49.000Z</time>
      </trkpt>
      <trkpt lat="42.258513" lon="-6.768621">
        <ele>1838.4</ele>
        <time>2020-06-21T16:23:53.000Z</time>
      </trkpt>
      <trkpt lat="42.258539" lon="-6.768572">
        <ele>1838.3</ele>
        <time>2020-06-21T16:23:57.000Z</time>
      </trkpt>
      <trkpt lat="42.258565" lon="-6.768522">
        <ele>1838.1</ele>
        <time>2020-06-21T16:24:02.000Z</time>
      </trkpt>
      <trkpt lat="42.258600" lon="-6.768472">
        <ele>1838.0</ele>
        <time>2020-06-21T16:24:06.000Z</time>
      </trkpt>
      <trkpt lat="42.258641" lon="-6.768439">
        <ele>1838.1</ele>
        <time>2020-06-21T16:24:10.000Z</time>
      </trkpt>
      <trkpt lat="42.258674" lon="-6.768396">
        <ele>1838.2</ele>
        <time>2020-06-21T16:24:14.000Z</time>
      </trkpt>
      <trkpt lat="42.258706" lon="-6.768353">
        <ele>1838.3</ele>
        <time>2020-06-21T16:24:18.000Z</time>
      </trkpt>
      <trkpt lat="42.258750" lon="-6.768321">
        <ele>1838.5</ele>
        <time>2020-06-21T16:24:22.000Z</time>
      </trkpt>
      <trkpt lat="42.258791" lon="-6.768292">
        <ele>1838.7</ele>
        <time>2020-06-21T16:24:27.000Z</time>
      </trkpt>
      <trkpt lat="42.258836" lon="-6.768269">
        <ele>1839.0</ele>
        <time>2020-06-21T16:24:31.000Z</time>
      </trkpt>
      <trkpt lat="42.258885" lon="-6.768243">
        <ele>1839.1</ele>
        <time>2020-06-21T16:24:35.000Z</time>
      </trkpt>
      <trkpt lat="42.258928" lon="-6.768208">
        <ele>1839.1</ele>
        <time>2020-06-21T16:24:38.000Z</time>
      </trkpt>
      <trkpt lat="42.258973" lon="-6.768175">
        <ele>1839.2</ele>
        <time>2020-06-21T16:24:43.000Z</time>
      </trkpt>
      <trkpt lat="42.259017" lon="-6.768157">
        <ele>1839.5</ele>
        <time>2020-06-21T16:24:46.000Z</time>
      </trkpt>
      <trkpt lat="42.259068" lon="-6.768126">
        <ele>1839.4</ele>
        <time>2020-06-21T16:24:50.000Z</time>
      </trkpt>
      <trkpt lat="42.259109" lon="-6.768091">
        <ele>1839.0</ele>
        <time>2020-06-21T16:24:54.000Z</time>
      </trkpt>
      <trkpt lat="42.259148" lon="-6.768060">
        <ele>1838.6</ele>
        <time>2020-06-21T16:24:58.000Z</time>
      </trkpt>
      <trkpt lat="42.259191" lon="-6.768038">
        <ele>1837.9</ele>
        <time>2020-06-21T16:25:02.000Z</time>
      </trkpt>
      <trkpt lat="42.259231" lon="-6.768001">
        <ele>1837.0</ele>
        <time>2020-06-21T16:25:06.000Z</time>
      </trkpt>
      <trkpt lat="42.259272" lon="-6.767973">
        <ele>1836.4</ele>
        <time>2020-06-21T16:25:10.000Z</time>
      </trkpt>
      <trkpt lat="42.259314" lon="-6.767946">
        <ele>1836.0</ele>
        <time>2020-06-21T16:25:13.000Z</time>
      </trkpt>
      <trkpt lat="42.259362" lon="-6.767912">
        <ele>1835.5</ele>
        <time>2020-06-21T16:25:17.000Z</time>
      </trkpt>
      <trkpt lat="42.259398" lon="-6.767868">
        <ele>1834.9</ele>
        <time>2020-06-21T16:25:21.000Z</time>
      </trkpt>
      <trkpt lat="42.259432" lon="-6.767820">
        <ele>1834.6</ele>
        <time>2020-06-21T16:25:26.000Z</time>
      </trkpt>
      <trkpt lat="42.259475" lon="-6.767794">
        <ele>1834.6</ele>
        <time>2020-06-21T16:25:30.000Z</time>
      </trkpt>
      <trkpt lat="42.259517" lon="-6.767754">
        <ele>1834.5</ele>
        <time>2020-06-21T16:25:35.000Z</time>
      </trkpt>
      <trkpt lat="42.259561" lon="-6.767718">
        <ele>1834.7</ele>
        <time>2020-06-21T16:25:39.000Z</time>
      </trkpt>
      <trkpt lat="42.259607" lon="-6.767701">
        <ele>1834.6</ele>
        <time>2020-06-21T16:25:43.000Z</time>
      </trkpt>
      <trkpt lat="42.259653" lon="-6.767685">
        <ele>1834.6</ele>
        <time>2020-06-21T16:25:47.000Z</time>
      </trkpt>
      <trkpt lat="42.259698" lon="-6.767664">
        <ele>1834.7</ele>
        <time>2020-06-21T16:25:51.000Z</time>
      </trkpt>
      <trkpt lat="42.259745" lon="-6.767637">
        <ele>1835.0</ele>
        <time>2020-06-21T16:25:57.000Z</time>
      </trkpt>
      <trkpt lat="42.259787" lon="-6.767615">
        <ele>1835.2</ele>
        <time>2020-06-21T16:26:02.000Z</time>
      </trkpt>
      <trkpt lat="42.259831" lon="-6.767596">
        <ele>1835.7</ele>
        <time>2020-06-21T16:26:07.000Z</time>
      </trkpt>
      <trkpt lat="42.259876" lon="-6.767576">
        <ele>1836.0</ele>
        <time>2020-06-21T16:26:11.000Z</time>
      </trkpt>
      <trkpt lat="42.259929" lon="-6.767569">
        <ele>1836.3</ele>
        <time>2020-06-21T16:26:15.000Z</time>
      </trkpt>
      <trkpt lat="42.259975" lon="-6.767560">
        <ele>1836.8</ele>
        <time>2020-06-21T16:26:18.000Z</time>
      </trkpt>
      <trkpt lat="42.260019" lon="-6.767543">
        <ele>1836.9</ele>
        <time>2020-06-21T16:26:21.000Z</time>
      </trkpt>
      <trkpt lat="42.260072" lon="-6.767524">
        <ele>1837.3</ele>
        <time>2020-06-21T16:26:26.000Z</time>
      </trkpt>
      <trkpt lat="42.260120" lon="-6.767514">
        <ele>1837.4</ele>
        <time>2020-06-21T16:26:29.000Z</time>
      </trkpt>
      <trkpt lat="42.260164" lon="-6.767497">
        <ele>1837.2</ele>
        <time>2020-06-21T16:26:34.000Z</time>
      </trkpt>
      <trkpt lat="42.260208" lon="-6.767461">
        <ele>1837.0</ele>
        <time>2020-06-21T16:26:38.000Z</time>
      </trkpt>
      <trkpt lat="42.260248" lon="-6.767425">
        <ele>1836.8</ele>
        <time>2020-06-21T16:26:43.000Z</time>
      </trkpt>
      <trkpt lat="42.260293" lon="-6.767406">
        <ele>1836.5</ele>
        <time>2020-06-21T16:26:46.000Z</time>
      </trkpt>
      <trkpt lat="42.260336" lon="-6.767377">
        <ele>1836.4</ele>
        <time>2020-06-21T16:26:55.000Z</time>
      </trkpt>
      <trkpt lat="42.260380" lon="-6.767349">
        <ele>1836.2</ele>
        <time>2020-06-21T16:27:00.000Z</time>
      </trkpt>
      <trkpt lat="42.260431" lon="-6.767326">
        <ele>1836.3</ele>
        <time>2020-06-21T16:27:04.000Z</time>
      </trkpt>
      <trkpt lat="42.260477" lon="-6.767300">
        <ele>1836.4</ele>
        <time>2020-06-21T16:27:07.000Z</time>
      </trkpt>
      <trkpt lat="42.260521" lon="-6.767267">
        <ele>1836.5</ele>
        <time>2020-06-21T16:27:11.000Z</time>
      </trkpt>
      <trkpt lat="42.260563" lon="-6.767236">
        <ele>1836.5</ele>
        <time>2020-06-21T16:27:14.000Z</time>
      </trkpt>
      <trkpt lat="42.260610" lon="-6.767211">
        <ele>1836.6</ele>
        <time>2020-06-21T16:27:18.000Z</time>
      </trkpt>
      <trkpt lat="42.260649" lon="-6.767179">
        <ele>1836.4</ele>
        <time>2020-06-21T16:27:22.000Z</time>
      </trkpt>
      <trkpt lat="42.260694" lon="-6.767150">
        <ele>1836.3</ele>
        <time>2020-06-21T16:27:26.000Z</time>
      </trkpt>
      <trkpt lat="42.260746" lon="-6.767124">
        <ele>1836.4</ele>
        <time>2020-06-21T16:27:31.000Z</time>
      </trkpt>
      <trkpt lat="42.260788" lon="-6.767097">
        <ele>1836.5</ele>
        <time>2020-06-21T16:27:35.000Z</time>
      </trkpt>
      <trkpt lat="42.260831" lon="-6.767061">
        <ele>1836.3</ele>
        <time>2020-06-21T16:27:39.000Z</time>
      </trkpt>
      <trkpt lat="42.260875" lon="-6.767035">
        <ele>1836.1</ele>
        <time>2020-06-21T16:27:43.000Z</time>
      </trkpt>
      <trkpt lat="42.260916" lon="-6.767009">
        <ele>1836.2</ele>
        <time>2020-06-21T16:27:47.000Z</time>
      </trkpt>
      <trkpt lat="42.260960" lon="-6.766988">
        <ele>1836.3</ele>
        <time>2020-06-21T16:27:50.000Z</time>
      </trkpt>
      <trkpt lat="42.261009" lon="-6.766970">
        <ele>1836.6</ele>
        <time>2020-06-21T16:27:56.000Z</time>
      </trkpt>
      <trkpt lat="42.261055" lon="-6.766957">
        <ele>1836.7</ele>
        <time>2020-06-21T16:28:01.000Z</time>
      </trkpt>
      <trkpt lat="42.261110" lon="-6.766945">
        <ele>1836.8</ele>
        <time>2020-06-21T16:28:05.000Z</time>
      </trkpt>
      <trkpt lat="42.261159" lon="-6.766934">
        <ele>1837.0</ele>
        <time>2020-06-21T16:28:09.000Z</time>
      </trkpt>
      <trkpt lat="42.261202" lon="-6.766909">
        <ele>1837.0</ele>
        <time>2020-06-21T16:28:13.000Z</time>
      </trkpt>
      <trkpt lat="42.261245" lon="-6.766878">
        <ele>1837.3</ele>
        <time>2020-06-21T16:28:18.000Z</time>
      </trkpt>
      <trkpt lat="42.261292" lon="-6.766857">
        <ele>1837.7</ele>
        <time>2020-06-21T16:28:22.000Z</time>
      </trkpt>
      <trkpt lat="42.261335" lon="-6.766834">
        <ele>1838.0</ele>
        <time>2020-06-21T16:28:26.000Z</time>
      </trkpt>
      <trkpt lat="42.261380" lon="-6.766817">
        <ele>1838.4</ele>
        <time>2020-06-21T16:28:30.000Z</time>
      </trkpt>
      <trkpt lat="42.261425" lon="-6.766797">
        <ele>1838.6</ele>
        <time>2020-06-21T16:28:34.000Z</time>
      </trkpt>
      <trkpt lat="42.261472" lon="-6.766777">
        <ele>1839.1</ele>
        <time>2020-06-21T16:28:39.000Z</time>
      </trkpt>
      <trkpt lat="42.261514" lon="-6.766747">
        <ele>1839.4</ele>
        <time>2020-06-21T16:28:44.000Z</time>
      </trkpt>
      <trkpt lat="42.261554" lon="-6.766713">
        <ele>1840.0</ele>
        <time>2020-06-21T16:28:48.000Z</time>
      </trkpt>
      <trkpt lat="42.261599" lon="-6.766682">
        <ele>1840.3</ele>
        <time>2020-06-21T16:28:53.000Z</time>
      </trkpt>
      <trkpt lat="42.261643" lon="-6.766652">
        <ele>1840.6</ele>
        <time>2020-06-21T16:28:56.000Z</time>
      </trkpt>
      <trkpt lat="42.261686" lon="-6.766624">
        <ele>1840.9</ele>
        <time>2020-06-21T16:29:00.000Z</time>
      </trkpt>
      <trkpt lat="42.261732" lon="-6.766586">
        <ele>1841.2</ele>
        <time>2020-06-21T16:29:04.000Z</time>
      </trkpt>
      <trkpt lat="42.261775" lon="-6.766555">
        <ele>1841.2</ele>
        <time>2020-06-21T16:29:08.000Z</time>
      </trkpt>
      <trkpt lat="42.261815" lon="-6.766521">
        <ele>1841.0</ele>
        <time>2020-06-21T16:29:12.000Z</time>
      </trkpt>
      <trkpt lat="42.261862" lon="-6.766491">
        <ele>1841.2</ele>
        <time>2020-06-21T16:29:16.000Z</time>
      </trkpt>
      <trkpt lat="42.261897" lon="-6.766450">
        <ele>1841.1</ele>
        <time>2020-06-21T16:29:20.000Z</time>
      </trkpt>
      <trkpt lat="42.261934" lon="-6.766412">
        <ele>1841.1</ele>
        <time>2020-06-21T16:29:24.000Z</time>
      </trkpt>
      <trkpt lat="42.261980" lon="-6.766382">
        <ele>1841.4</ele>
        <time>2020-06-21T16:29:28.000Z</time>
      </trkpt>
      <trkpt lat="42.262025" lon="-6.766359">
        <ele>1841.7</ele>
        <time>2020-06-21T16:29:32.000Z</time>
      </trkpt>
      <trkpt lat="42.262071" lon="-6.766329">
        <ele>1841.5</ele>
        <time>2020-06-21T16:29:36.000Z</time>
      </trkpt>
      <trkpt lat="42.262110" lon="-6.766295">
        <ele>1841.0</ele>
        <time>2020-06-21T16:29:40.000Z</time>
      </trkpt>
      <trkpt lat="42.262152" lon="-6.766265">
        <ele>1840.4</ele>
        <time>2020-06-21T16:29:43.000Z</time>
      </trkpt>
      <trkpt lat="42.262191" lon="-6.766231">
        <ele>1839.6</ele>
        <time>2020-06-21T16:29:47.000Z</time>
      </trkpt>
      <trkpt lat="42.262233" lon="-6.766187">
        <ele>1839.3</ele>
        <time>2020-06-21T16:29:51.000Z</time>
      </trkpt>
      <trkpt lat="42.262265" lon="-6.766138">
        <ele>1839.1</ele>
        <time>2020-06-21T16:29:55.000Z</time>
      </trkpt>
      <trkpt lat="42.262297" lon="-6.766086">
        <ele>1838.9</ele>
        <time>2020-06-21T16:29:58.000Z</time>
      </trkpt>
      <trkpt lat="42.262334" lon="-6.766041">
        <ele>1839.0</ele>
        <time>2020-06-21T16:30:02.000Z</time>
      </trkpt>
      <trkpt lat="42.262370" lon="-6.765987">
        <ele>1839.0</ele>
        <time>2020-06-21T16:30:07.000Z</time>
      </trkpt>
      <trkpt lat="42.262406" lon="-6.765946">
        <ele>1839.1</ele>
        <time>2020-06-21T16:30:11.000Z</time>
      </trkpt>
      <trkpt lat="42.262447" lon="-6.765909">
        <ele>1839.3</ele>
        <time>2020-06-21T16:30:16.000Z</time>
      </trkpt>
      <trkpt lat="42.262483" lon="-6.765863">
        <ele>1839.5</ele>
        <time>2020-06-21T16:30:19.000Z</time>
      </trkpt>
      <trkpt lat="42.262518" lon="-6.765823">
        <ele>1839.9</ele>
        <time>2020-06-21T16:30:23.000Z</time>
      </trkpt>
      <trkpt lat="42.262556" lon="-6.765781">
        <ele>1840.2</ele>
        <time>2020-06-21T16:30:26.000Z</time>
      </trkpt>
      <trkpt lat="42.262590" lon="-6.765731">
        <ele>1840.3</ele>
        <time>2020-06-21T16:30:31.000Z</time>
      </trkpt>
      <trkpt lat="42.262629" lon="-6.765687">
        <ele>1840.7</ele>
        <time>2020-06-21T16:30:35.000Z</time>
      </trkpt>
      <trkpt lat="42.262670" lon="-6.765652">
        <ele>1840.8</ele>
        <time>2020-06-21T16:30:40.000Z</time>
      </trkpt>
      <trkpt lat="42.262709" lon="-6.765614">
        <ele>1841.0</ele>
        <time>2020-06-21T16:30:43.000Z</time>
      </trkpt>
      <trkpt lat="42.262749" lon="-6.765584">
        <ele>1841.3</ele>
        <time>2020-06-21T16:30:49.000Z</time>
      </trkpt>
      <trkpt lat="42.262790" lon="-6.765538">
        <ele>1841.9</ele>
        <time>2020-06-21T16:30:54.000Z</time>
      </trkpt>
      <trkpt lat="42.262828" lon="-6.765496">
        <ele>1842.3</ele>
        <time>2020-06-21T16:30:58.000Z</time>
      </trkpt>
      <trkpt lat="42.262864" lon="-6.765454">
        <ele>1842.9</ele>
        <time>2020-06-21T16:31:03.000Z</time>
      </trkpt>
      <trkpt lat="42.262905" lon="-6.765420">
        <ele>1843.8</ele>
        <time>2020-06-21T16:31:08.000Z</time>
      </trkpt>
      <trkpt lat="42.262951" lon="-6.765389">
        <ele>1844.9</ele>
        <time>2020-06-21T16:31:13.000Z</time>
      </trkpt>
      <trkpt lat="42.262998" lon="-6.765371">
        <ele>1846.0</ele>
        <time>2020-06-21T16:31:18.000Z</time>
      </trkpt>
      <trkpt lat="42.263045" lon="-6.765359">
        <ele>1846.9</ele>
        <time>2020-06-21T16:31:23.000Z</time>
      </trkpt>
      <trkpt lat="42.263094" lon="-6.765353">
        <ele>1847.7</ele>
        <time>2020-06-21T16:31:28.000Z</time>
      </trkpt>
      <trkpt lat="42.263136" lon="-6.765320">
        <ele>1848.2</ele>
        <time>2020-06-21T16:31:32.000Z</time>
      </trkpt>
      <trkpt lat="42.263166" lon="-6.765268">
        <ele>1848.7</ele>
        <time>2020-06-21T16:31:37.000Z</time>
      </trkpt>
      <trkpt lat="42.263188" lon="-6.765209">
        <ele>1849.0</ele>
        <time>2020-06-21T16:31:40.000Z</time>
      </trkpt>
      <trkpt lat="42.263218" lon="-6.765155">
        <ele>1848.8</ele>
        <time>2020-06-21T16:31:44.000Z</time>
      </trkpt>
      <trkpt lat="42.263249" lon="-6.765105">
        <ele>1848.5</ele>
        <time>2020-06-21T16:31:48.000Z</time>
      </trkpt>
      <trkpt lat="42.263282" lon="-6.765060">
        <ele>1848.3</ele>
        <time>2020-06-21T16:31:52.000Z</time>
      </trkpt>
      <trkpt lat="42.263323" lon="-6.765026">
        <ele>1848.1</ele>
        <time>2020-06-21T16:31:56.000Z</time>
      </trkpt>
      <trkpt lat="42.263369" lon="-6.765000">
        <ele>1847.7</ele>
        <time>2020-06-21T16:32:00.000Z</time>
      </trkpt>
      <trkpt lat="42.263412" lon="-6.764965">
        <ele>1847.1</ele>
        <time>2020-06-21T16:32:04.000Z</time>
      </trkpt>
      <trkpt lat="42.263458" lon="-6.764942">
        <ele>1846.2</ele>
        <time>2020-06-21T16:32:10.000Z</time>
      </trkpt>
      <trkpt lat="42.263497" lon="-6.764903">
        <ele>1845.0</ele>
        <time>2020-06-21T16:32:14.000Z</time>
      </trkpt>
      <trkpt lat="42.263531" lon="-6.764855">
        <ele>1844.1</ele>
        <time>2020-06-21T16:32:18.000Z</time>
      </trkpt>
      <trkpt lat="42.263566" lon="-6.764813">
        <ele>1843.4</ele>
        <time>2020-06-21T16:32:21.000Z</time>
      </trkpt>
      <trkpt lat="42.263603" lon="-6.764773">
        <ele>1842.9</ele>
        <time>2020-06-21T16:32:25.000Z</time>
      </trkpt>
      <trkpt lat="42.263636" lon="-6.764730">
        <ele>1842.8</ele>
        <time>2020-06-21T16:32:28.000Z</time>
      </trkpt>
      <trkpt lat="42.263676" lon="-6.764676">
        <ele>1842.7</ele>
        <time>2020-06-21T16:32:32.000Z</time>
      </trkpt>
      <trkpt lat="42.263714" lon="-6.764631">
        <ele>1842.6</ele>
        <time>2020-06-21T16:32:36.000Z</time>
      </trkpt>
      <trkpt lat="42.263752" lon="-6.764594">
        <ele>1842.0</ele>
        <time>2020-06-21T16:32:40.000Z</time>
      </trkpt>
      <trkpt lat="42.263802" lon="-6.764581">
        <ele>1841.4</ele>
        <time>2020-06-21T16:32:44.000Z</time>
      </trkpt>
      <trkpt lat="42.263847" lon="-6.764573">
        <ele>1840.6</ele>
        <time>2020-06-21T16:32:47.000Z</time>
      </trkpt>
      <trkpt lat="42.263897" lon="-6.764570">
        <ele>1839.9</ele>
        <time>2020-06-21T16:32:51.000Z</time>
      </trkpt>
      <trkpt lat="42.263949" lon="-6.764576">
        <ele>1839.0</ele>
        <time>2020-06-21T16:32:55.000Z</time>
      </trkpt>
      <trkpt lat="42.263994" lon="-6.764575">
        <ele>1838.1</ele>
        <time>2020-06-21T16:32:59.000Z</time>
      </trkpt>
      <trkpt lat="42.264040" lon="-6.764576">
        <ele>1836.8</ele>
        <time>2020-06-21T16:33:03.000Z</time>
      </trkpt>
      <trkpt lat="42.264094" lon="-6.764575">
        <ele>1835.8</ele>
        <time>2020-06-21T16:33:07.000Z</time>
      </trkpt>
      <trkpt lat="42.264146" lon="-6.764584">
        <ele>1835.0</ele>
        <time>2020-06-21T16:33:11.000Z</time>
      </trkpt>
      <trkpt lat="42.264195" lon="-6.764592">
        <ele>1834.2</ele>
        <time>2020-06-21T16:33:15.000Z</time>
      </trkpt>
      <trkpt lat="42.264240" lon="-6.764606">
        <ele>1833.6</ele>
        <time>2020-06-21T16:33:18.000Z</time>
      </trkpt>
      <trkpt lat="42.264285" lon="-6.764610">
        <ele>1833.4</ele>
        <time>2020-06-21T16:33:22.000Z</time>
      </trkpt>
      <trkpt lat="42.264335" lon="-6.764604">
        <ele>1832.5</ele>
        <time>2020-06-21T16:33:27.000Z</time>
      </trkpt>
      <trkpt lat="42.264382" lon="-6.764595">
        <ele>1831.9</ele>
        <time>2020-06-21T16:33:30.000Z</time>
      </trkpt>
      <trkpt lat="42.264430" lon="-6.764586">
        <ele>1831.5</ele>
        <time>2020-06-21T16:33:34.000Z</time>
      </trkpt>
      <trkpt lat="42.264475" lon="-6.764582">
        <ele>1830.9</ele>
        <time>2020-06-21T16:33:37.000Z</time>
      </trkpt>
      <trkpt lat="42.264523" lon="-6.764589">
        <ele>1830.1</ele>
        <time>2020-06-21T16:33:41.000Z</time>
      </trkpt>
      <trkpt lat="42.264570" lon="-6.764579">
        <ele>1829.4</ele>
        <time>2020-06-21T16:33:45.000Z</time>
      </trkpt>
      <trkpt lat="42.264617" lon="-6.764578">
        <ele>1828.9</ele>
        <time>2020-06-21T16:33:48.000Z</time>
      </trkpt>
      <trkpt lat="42.264662" lon="-6.764577">
        <ele>1828.4</ele>
        <time>2020-06-21T16:33:51.000Z</time>
      </trkpt>
      <trkpt lat="42.264710" lon="-6.764556">
        <ele>1827.9</ele>
        <time>2020-06-21T16:33:55.000Z</time>
      </trkpt>
      <trkpt lat="42.264757" lon="-6.764529">
        <ele>1827.6</ele>
        <time>2020-06-21T16:33:59.000Z</time>
      </trkpt>
      <trkpt lat="42.264804" lon="-6.764515">
        <ele>1827.5</ele>
        <time>2020-06-21T16:34:04.000Z</time>
      </trkpt>
      <trkpt lat="42.264849" lon="-6.764508">
        <ele>1827.1</ele>
        <time>2020-06-21T16:34:07.000Z</time>
      </trkpt>
      <trkpt lat="42.264894" lon="-6.764499">
        <ele>1826.8</ele>
        <time>2020-06-21T16:34:11.000Z</time>
      </trkpt>
      <trkpt lat="42.264946" lon="-6.764492">
        <ele>1826.4</ele>
        <time>2020-06-21T16:34:16.000Z</time>
      </trkpt>
      <trkpt lat="42.264992" lon="-6.764488">
        <ele>1826.3</ele>
        <time>2020-06-21T16:34:19.000Z</time>
      </trkpt>
      <trkpt lat="42.265048" lon="-6.764491">
        <ele>1826.1</ele>
        <time>2020-06-21T16:34:24.000Z</time>
      </trkpt>
      <trkpt lat="42.265095" lon="-6.764490">
        <ele>1826.4</ele>
        <time>2020-06-21T16:34:28.000Z</time>
      </trkpt>
      <trkpt lat="42.265145" lon="-6.764484">
        <ele>1826.5</ele>
        <time>2020-06-21T16:34:33.000Z</time>
      </trkpt>
      <trkpt lat="42.265201" lon="-6.764483">
        <ele>1826.5</ele>
        <time>2020-06-21T16:34:37.000Z</time>
      </trkpt>
      <trkpt lat="42.265249" lon="-6.764480">
        <ele>1826.3</ele>
        <time>2020-06-21T16:34:40.000Z</time>
      </trkpt>
      <trkpt lat="42.265295" lon="-6.764483">
        <ele>1826.1</ele>
        <time>2020-06-21T16:34:45.000Z</time>
      </trkpt>
      <trkpt lat="42.265344" lon="-6.764489">
        <ele>1825.6</ele>
        <time>2020-06-21T16:34:49.000Z</time>
      </trkpt>
      <trkpt lat="42.265393" lon="-6.764480">
        <ele>1824.9</ele>
        <time>2020-06-21T16:34:53.000Z</time>
      </trkpt>
      <trkpt lat="42.265440" lon="-6.764480">
        <ele>1824.1</ele>
        <time>2020-06-21T16:34:57.000Z</time>
      </trkpt>
      <trkpt lat="42.265490" lon="-6.764490">
        <ele>1823.5</ele>
        <time>2020-06-21T16:35:01.000Z</time>
      </trkpt>
      <trkpt lat="42.265535" lon="-6.764491">
        <ele>1823.2</ele>
        <time>2020-06-21T16:35:05.000Z</time>
      </trkpt>
      <trkpt lat="42.265583" lon="-6.764477">
        <ele>1822.9</ele>
        <time>2020-06-21T16:35:09.000Z</time>
      </trkpt>
      <trkpt lat="42.265633" lon="-6.764461">
        <ele>1822.3</ele>
        <time>2020-06-21T16:35:13.000Z</time>
      </trkpt>
      <trkpt lat="42.265686" lon="-6.764462">
        <ele>1821.8</ele>
        <time>2020-06-21T16:35:16.000Z</time>
      </trkpt>
      <trkpt lat="42.265735" lon="-6.764465">
        <ele>1821.3</ele>
        <time>2020-06-21T16:35:20.000Z</time>
      </trkpt>
      <trkpt lat="42.265786" lon="-6.764468">
        <ele>1820.6</ele>
        <time>2020-06-21T16:35:25.000Z</time>
      </trkpt>
      <trkpt lat="42.265836" lon="-6.764474">
        <ele>1820.0</ele>
        <time>2020-06-21T16:35:30.000Z</time>
      </trkpt>
      <trkpt lat="42.265881" lon="-6.764476">
        <ele>1819.8</ele>
        <time>2020-06-21T16:35:34.000Z</time>
      </trkpt>
      <trkpt lat="42.265927" lon="-6.764483">
        <ele>1819.7</ele>
        <time>2020-06-21T16:35:38.000Z</time>
      </trkpt>
      <trkpt lat="42.265975" lon="-6.764499">
        <ele>1819.5</ele>
        <time>2020-06-21T16:35:42.000Z</time>
      </trkpt>
      <trkpt lat="42.266020" lon="-6.764480">
        <ele>1819.7</ele>
        <time>2020-06-21T16:35:46.000Z</time>
      </trkpt>
      <trkpt lat="42.266059" lon="-6.764446">
        <ele>1819.9</ele>
        <time>2020-06-21T16:35:50.000Z</time>
      </trkpt>
      <trkpt lat="42.266110" lon="-6.764436">
        <ele>1820.2</ele>
        <time>2020-06-21T16:35:54.000Z</time>
      </trkpt>
      <trkpt lat="42.266155" lon="-6.764426">
        <ele>1820.6</ele>
        <time>2020-06-21T16:35:58.000Z</time>
      </trkpt>
      <trkpt lat="42.266202" lon="-6.764406">
        <ele>1821.0</ele>
        <time>2020-06-21T16:36:01.000Z</time>
      </trkpt>
      <trkpt lat="42.266247" lon="-6.764390">
        <ele>1821.2</ele>
        <time>2020-06-21T16:36:05.000Z</time>
      </trkpt>
      <trkpt lat="42.266295" lon="-6.764377">
        <ele>1821.4</ele>
        <time>2020-06-21T16:36:09.000Z</time>
      </trkpt>
      <trkpt lat="42.266342" lon="-6.764355">
        <ele>1821.9</ele>
        <time>2020-06-21T16:36:15.000Z</time>
      </trkpt>
      <trkpt lat="42.266387" lon="-6.764340">
        <ele>1822.2</ele>
        <time>2020-06-21T16:36:18.000Z</time>
      </trkpt>
      <trkpt lat="42.266443" lon="-6.764322">
        <ele>1822.4</ele>
        <time>2020-06-21T16:36:22.000Z</time>
      </trkpt>
      <trkpt lat="42.266491" lon="-6.764301">
        <ele>1822.2</ele>
        <time>2020-06-21T16:36:25.000Z</time>
      </trkpt>
      <trkpt lat="42.266541" lon="-6.764290">
        <ele>1821.9</ele>
        <time>2020-06-21T16:36:30.000Z</time>
      </trkpt>
      <trkpt lat="42.266588" lon="-6.764281">
        <ele>1821.6</ele>
        <time>2020-06-21T16:36:35.000Z</time>
      </trkpt>
      <trkpt lat="42.266644" lon="-6.764275">
        <ele>1821.5</ele>
        <time>2020-06-21T16:36:39.000Z</time>
      </trkpt>
      <trkpt lat="42.266695" lon="-6.764264">
        <ele>1821.3</ele>
        <time>2020-06-21T16:36:42.000Z</time>
      </trkpt>
      <trkpt lat="42.266740" lon="-6.764249">
        <ele>1821.0</ele>
        <time>2020-06-21T16:36:45.000Z</time>
      </trkpt>
      <trkpt lat="42.266788" lon="-6.764237">
        <ele>1820.8</ele>
        <time>2020-06-21T16:36:50.000Z</time>
      </trkpt>
      <trkpt lat="42.266833" lon="-6.764226">
        <ele>1820.6</ele>
        <time>2020-06-21T16:36:53.000Z</time>
      </trkpt>
      <trkpt lat="42.266883" lon="-6.764217">
        <ele>1820.6</ele>
        <time>2020-06-21T16:36:57.000Z</time>
      </trkpt>
      <trkpt lat="42.266932" lon="-6.764227">
        <ele>1820.6</ele>
        <time>2020-06-21T16:37:02.000Z</time>
      </trkpt>
      <trkpt lat="42.266980" lon="-6.764243">
        <ele>1820.8</ele>
        <time>2020-06-21T16:37:06.000Z</time>
      </trkpt>
      <trkpt lat="42.267027" lon="-6.764246">
        <ele>1821.4</ele>
        <time>2020-06-21T16:37:10.000Z</time>
      </trkpt>
      <trkpt lat="42.267081" lon="-6.764237">
        <ele>1821.8</ele>
        <time>2020-06-21T16:37:14.000Z</time>
      </trkpt>
      <trkpt lat="42.267126" lon="-6.764218">
        <ele>1821.9</ele>
        <time>2020-06-21T16:37:18.000Z</time>
      </trkpt>
      <trkpt lat="42.267176" lon="-6.764209">
        <ele>1821.7</ele>
        <time>2020-06-21T16:37:21.000Z</time>
      </trkpt>
      <trkpt lat="42.267223" lon="-6.764207">
        <ele>1821.4</ele>
        <time>2020-06-21T16:37:26.000Z</time>
      </trkpt>
      <trkpt lat="42.267269" lon="-6.764195">
        <ele>1820.9</ele>
        <time>2020-06-21T16:37:30.000Z</time>
      </trkpt>
      <trkpt lat="42.267319" lon="-6.764194">
        <ele>1820.5</ele>
        <time>2020-06-21T16:37:33.000Z</time>
      </trkpt>
      <trkpt lat="42.267370" lon="-6.764197">
        <ele>1820.5</ele>
        <time>2020-06-21T16:37:39.000Z</time>
      </trkpt>
      <trkpt lat="42.267418" lon="-6.764193">
        <ele>1820.6</ele>
        <time>2020-06-21T16:37:43.000Z</time>
      </trkpt>
      <trkpt lat="42.267463" lon="-6.764182">
        <ele>1820.8</ele>
        <time>2020-06-21T16:37:46.000Z</time>
      </trkpt>
      <trkpt lat="42.267516" lon="-6.764173">
        <ele>1821.1</ele>
        <time>2020-06-21T16:37:51.000Z</time>
      </trkpt>
      <trkpt lat="42.267568" lon="-6.764173">
        <ele>1821.5</ele>
        <time>2020-06-21T16:37:56.000Z</time>
      </trkpt>
      <trkpt lat="42.267617" lon="-6.764179">
        <ele>1821.9</ele>
        <time>2020-06-21T16:38:00.000Z</time>
      </trkpt>
      <trkpt lat="42.267660" lon="-6.764204">
        <ele>1822.2</ele>
        <time>2020-06-21T16:38:04.000Z</time>
      </trkpt>
      <trkpt lat="42.267706" lon="-6.764227">
        <ele>1822.9</ele>
        <time>2020-06-21T16:38:07.000Z</time>
      </trkpt>
      <trkpt lat="42.267751" lon="-6.764252">
        <ele>1823.5</ele>
        <time>2020-06-21T16:38:10.000Z</time>
      </trkpt>
      <trkpt lat="42.267795" lon="-6.764279">
        <ele>1823.9</ele>
        <time>2020-06-21T16:38:14.000Z</time>
      </trkpt>
      <trkpt lat="42.267844" lon="-6.764307">
        <ele>1824.1</ele>
        <time>2020-06-21T16:38:18.000Z</time>
      </trkpt>
      <trkpt lat="42.267893" lon="-6.764316">
        <ele>1824.0</ele>
        <time>2020-06-21T16:38:22.000Z</time>
      </trkpt>
      <trkpt lat="42.267944" lon="-6.764347">
        <ele>1824.0</ele>
        <time>2020-06-21T16:38:26.000Z</time>
      </trkpt>
      <trkpt lat="42.267989" lon="-6.764356">
        <ele>1823.9</ele>
        <time>2020-06-21T16:38:29.000Z</time>
      </trkpt>
      <trkpt lat="42.268034" lon="-6.764376">
        <ele>1823.7</ele>
        <time>2020-06-21T16:38:33.000Z</time>
      </trkpt>
      <trkpt lat="42.268077" lon="-6.764404">
        <ele>1823.3</ele>
        <time>2020-06-21T16:38:37.000Z</time>
      </trkpt>
      <trkpt lat="42.268112" lon="-6.764449">
        <ele>1823.1</ele>
        <time>2020-06-21T16:38:41.000Z</time>
      </trkpt>
      <trkpt lat="42.268147" lon="-6.764493">
        <ele>1822.6</ele>
        <time>2020-06-21T16:38:45.000Z</time>
      </trkpt>
      <trkpt lat="42.268175" lon="-6.764542">
        <ele>1822.2</ele>
        <time>2020-06-21T16:38:49.000Z</time>
      </trkpt>
      <trkpt lat="42.268197" lon="-6.764597">
        <ele>1821.2</ele>
        <time>2020-06-21T16:38:53.000Z</time>
      </trkpt>
      <trkpt lat="42.268243" lon="-6.764628">
        <ele>1820.6</ele>
        <time>2020-06-21T16:38:57.000Z</time>
      </trkpt>
      <trkpt lat="42.268297" lon="-6.764641">
        <ele>1820.5</ele>
        <time>2020-06-21T16:39:01.000Z</time>
      </trkpt>
      <trkpt lat="42.268352" lon="-6.764646">
        <ele>1820.6</ele>
        <time>2020-06-21T16:39:05.000Z</time>
      </trkpt>
      <trkpt lat="42.268396" lon="-6.764610">
        <ele>1820.7</ele>
        <time>2020-06-21T16:39:08.000Z</time>
      </trkpt>
      <trkpt lat="42.268442" lon="-6.764598">
        <ele>1820.4</ele>
        <time>2020-06-21T16:39:13.000Z</time>
      </trkpt>
      <trkpt lat="42.268492" lon="-6.764624">
        <ele>1819.9</ele>
        <time>2020-06-21T16:39:17.000Z</time>
      </trkpt>
      <trkpt lat="42.268536" lon="-6.764648">
        <ele>1819.1</ele>
        <time>2020-06-21T16:39:20.000Z</time>
      </trkpt>
      <trkpt lat="42.268588" lon="-6.764667">
        <ele>1818.0</ele>
        <time>2020-06-21T16:39:25.000Z</time>
      </trkpt>
      <trkpt lat="42.268629" lon="-6.764692">
        <ele>1816.7</ele>
        <time>2020-06-21T16:39:28.000Z</time>
      </trkpt>
      <trkpt lat="42.268672" lon="-6.764721">
        <ele>1815.3</ele>
        <time>2020-06-21T16:39:31.000Z</time>
      </trkpt>
      <trkpt lat="42.268720" lon="-6.764743">
        <ele>1813.9</ele>
        <time>2020-06-21T16:39:34.000Z</time>
      </trkpt>
      <trkpt lat="42.268767" lon="-6.764729">
        <ele>1812.2</ele>
        <time>2020-06-21T16:39:37.000Z</time>
      </trkpt>
      <trkpt lat="42.268815" lon="-6.764709">
        <ele>1810.5</ele>
        <time>2020-06-21T16:39:41.000Z</time>
      </trkpt>
      <trkpt lat="42.268859" lon="-6.764688">
        <ele>1808.8</ele>
        <time>2020-06-21T16:39:44.000Z</time>
      </trkpt>
      <trkpt lat="42.268906" lon="-6.764671">
        <ele>1807.2</ele>
        <time>2020-06-21T16:39:48.000Z</time>
      </trkpt>
      <trkpt lat="42.268952" lon="-6.764653">
        <ele>1805.3</ele>
        <time>2020-06-21T16:39:53.000Z</time>
      </trkpt>
      <trkpt lat="42.269003" lon="-6.764638">
        <ele>1803.6</ele>
        <time>2020-06-21T16:39:56.000Z</time>
      </trkpt>
      <trkpt lat="42.269048" lon="-6.764633">
        <ele>1802.2</ele>
        <time>2020-06-21T16:40:00.000Z</time>
      </trkpt>
      <trkpt lat="42.269095" lon="-6.764632">
        <ele>1801.0</ele>
        <time>2020-06-21T16:40:03.000Z</time>
      </trkpt>
      <trkpt lat="42.269145" lon="-6.764632">
        <ele>1800.4</ele>
        <time>2020-06-21T16:40:06.000Z</time>
      </trkpt>
      <trkpt lat="42.269196" lon="-6.764642">
        <ele>1799.6</ele>
        <time>2020-06-21T16:40:09.000Z</time>
      </trkpt>
      <trkpt lat="42.269241" lon="-6.764678">
        <ele>1799.0</ele>
        <time>2020-06-21T16:40:14.000Z</time>
      </trkpt>
      <trkpt lat="42.269281" lon="-6.764720">
        <ele>1798.0</ele>
        <time>2020-06-21T16:40:19.000Z</time>
      </trkpt>
      <trkpt lat="42.269323" lon="-6.764756">
        <ele>1797.4</ele>
        <time>2020-06-21T16:40:22.000Z</time>
      </trkpt>
      <trkpt lat="42.269368" lon="-6.764773">
        <ele>1796.5</ele>
        <time>2020-06-21T16:40:26.000Z</time>
      </trkpt>
      <trkpt lat="42.269420" lon="-6.764775">
        <ele>1795.9</ele>
        <time>2020-06-21T16:40:30.000Z</time>
      </trkpt>
      <trkpt lat="42.269469" lon="-6.764773">
        <ele>1795.3</ele>
        <time>2020-06-21T16:40:33.000Z</time>
      </trkpt>
      <trkpt lat="42.269519" lon="-6.764772">
        <ele>1794.9</ele>
        <time>2020-06-21T16:40:37.000Z</time>
      </trkpt>
      <trkpt lat="42.269564" lon="-6.764775">
        <ele>1794.7</ele>
        <time>2020-06-21T16:40:40.000Z</time>
      </trkpt>
      <trkpt lat="42.269615" lon="-6.764766">
        <ele>1794.3</ele>
        <time>2020-06-21T16:40:44.000Z</time>
      </trkpt>
      <trkpt lat="42.269667" lon="-6.764762">
        <ele>1793.7</ele>
        <time>2020-06-21T16:40:49.000Z</time>
      </trkpt>
      <trkpt lat="42.269714" lon="-6.764759">
        <ele>1792.8</ele>
        <time>2020-06-21T16:40:53.000Z</time>
      </trkpt>
      <trkpt lat="42.269765" lon="-6.764749">
        <ele>1791.8</ele>
        <time>2020-06-21T16:40:57.000Z</time>
      </trkpt>
      <trkpt lat="42.269813" lon="-6.764731">
        <ele>1790.7</ele>
        <time>2020-06-21T16:41:01.000Z</time>
      </trkpt>
      <trkpt lat="42.269859" lon="-6.764717">
        <ele>1789.8</ele>
        <time>2020-06-21T16:41:04.000Z</time>
      </trkpt>
      <trkpt lat="42.269905" lon="-6.764696">
        <ele>1788.7</ele>
        <time>2020-06-21T16:41:08.000Z</time>
      </trkpt>
      <trkpt lat="42.269957" lon="-6.764683">
        <ele>1788.3</ele>
        <time>2020-06-21T16:41:12.000Z</time>
      </trkpt>
      <trkpt lat="42.270004" lon="-6.764675">
        <ele>1788.0</ele>
        <time>2020-06-21T16:41:15.000Z</time>
      </trkpt>
      <trkpt lat="42.270055" lon="-6.764666">
        <ele>1787.7</ele>
        <time>2020-06-21T16:41:19.000Z</time>
      </trkpt>
      <trkpt lat="42.270107" lon="-6.764649">
        <ele>1787.4</ele>
        <time>2020-06-21T16:41:23.000Z</time>
      </trkpt>
      <trkpt lat="42.270150" lon="-6.764631">
        <ele>1786.7</ele>
        <time>2020-06-21T16:41:27.000Z</time>
      </trkpt>
      <trkpt lat="42.270195" lon="-6.764611">
        <ele>1786.0</ele>
        <time>2020-06-21T16:41:31.000Z</time>
      </trkpt>
      <trkpt lat="42.270245" lon="-6.764588">
        <ele>1785.4</ele>
        <time>2020-06-21T16:41:35.000Z</time>
      </trkpt>
      <trkpt lat="42.270288" lon="-6.764556">
        <ele>1784.9</ele>
        <time>2020-06-21T16:41:39.000Z</time>
      </trkpt>
      <trkpt lat="42.270326" lon="-6.764513">
        <ele>1784.7</ele>
        <time>2020-06-21T16:41:42.000Z</time>
      </trkpt>
      <trkpt lat="42.270364" lon="-6.764471">
        <ele>1785.0</ele>
        <time>2020-06-21T16:41:49.000Z</time>
      </trkpt>
      <trkpt lat="42.270399" lon="-6.764432">
        <ele>1785.4</ele>
        <time>2020-06-21T16:41:54.000Z</time>
      </trkpt>
      <trkpt lat="42.270432" lon="-6.764388">
        <ele>1785.9</ele>
        <time>2020-06-21T16:41:58.000Z</time>
      </trkpt>
      <trkpt lat="42.270470" lon="-6.764338">
        <ele>1786.3</ele>
        <time>2020-06-21T16:42:02.000Z</time>
      </trkpt>
      <trkpt lat="42.270510" lon="-6.764298">
        <ele>1786.9</ele>
        <time>2020-06-21T16:42:06.000Z</time>
      </trkpt>
      <trkpt lat="42.270558" lon="-6.764263">
        <ele>1787.6</ele>
        <time>2020-06-21T16:42:11.000Z</time>
      </trkpt>
      <trkpt lat="42.270601" lon="-6.764224">
        <ele>1788.3</ele>
        <time>2020-06-21T16:42:15.000Z</time>
      </trkpt>
      <trkpt lat="42.270639" lon="-6.764186">
        <ele>1788.7</ele>
        <time>2020-06-21T16:42:19.000Z</time>
      </trkpt>
      <trkpt lat="42.270679" lon="-6.764150">
        <ele>1788.9</ele>
        <time>2020-06-21T16:42:23.000Z</time>
      </trkpt>
      <trkpt lat="42.270721" lon="-6.764124">
        <ele>1789.1</ele>
        <time>2020-06-21T16:42:27.000Z</time>
      </trkpt>
      <trkpt lat="42.270767" lon="-6.764107">
        <ele>1789.0</ele>
        <time>2020-06-21T16:42:30.000Z</time>
      </trkpt>
      <trkpt lat="42.270812" lon="-6.764091">
        <ele>1789.0</ele>
        <time>2020-06-21T16:42:34.000Z</time>
      </trkpt>
      <trkpt lat="42.270860" lon="-6.764070">
        <ele>1789.1</ele>
        <time>2020-06-21T16:42:39.000Z</time>
      </trkpt>
      <trkpt lat="42.270905" lon="-6.764053">
        <ele>1789.4</ele>
        <time>2020-06-21T16:42:43.000Z</time>
      </trkpt>
      <trkpt lat="42.270947" lon="-6.764032">
        <ele>1789.6</ele>
        <time>2020-06-21T16:42:46.000Z</time>
      </trkpt>
      <trkpt lat="42.270994" lon="-6.764012">
        <ele>1789.7</ele>
        <time>2020-06-21T16:42:49.000Z</time>
      </trkpt>
      <trkpt lat="42.271045" lon="-6.763988">
        <ele>1789.8</ele>
        <time>2020-06-21T16:42:53.000Z</time>
      </trkpt>
      <trkpt lat="42.271091" lon="-6.763968">
        <ele>1789.9</ele>
        <time>2020-06-21T16:42:57.000Z</time>
      </trkpt>
      <trkpt lat="42.271138" lon="-6.763951">
        <ele>1789.7</ele>
        <time>2020-06-21T16:43:00.000Z</time>
      </trkpt>
      <trkpt lat="42.271188" lon="-6.763936">
        <ele>1789.1</ele>
        <time>2020-06-21T16:43:04.000Z</time>
      </trkpt>
      <trkpt lat="42.271236" lon="-6.763919">
        <ele>1788.3</ele>
        <time>2020-06-21T16:43:08.000Z</time>
      </trkpt>
      <trkpt lat="42.271282" lon="-6.763914">
        <ele>1787.7</ele>
        <time>2020-06-21T16:43:12.000Z</time>
      </trkpt>
      <trkpt lat="42.271331" lon="-6.763912">
        <ele>1787.1</ele>
        <time>2020-06-21T16:43:16.000Z</time>
      </trkpt>
      <trkpt lat="42.271380" lon="-6.763908">
        <ele>1786.5</ele>
        <time>2020-06-21T16:43:20.000Z</time>
      </trkpt>
      <trkpt lat="42.271429" lon="-6.763908">
        <ele>1786.1</ele>
        <time>2020-06-21T16:43:24.000Z</time>
      </trkpt>
      <trkpt lat="42.271475" lon="-6.763905">
        <ele>1785.8</ele>
        <time>2020-06-21T16:43:29.000Z</time>
      </trkpt>
      <trkpt lat="42.271521" lon="-6.763894">
        <ele>1785.7</ele>
        <time>2020-06-21T16:43:33.000Z</time>
      </trkpt>
      <trkpt lat="42.271573" lon="-6.763884">
        <ele>1785.6</ele>
        <time>2020-06-21T16:43:37.000Z</time>
      </trkpt>
      <trkpt lat="42.271625" lon="-6.763874">
        <ele>1785.3</ele>
        <time>2020-06-21T16:43:41.000Z</time>
      </trkpt>
      <trkpt lat="42.271675" lon="-6.763859">
        <ele>1785.1</ele>
        <time>2020-06-21T16:43:44.000Z</time>
      </trkpt>
      <trkpt lat="42.271722" lon="-6.763842">
        <ele>1784.9</ele>
        <time>2020-06-21T16:43:50.000Z</time>
      </trkpt>
      <trkpt lat="42.271772" lon="-6.763836">
        <ele>1784.6</ele>
        <time>2020-06-21T16:43:54.000Z</time>
      </trkpt>
      <trkpt lat="42.271820" lon="-6.763827">
        <ele>1784.2</ele>
        <time>2020-06-21T16:43:58.000Z</time>
      </trkpt>
      <trkpt lat="42.271866" lon="-6.763816">
        <ele>1784.0</ele>
        <time>2020-06-21T16:44:02.000Z</time>
      </trkpt>
      <trkpt lat="42.271912" lon="-6.763811">
        <ele>1783.8</ele>
        <time>2020-06-21T16:44:06.000Z</time>
      </trkpt>
      <trkpt lat="42.271964" lon="-6.763812">
        <ele>1783.5</ele>
        <time>2020-06-21T16:44:10.000Z</time>
      </trkpt>
      <trkpt lat="42.272014" lon="-6.763810">
        <ele>1783.4</ele>
        <time>2020-06-21T16:44:15.000Z</time>
      </trkpt>
      <trkpt lat="42.272065" lon="-6.763803">
        <ele>1783.4</ele>
        <time>2020-06-21T16:44:19.000Z</time>
      </trkpt>
      <trkpt lat="42.272111" lon="-6.763801">
        <ele>1783.1</ele>
        <time>2020-06-21T16:44:22.000Z</time>
      </trkpt>
      <trkpt lat="42.272158" lon="-6.763805">
        <ele>1782.8</ele>
        <time>2020-06-21T16:44:26.000Z</time>
      </trkpt>
      <trkpt lat="42.272207" lon="-6.763810">
        <ele>1782.2</ele>
        <time>2020-06-21T16:44:30.000Z</time>
      </trkpt>
      <trkpt lat="42.272257" lon="-6.763814">
        <ele>1781.7</ele>
        <time>2020-06-21T16:44:34.000Z</time>
      </trkpt>
      <trkpt lat="42.272303" lon="-6.763811">
        <ele>1781.3</ele>
        <time>2020-06-21T16:44:38.000Z</time>
      </trkpt>
      <trkpt lat="42.272349" lon="-6.763816">
        <ele>1780.8</ele>
        <time>2020-06-21T16:44:41.000Z</time>
      </trkpt>
      <trkpt lat="42.272395" lon="-6.763823">
        <ele>1779.9</ele>
        <time>2020-06-21T16:44:46.000Z</time>
      </trkpt>
      <trkpt lat="42.272443" lon="-6.763829">
        <ele>1779.4</ele>
        <time>2020-06-21T16:44:50.000Z</time>
      </trkpt>
      <trkpt lat="42.272492" lon="-6.763840">
        <ele>1778.9</ele>
        <time>2020-06-21T16:44:55.000Z</time>
      </trkpt>
      <trkpt lat="42.272538" lon="-6.763848">
        <ele>1778.1</ele>
        <time>2020-06-21T16:44:58.000Z</time>
      </trkpt>
      <trkpt lat="42.272585" lon="-6.763854">
        <ele>1777.7</ele>
        <time>2020-06-21T16:45:02.000Z</time>
      </trkpt>
      <trkpt lat="42.272630" lon="-6.763858">
        <ele>1777.4</ele>
        <time>2020-06-21T16:45:06.000Z</time>
      </trkpt>
      <trkpt lat="42.272680" lon="-6.763868">
        <ele>1777.2</ele>
        <time>2020-06-21T16:45:10.000Z</time>
      </trkpt>
      <trkpt lat="42.272727" lon="-6.763867">
        <ele>1777.0</ele>
        <time>2020-06-21T16:45:14.000Z</time>
      </trkpt>
      <trkpt lat="42.272772" lon="-6.763873">
        <ele>1776.6</ele>
        <time>2020-06-21T16:45:18.000Z</time>
      </trkpt>
      <trkpt lat="42.272817" lon="-6.763883">
        <ele>1776.2</ele>
        <time>2020-06-21T16:45:22.000Z</time>
      </trkpt>
      <trkpt lat="42.272865" lon="-6.763886">
        <ele>1775.7</ele>
        <time>2020-06-21T16:45:26.000Z</time>
      </trkpt>
      <trkpt lat="42.272912" lon="-6.763882">
        <ele>1775.4</ele>
        <time>2020-06-21T16:45:30.000Z</time>
      </trkpt>
      <trkpt lat="42.272964" lon="-6.763879">
        <ele>1775.3</ele>
        <time>2020-06-21T16:45:34.000Z</time>
      </trkpt>
      <trkpt lat="42.273017" lon="-6.763877">
        <ele>1775.0</ele>
        <time>2020-06-21T16:45:38.000Z</time>
      </trkpt>
      <trkpt lat="42.273062" lon="-6.763878">
        <ele>1774.8</ele>
        <time>2020-06-21T16:45:43.000Z</time>
      </trkpt>
      <trkpt lat="42.273114" lon="-6.763880">
        <ele>1774.3</ele>
        <time>2020-06-21T16:45:47.000Z</time>
      </trkpt>
      <trkpt lat="42.273165" lon="-6.763887">
        <ele>1773.9</ele>
        <time>2020-06-21T16:45:53.000Z</time>
      </trkpt>
      <trkpt lat="42.273211" lon="-6.763886">
        <ele>1773.8</ele>
        <time>2020-06-21T16:45:57.000Z</time>
      </trkpt>
      <trkpt lat="42.273260" lon="-6.763881">
        <ele>1773.8</ele>
        <time>2020-06-21T16:46:00.000Z</time>
      </trkpt>
      <trkpt lat="42.273308" lon="-6.763871">
        <ele>1773.7</ele>
        <time>2020-06-21T16:46:04.000Z</time>
      </trkpt>
      <trkpt lat="42.273361" lon="-6.763862">
        <ele>1773.7</ele>
        <time>2020-06-21T16:46:08.000Z</time>
      </trkpt>
      <trkpt lat="42.273412" lon="-6.763852">
        <ele>1773.7</ele>
        <time>2020-06-21T16:46:11.000Z</time>
      </trkpt>
      <trkpt lat="42.273462" lon="-6.763847">
        <ele>1774.1</ele>
        <time>2020-06-21T16:46:16.000Z</time>
      </trkpt>
      <trkpt lat="42.273507" lon="-6.763841">
        <ele>1774.3</ele>
        <time>2020-06-21T16:46:20.000Z</time>
      </trkpt>
      <trkpt lat="42.273553" lon="-6.763838">
        <ele>1774.5</ele>
        <time>2020-06-21T16:46:24.000Z</time>
      </trkpt>
      <trkpt lat="42.273602" lon="-6.763835">
        <ele>1774.6</ele>
        <time>2020-06-21T16:46:29.000Z</time>
      </trkpt>
      <trkpt lat="42.273651" lon="-6.763835">
        <ele>1774.8</ele>
        <time>2020-06-21T16:46:33.000Z</time>
      </trkpt>
      <trkpt lat="42.273705" lon="-6.763832">
        <ele>1774.9</ele>
        <time>2020-06-21T16:46:38.000Z</time>
      </trkpt>
      <trkpt lat="42.273753" lon="-6.763834">
        <ele>1775.2</ele>
        <time>2020-06-21T16:46:42.000Z</time>
      </trkpt>
      <trkpt lat="42.273799" lon="-6.763826">
        <ele>1775.6</ele>
        <time>2020-06-21T16:46:46.000Z</time>
      </trkpt>
      <trkpt lat="42.273852" lon="-6.763812">
        <ele>1775.6</ele>
        <time>2020-06-21T16:46:50.000Z</time>
      </trkpt>
      <trkpt lat="42.273899" lon="-6.763796">
        <ele>1775.5</ele>
        <time>2020-06-21T16:46:53.000Z</time>
      </trkpt>
      <trkpt lat="42.273948" lon="-6.763778">
        <ele>1775.5</ele>
        <time>2020-06-21T16:46:58.000Z</time>
      </trkpt>
      <trkpt lat="42.273993" lon="-6.763757">
        <ele>1775.4</ele>
        <time>2020-06-21T16:47:03.000Z</time>
      </trkpt>
      <trkpt lat="42.274044" lon="-6.763742">
        <ele>1775.4</ele>
        <time>2020-06-21T16:47:06.000Z</time>
      </trkpt>
      <trkpt lat="42.274086" lon="-6.763718">
        <ele>1775.4</ele>
        <time>2020-06-21T16:47:10.000Z</time>
      </trkpt>
      <trkpt lat="42.274130" lon="-6.763698">
        <ele>1775.1</ele>
        <time>2020-06-21T16:47:13.000Z</time>
      </trkpt>
      <trkpt lat="42.274176" lon="-6.763687">
        <ele>1775.0</ele>
        <time>2020-06-21T16:47:18.000Z</time>
      </trkpt>
      <trkpt lat="42.274222" lon="-6.763674">
        <ele>1774.8</ele>
        <time>2020-06-21T16:47:23.000Z</time>
      </trkpt>
      <trkpt lat="42.274272" lon="-6.763663">
        <ele>1774.8</ele>
        <time>2020-06-21T16:47:27.000Z</time>
      </trkpt>
      <trkpt lat="42.274317" lon="-6.763646">
        <ele>1774.9</ele>
        <time>2020-06-21T16:47:32.000Z</time>
      </trkpt>
      <trkpt lat="42.274362" lon="-6.763626">
        <ele>1775.0</ele>
        <time>2020-06-21T16:47:35.000Z</time>
      </trkpt>
      <trkpt lat="42.274407" lon="-6.763600">
        <ele>1775.3</ele>
        <time>2020-06-21T16:47:39.000Z</time>
      </trkpt>
      <trkpt lat="42.274455" lon="-6.763576">
        <ele>1775.6</ele>
        <time>2020-06-21T16:47:43.000Z</time>
      </trkpt>
      <trkpt lat="42.274499" lon="-6.763545">
        <ele>1776.0</ele>
        <time>2020-06-21T16:47:47.000Z</time>
      </trkpt>
      <trkpt lat="42.274543" lon="-6.763521">
        <ele>1776.5</ele>
        <time>2020-06-21T16:47:52.000Z</time>
      </trkpt>
      <trkpt lat="42.274589" lon="-6.763500">
        <ele>1776.9</ele>
        <time>2020-06-21T16:47:56.000Z</time>
      </trkpt>
      <trkpt lat="42.274639" lon="-6.763478">
        <ele>1777.4</ele>
        <time>2020-06-21T16:48:00.000Z</time>
      </trkpt>
      <trkpt lat="42.274682" lon="-6.763458">
        <ele>1778.0</ele>
        <time>2020-06-21T16:48:04.000Z</time>
      </trkpt>
      <trkpt lat="42.274727" lon="-6.763449">
        <ele>1778.6</ele>
        <time>2020-06-21T16:48:14.000Z</time>
      </trkpt>
      <trkpt lat="42.274761" lon="-6.763400">
        <ele>1778.9</ele>
        <time>2020-06-21T16:48:20.000Z</time>
      </trkpt>
      <trkpt lat="42.274797" lon="-6.763356">
        <ele>1778.8</ele>
        <time>2020-06-21T16:48:24.000Z</time>
      </trkpt>
      <trkpt lat="42.274840" lon="-6.763306">
        <ele>1778.7</ele>
        <time>2020-06-21T16:48:28.000Z</time>
      </trkpt>
      <trkpt lat="42.274880" lon="-6.763269">
        <ele>1778.5</ele>
        <time>2020-06-21T16:48:32.000Z</time>
      </trkpt>
      <trkpt lat="42.274929" lon="-6.763233">
        <ele>1778.5</ele>
        <time>2020-06-21T16:48:37.000Z</time>
      </trkpt>
      <trkpt lat="42.274980" lon="-6.763206">
        <ele>1778.7</ele>
        <time>2020-06-21T16:48:40.000Z</time>
      </trkpt>
      <trkpt lat="42.275024" lon="-6.763188">
        <ele>1779.0</ele>
        <time>2020-06-21T16:48:43.000Z</time>
      </trkpt>
      <trkpt lat="42.275071" lon="-6.763183">
        <ele>1779.3</ele>
        <time>2020-06-21T16:48:47.000Z</time>
      </trkpt>
      <trkpt lat="42.275124" lon="-6.763184">
        <ele>1779.7</ele>
        <time>2020-06-21T16:48:50.000Z</time>
      </trkpt>
      <trkpt lat="42.275170" lon="-6.763189">
        <ele>1779.7</ele>
        <time>2020-06-21T16:48:54.000Z</time>
      </trkpt>
      <trkpt lat="42.275217" lon="-6.763194">
        <ele>1779.8</ele>
        <time>2020-06-21T16:48:58.000Z</time>
      </trkpt>
      <trkpt lat="42.275265" lon="-6.763209">
        <ele>1780.0</ele>
        <time>2020-06-21T16:49:04.000Z</time>
      </trkpt>
      <trkpt lat="42.275314" lon="-6.763208">
        <ele>1780.2</ele>
        <time>2020-06-21T16:49:08.000Z</time>
      </trkpt>
      <trkpt lat="42.275360" lon="-6.763208">
        <ele>1780.2</ele>
        <time>2020-06-21T16:49:13.000Z</time>
      </trkpt>
      <trkpt lat="42.275406" lon="-6.763213">
        <ele>1780.3</ele>
        <time>2020-06-21T16:49:17.000Z</time>
      </trkpt>
      <trkpt lat="42.275460" lon="-6.763227">
        <ele>1780.8</ele>
        <time>2020-06-21T16:49:22.000Z</time>
      </trkpt>
      <trkpt lat="42.275505" lon="-6.763227">
        <ele>1781.0</ele>
        <time>2020-06-21T16:49:27.000Z</time>
      </trkpt>
      <trkpt lat="42.275513" lon="-6.763287">
        <ele>1782.1</ele>
        <time>2020-06-21T16:49:58.000Z</time>
      </trkpt>
      <trkpt lat="42.275559" lon="-6.763264">
        <ele>1783.1</ele>
        <time>2020-06-21T16:50:04.000Z</time>
      </trkpt>
      <trkpt lat="42.275605" lon="-6.763253">
        <ele>1784.0</ele>
        <time>2020-06-21T16:50:09.000Z</time>
      </trkpt>
      <trkpt lat="42.275652" lon="-6.763253">
        <ele>1784.6</ele>
        <time>2020-06-21T16:50:14.000Z</time>
      </trkpt>
      <trkpt lat="42.275703" lon="-6.763249">
        <ele>1785.1</ele>
        <time>2020-06-21T16:50:19.000Z</time>
      </trkpt>
      <trkpt lat="42.275753" lon="-6.763251">
        <ele>1785.6</ele>
        <time>2020-06-21T16:50:23.000Z</time>
      </trkpt>
      <trkpt lat="42.275799" lon="-6.763248">
        <ele>1786.0</ele>
        <time>2020-06-21T16:50:27.000Z</time>
      </trkpt>
      <trkpt lat="42.275846" lon="-6.763243">
        <ele>1786.4</ele>
        <time>2020-06-21T16:50:31.000Z</time>
      </trkpt>
      <trkpt lat="42.275895" lon="-6.763236">
        <ele>1786.6</ele>
        <time>2020-06-21T16:50:35.000Z</time>
      </trkpt>
      <trkpt lat="42.275942" lon="-6.763244">
        <ele>1786.7</ele>
        <time>2020-06-21T16:50:40.000Z</time>
      </trkpt>
      <trkpt lat="42.275995" lon="-6.763255">
        <ele>1786.5</ele>
        <time>2020-06-21T16:50:45.000Z</time>
      </trkpt>
      <trkpt lat="42.276040" lon="-6.763262">
        <ele>1786.5</ele>
        <time>2020-06-21T16:50:49.000Z</time>
      </trkpt>
      <trkpt lat="42.276094" lon="-6.763266">
        <ele>1786.4</ele>
        <time>2020-06-21T16:50:53.000Z</time>
      </trkpt>
      <trkpt lat="42.276144" lon="-6.763273">
        <ele>1786.5</ele>
        <time>2020-06-21T16:50:56.000Z</time>
      </trkpt>
      <trkpt lat="42.276191" lon="-6.763277">
        <ele>1786.6</ele>
        <time>2020-06-21T16:51:00.000Z</time>
      </trkpt>
      <trkpt lat="42.276238" lon="-6.763281">
        <ele>1786.7</ele>
        <time>2020-06-21T16:51:05.000Z</time>
      </trkpt>
      <trkpt lat="42.276284" lon="-6.763283">
        <ele>1786.6</ele>
        <time>2020-06-21T16:51:09.000Z</time>
      </trkpt>
      <trkpt lat="42.276330" lon="-6.763282">
        <ele>1786.6</ele>
        <time>2020-06-21T16:51:13.000Z</time>
      </trkpt>
      <trkpt lat="42.276376" lon="-6.763276">
        <ele>1786.5</ele>
        <time>2020-06-21T16:51:17.000Z</time>
      </trkpt>
      <trkpt lat="42.276425" lon="-6.763277">
        <ele>1786.5</ele>
        <time>2020-06-21T16:51:20.000Z</time>
      </trkpt>
      <trkpt lat="42.276473" lon="-6.763272">
        <ele>1786.4</ele>
        <time>2020-06-21T16:51:24.000Z</time>
      </trkpt>
      <trkpt lat="42.276524" lon="-6.763264">
        <ele>1786.6</ele>
        <time>2020-06-21T16:51:28.000Z</time>
      </trkpt>
      <trkpt lat="42.276582" lon="-6.763255">
        <ele>1786.6</ele>
        <time>2020-06-21T16:51:32.000Z</time>
      </trkpt>
      <trkpt lat="42.276628" lon="-6.763251">
        <ele>1786.9</ele>
        <time>2020-06-21T16:51:35.000Z</time>
      </trkpt>
      <trkpt lat="42.276682" lon="-6.763248">
        <ele>1787.1</ele>
        <time>2020-06-21T16:51:38.000Z</time>
      </trkpt>
      <trkpt lat="42.276731" lon="-6.763234">
        <ele>1787.2</ele>
        <time>2020-06-21T16:51:43.000Z</time>
      </trkpt>
      <trkpt lat="42.276789" lon="-6.763227">
        <ele>1786.9</ele>
        <time>2020-06-21T16:51:47.000Z</time>
      </trkpt>
      <trkpt lat="42.276838" lon="-6.763226">
        <ele>1786.5</ele>
        <time>2020-06-21T16:51:51.000Z</time>
      </trkpt>
      <trkpt lat="42.276887" lon="-6.763225">
        <ele>1786.0</ele>
        <time>2020-06-21T16:51:55.000Z</time>
      </trkpt>
      <trkpt lat="42.276933" lon="-6.763223">
        <ele>1785.4</ele>
        <time>2020-06-21T16:51:59.000Z</time>
      </trkpt>
      <trkpt lat="42.276980" lon="-6.763218">
        <ele>1784.5</ele>
        <time>2020-06-21T16:52:02.000Z</time>
      </trkpt>
      <trkpt lat="42.277028" lon="-6.763207">
        <ele>1784.1</ele>
        <time>2020-06-21T16:52:07.000Z</time>
      </trkpt>
      <trkpt lat="42.277072" lon="-6.763192">
        <ele>1783.6</ele>
        <time>2020-06-21T16:52:11.000Z</time>
      </trkpt>
      <trkpt lat="42.277119" lon="-6.763178">
        <ele>1782.9</ele>
        <time>2020-06-21T16:52:14.000Z</time>
      </trkpt>
      <trkpt lat="42.277163" lon="-6.763163">
        <ele>1782.5</ele>
        <time>2020-06-21T16:52:18.000Z</time>
      </trkpt>
      <trkpt lat="42.277207" lon="-6.763140">
        <ele>1782.2</ele>
        <time>2020-06-21T16:52:21.000Z</time>
      </trkpt>
      <trkpt lat="42.277252" lon="-6.763118">
        <ele>1782.0</ele>
        <time>2020-06-21T16:52:25.000Z</time>
      </trkpt>
      <trkpt lat="42.277297" lon="-6.763097">
        <ele>1781.9</ele>
        <time>2020-06-21T16:52:29.000Z</time>
      </trkpt>
      <trkpt lat="42.277347" lon="-6.763070">
        <ele>1781.8</ele>
        <time>2020-06-21T16:52:33.000Z</time>
      </trkpt>
      <trkpt lat="42.277389" lon="-6.763043">
        <ele>1781.6</ele>
        <time>2020-06-21T16:52:37.000Z</time>
      </trkpt>
      <trkpt lat="42.277439" lon="-6.763022">
        <ele>1781.3</ele>
        <time>2020-06-21T16:52:41.000Z</time>
      </trkpt>
      <trkpt lat="42.277486" lon="-6.763007">
        <ele>1780.7</ele>
        <time>2020-06-21T16:52:45.000Z</time>
      </trkpt>
      <trkpt lat="42.277532" lon="-6.762993">
        <ele>1780.5</ele>
        <time>2020-06-21T16:52:49.000Z</time>
      </trkpt>
      <trkpt lat="42.277576" lon="-6.762968">
        <ele>1780.1</ele>
        <time>2020-06-21T16:52:53.000Z</time>
      </trkpt>
      <trkpt lat="42.277616" lon="-6.762930">
        <ele>1779.6</ele>
        <time>2020-06-21T16:52:57.000Z</time>
      </trkpt>
      <trkpt lat="42.277652" lon="-6.762892">
        <ele>1779.0</ele>
        <time>2020-06-21T16:53:01.000Z</time>
      </trkpt>
      <trkpt lat="42.277696" lon="-6.762862">
        <ele>1778.3</ele>
        <time>2020-06-21T16:53:04.000Z</time>
      </trkpt>
      <trkpt lat="42.277747" lon="-6.762830">
        <ele>1777.7</ele>
        <time>2020-06-21T16:53:07.000Z</time>
      </trkpt>
      <trkpt lat="42.277791" lon="-6.762804">
        <ele>1777.3</ele>
        <time>2020-06-21T16:53:11.000Z</time>
      </trkpt>
      <trkpt lat="42.277836" lon="-6.762783">
        <ele>1777.1</ele>
        <time>2020-06-21T16:53:14.000Z</time>
      </trkpt>
      <trkpt lat="42.277881" lon="-6.762758">
        <ele>1777.1</ele>
        <time>2020-06-21T16:53:18.000Z</time>
      </trkpt>
      <trkpt lat="42.277922" lon="-6.762728">
        <ele>1777.1</ele>
        <time>2020-06-21T16:53:23.000Z</time>
      </trkpt>
      <trkpt lat="42.277970" lon="-6.762699">
        <ele>1777.0</ele>
        <time>2020-06-21T16:53:27.000Z</time>
      </trkpt>
      <trkpt lat="42.278020" lon="-6.762682">
        <ele>1776.7</ele>
        <time>2020-06-21T16:53:31.000Z</time>
      </trkpt>
      <trkpt lat="42.278067" lon="-6.762672">
        <ele>1776.4</ele>
        <time>2020-06-21T16:53:37.000Z</time>
      </trkpt>
      <trkpt lat="42.278113" lon="-6.762654">
        <ele>1776.0</ele>
        <time>2020-06-21T16:53:41.000Z</time>
      </trkpt>
      <trkpt lat="42.278158" lon="-6.762644">
        <ele>1775.6</ele>
        <time>2020-06-21T16:53:44.000Z</time>
      </trkpt>
      <trkpt lat="42.278210" lon="-6.762638">
        <ele>1775.3</ele>
        <time>2020-06-21T16:53:48.000Z</time>
      </trkpt>
      <trkpt lat="42.278258" lon="-6.762624">
        <ele>1775.3</ele>
        <time>2020-06-21T16:53:51.000Z</time>
      </trkpt>
      <trkpt lat="42.278302" lon="-6.762639">
        <ele>1775.3</ele>
        <time>2020-06-21T16:53:59.000Z</time>
      </trkpt>
      <trkpt lat="42.278351" lon="-6.762637">
        <ele>1775.2</ele>
        <time>2020-06-21T16:54:04.000Z</time>
      </trkpt>
      <trkpt lat="42.278396" lon="-6.762627">
        <ele>1775.0</ele>
        <time>2020-06-21T16:54:08.000Z</time>
      </trkpt>
      <trkpt lat="42.278446" lon="-6.762622">
        <ele>1774.8</ele>
        <time>2020-06-21T16:54:12.000Z</time>
      </trkpt>
      <trkpt lat="42.278494" lon="-6.762617">
        <ele>1774.6</ele>
        <time>2020-06-21T16:54:16.000Z</time>
      </trkpt>
      <trkpt lat="42.278543" lon="-6.762616">
        <ele>1774.3</ele>
        <time>2020-06-21T16:54:20.000Z</time>
      </trkpt>
      <trkpt lat="42.278591" lon="-6.762608">
        <ele>1773.7</ele>
        <time>2020-06-21T16:54:23.000Z</time>
      </trkpt>
      <trkpt lat="42.278638" lon="-6.762597">
        <ele>1773.3</ele>
        <time>2020-06-21T16:54:27.000Z</time>
      </trkpt>
      <trkpt lat="42.278685" lon="-6.762597">
        <ele>1772.9</ele>
        <time>2020-06-21T16:54:31.000Z</time>
      </trkpt>
      <trkpt lat="42.278740" lon="-6.762598">
        <ele>1772.2</ele>
        <time>2020-06-21T16:54:36.000Z</time>
      </trkpt>
      <trkpt lat="42.278788" lon="-6.762605">
        <ele>1771.8</ele>
        <time>2020-06-21T16:54:40.000Z</time>
      </trkpt>
      <trkpt lat="42.278834" lon="-6.762615">
        <ele>1771.5</ele>
        <time>2020-06-21T16:54:44.000Z</time>
      </trkpt>
      <trkpt lat="42.278879" lon="-6.762629">
        <ele>1771.2</ele>
        <time>2020-06-21T16:54:47.000Z</time>
      </trkpt>
      <trkpt lat="42.278925" lon="-6.762646">
        <ele>1771.0</ele>
        <time>2020-06-21T16:54:51.000Z</time>
      </trkpt>
      <trkpt lat="42.278974" lon="-6.762661">
        <ele>1771.1</ele>
        <time>2020-06-21T16:54:55.000Z</time>
      </trkpt>
      <trkpt lat="42.279018" lon="-6.762676">
        <ele>1771.1</ele>
        <time>2020-06-21T16:54:59.000Z</time>
      </trkpt>
      <trkpt lat="42.279062" lon="-6.762687">
        <ele>1771.3</ele>
        <time>2020-06-21T16:55:03.000Z</time>
      </trkpt>
      <trkpt lat="42.279110" lon="-6.762701">
        <ele>1771.8</ele>
        <time>2020-06-21T16:55:07.000Z</time>
      </trkpt>
      <trkpt lat="42.279156" lon="-6.762723">
        <ele>1772.2</ele>
        <time>2020-06-21T16:55:12.000Z</time>
      </trkpt>
      <trkpt lat="42.279204" lon="-6.762747">
        <ele>1772.7</ele>
        <time>2020-06-21T16:55:16.000Z</time>
      </trkpt>
      <trkpt lat="42.279246" lon="-6.762770">
        <ele>1773.0</ele>
        <time>2020-06-21T16:55:21.000Z</time>
      </trkpt>
      <trkpt lat="42.279290" lon="-6.762794">
        <ele>1773.2</ele>
        <time>2020-06-21T16:55:25.000Z</time>
      </trkpt>
      <trkpt lat="42.279341" lon="-6.762815">
        <ele>1773.6</ele>
        <time>2020-06-21T16:55:31.000Z</time>
      </trkpt>
      <trkpt lat="42.279387" lon="-6.762830">
        <ele>1773.7</ele>
        <time>2020-06-21T16:55:35.000Z</time>
      </trkpt>
      <trkpt lat="42.279433" lon="-6.762843">
        <ele>1773.8</ele>
        <time>2020-06-21T16:55:39.000Z</time>
      </trkpt>
      <trkpt lat="42.279478" lon="-6.762856">
        <ele>1774.1</ele>
        <time>2020-06-21T16:55:43.000Z</time>
      </trkpt>
      <trkpt lat="42.279531" lon="-6.762870">
        <ele>1774.2</ele>
        <time>2020-06-21T16:55:49.000Z</time>
      </trkpt>
      <trkpt lat="42.279589" lon="-6.762892">
        <ele>1774.2</ele>
        <time>2020-06-21T16:55:53.000Z</time>
      </trkpt>
      <trkpt lat="42.279633" lon="-6.762909">
        <ele>1774.1</ele>
        <time>2020-06-21T16:55:56.000Z</time>
      </trkpt>
      <trkpt lat="42.279679" lon="-6.762932">
        <ele>1774.1</ele>
        <time>2020-06-21T16:56:00.000Z</time>
      </trkpt>
      <trkpt lat="42.279719" lon="-6.762963">
        <ele>1774.2</ele>
        <time>2020-06-21T16:56:04.000Z</time>
      </trkpt>
      <trkpt lat="42.279759" lon="-6.762997">
        <ele>1774.0</ele>
        <time>2020-06-21T16:56:09.000Z</time>
      </trkpt>
      <trkpt lat="42.279803" lon="-6.763016">
        <ele>1773.7</ele>
        <time>2020-06-21T16:56:13.000Z</time>
      </trkpt>
      <trkpt lat="42.279848" lon="-6.763034">
        <ele>1773.4</ele>
        <time>2020-06-21T16:56:16.000Z</time>
      </trkpt>
      <trkpt lat="42.279893" lon="-6.763058">
        <ele>1773.1</ele>
        <time>2020-06-21T16:56:20.000Z</time>
      </trkpt>
      <trkpt lat="42.279935" lon="-6.763083">
        <ele>1772.8</ele>
        <time>2020-06-21T16:56:23.000Z</time>
      </trkpt>
      <trkpt lat="42.279985" lon="-6.763105">
        <ele>1772.8</ele>
        <time>2020-06-21T16:56:28.000Z</time>
      </trkpt>
      <trkpt lat="42.280032" lon="-6.763122">
        <ele>1772.8</ele>
        <time>2020-06-21T16:56:31.000Z</time>
      </trkpt>
      <trkpt lat="42.280077" lon="-6.763132">
        <ele>1773.0</ele>
        <time>2020-06-21T16:56:35.000Z</time>
      </trkpt>
      <trkpt lat="42.280130" lon="-6.763140">
        <ele>1773.3</ele>
        <time>2020-06-21T16:56:40.000Z</time>
      </trkpt>
      <trkpt lat="42.280175" lon="-6.763152">
        <ele>1773.5</ele>
        <time>2020-06-21T16:56:43.000Z</time>
      </trkpt>
      <trkpt lat="42.280219" lon="-6.763172">
        <ele>1773.8</ele>
        <time>2020-06-21T16:56:48.000Z</time>
      </trkpt>
      <trkpt lat="42.280270" lon="-6.763198">
        <ele>1773.7</ele>
        <time>2020-06-21T16:56:53.000Z</time>
      </trkpt>
      <trkpt lat="42.280317" lon="-6.763219">
        <ele>1774.0</ele>
        <time>2020-06-21T16:56:57.000Z</time>
      </trkpt>
      <trkpt lat="42.280361" lon="-6.763245">
        <ele>1774.2</ele>
        <time>2020-06-21T16:57:01.000Z</time>
      </trkpt>
      <trkpt lat="42.280405" lon="-6.763278">
        <ele>1774.3</ele>
        <time>2020-06-21T16:57:04.000Z</time>
      </trkpt>
      <trkpt lat="42.280452" lon="-6.763313">
        <ele>1774.4</ele>
        <time>2020-06-21T16:57:09.000Z</time>
      </trkpt>
      <trkpt lat="42.280503" lon="-6.763347">
        <ele>1774.5</ele>
        <time>2020-06-21T16:57:13.000Z</time>
      </trkpt>
      <trkpt lat="42.280549" lon="-6.763376">
        <ele>1774.4</ele>
        <time>2020-06-21T16:57:16.000Z</time>
      </trkpt>
      <trkpt lat="42.280594" lon="-6.763400">
        <ele>1774.5</ele>
        <time>2020-06-21T16:57:20.000Z</time>
      </trkpt>
      <trkpt lat="42.280632" lon="-6.763432">
        <ele>1774.5</ele>
        <time>2020-06-21T16:57:23.000Z</time>
      </trkpt>
      <trkpt lat="42.280671" lon="-6.763470">
        <ele>1774.4</ele>
        <time>2020-06-21T16:57:27.000Z</time>
      </trkpt>
      <trkpt lat="42.280711" lon="-6.763506">
        <ele>1774.5</ele>
        <time>2020-06-21T16:57:31.000Z</time>
      </trkpt>
      <trkpt lat="42.280744" lon="-6.763548">
        <ele>1774.0</ele>
        <time>2020-06-21T16:57:35.000Z</time>
      </trkpt>
      <trkpt lat="42.280791" lon="-6.763558">
        <ele>1773.2</ele>
        <time>2020-06-21T16:57:41.000Z</time>
      </trkpt>
      <trkpt lat="42.280821" lon="-6.763504">
        <ele>1772.6</ele>
        <time>2020-06-21T16:57:46.000Z</time>
      </trkpt>
      <trkpt lat="42.280831" lon="-6.763442">
        <ele>1771.8</ele>
        <time>2020-06-21T16:57:51.000Z</time>
      </trkpt>
      <trkpt lat="42.280849" lon="-6.763386">
        <ele>1771.5</ele>
        <time>2020-06-21T16:57:56.000Z</time>
      </trkpt>
      <trkpt lat="42.280864" lon="-6.763329">
        <ele>1771.5</ele>
        <time>2020-06-21T16:58:02.000Z</time>
      </trkpt>
      <trkpt lat="42.280873" lon="-6.763263">
        <ele>1771.9</ele>
        <time>2020-06-21T16:58:09.000Z</time>
      </trkpt>
      <trkpt lat="42.280878" lon="-6.763194">
        <ele>1772.4</ele>
        <time>2020-06-21T16:58:15.000Z</time>
      </trkpt>
      <trkpt lat="42.280882" lon="-6.763127">
        <ele>1773.2</ele>
        <time>2020-06-21T16:58:19.000Z</time>
      </trkpt>
      <trkpt lat="42.280883" lon="-6.763063">
        <ele>1773.9</ele>
        <time>2020-06-21T16:58:24.000Z</time>
      </trkpt>
      <trkpt lat="42.280879" lon="-6.762993">
        <ele>1774.7</ele>
        <time>2020-06-21T16:58:28.000Z</time>
      </trkpt>
      <trkpt lat="42.280876" lon="-6.762928">
        <ele>1775.4</ele>
        <time>2020-06-21T16:58:32.000Z</time>
      </trkpt>
      <trkpt lat="42.280872" lon="-6.762859">
        <ele>1775.8</ele>
        <time>2020-06-21T16:58:36.000Z</time>
      </trkpt>
      <trkpt lat="42.280870" lon="-6.762787">
        <ele>1776.3</ele>
        <time>2020-06-21T16:58:41.000Z</time>
      </trkpt>
      <trkpt lat="42.280870" lon="-6.762720">
        <ele>1776.5</ele>
        <time>2020-06-21T16:58:45.000Z</time>
      </trkpt>
      <trkpt lat="42.280870" lon="-6.762649">
        <ele>1777.2</ele>
        <time>2020-06-21T16:58:51.000Z</time>
      </trkpt>
      <trkpt lat="42.280874" lon="-6.762588">
        <ele>1777.4</ele>
        <time>2020-06-21T16:58:56.000Z</time>
      </trkpt>
      <trkpt lat="42.280876" lon="-6.762518">
        <ele>1777.4</ele>
        <time>2020-06-21T16:59:00.000Z</time>
      </trkpt>
      <trkpt lat="42.280881" lon="-6.762451">
        <ele>1777.3</ele>
        <time>2020-06-21T16:59:03.000Z</time>
      </trkpt>
      <trkpt lat="42.280894" lon="-6.762388">
        <ele>1777.0</ele>
        <time>2020-06-21T16:59:09.000Z</time>
      </trkpt>
      <trkpt lat="42.280922" lon="-6.762331">
        <ele>1776.7</ele>
        <time>2020-06-21T16:59:13.000Z</time>
      </trkpt>
      <trkpt lat="42.280950" lon="-6.762277">
        <ele>1776.3</ele>
        <time>2020-06-21T16:59:16.000Z</time>
      </trkpt>
      <trkpt lat="42.280972" lon="-6.762212">
        <ele>1776.1</ele>
        <time>2020-06-21T16:59:21.000Z</time>
      </trkpt>
      <trkpt lat="42.280994" lon="-6.762148">
        <ele>1775.9</ele>
        <time>2020-06-21T16:59:25.000Z</time>
      </trkpt>
      <trkpt lat="42.281016" lon="-6.762082">
        <ele>1775.4</ele>
        <time>2020-06-21T16:59:29.000Z</time>
      </trkpt>
      <trkpt lat="42.281037" lon="-6.762018">
        <ele>1774.6</ele>
        <time>2020-06-21T16:59:35.000Z</time>
      </trkpt>
      <trkpt lat="42.281066" lon="-6.761968">
        <ele>1773.5</ele>
        <time>2020-06-21T16:59:40.000Z</time>
      </trkpt>
      <trkpt lat="42.281090" lon="-6.761910">
        <ele>1772.3</ele>
        <time>2020-06-21T16:59:45.000Z</time>
      </trkpt>
      <trkpt lat="42.281116" lon="-6.761858">
        <ele>1770.9</ele>
        <time>2020-06-21T16:59:50.000Z</time>
      </trkpt>
      <trkpt lat="42.281141" lon="-6.761804">
        <ele>1769.9</ele>
        <time>2020-06-21T16:59:54.000Z</time>
      </trkpt>
      <trkpt lat="42.281161" lon="-6.761736">
        <ele>1769.2</ele>
        <time>2020-06-21T16:59:58.000Z</time>
      </trkpt>
      <trkpt lat="42.281181" lon="-6.761675">
        <ele>1768.8</ele>
        <time>2020-06-21T17:00:02.000Z</time>
      </trkpt>
      <trkpt lat="42.281206" lon="-6.761616">
        <ele>1768.2</ele>
        <time>2020-06-21T17:00:06.000Z</time>
      </trkpt>
      <trkpt lat="42.281235" lon="-6.761561">
        <ele>1767.7</ele>
        <time>2020-06-21T17:00:11.000Z</time>
      </trkpt>
      <trkpt lat="42.281267" lon="-6.761513">
        <ele>1767.0</ele>
        <time>2020-06-21T17:00:16.000Z</time>
      </trkpt>
      <trkpt lat="42.281298" lon="-6.761468">
        <ele>1766.2</ele>
        <time>2020-06-21T17:00:20.000Z</time>
      </trkpt>
      <trkpt lat="42.281325" lon="-6.761417">
        <ele>1765.2</ele>
        <time>2020-06-21T17:00:24.000Z</time>
      </trkpt>
      <trkpt lat="42.281353" lon="-6.761357">
        <ele>1764.5</ele>
        <time>2020-06-21T17:00:29.000Z</time>
      </trkpt>
      <trkpt lat="42.281381" lon="-6.761296">
        <ele>1764.0</ele>
        <time>2020-06-21T17:00:33.000Z</time>
      </trkpt>
      <trkpt lat="42.281407" lon="-6.761244">
        <ele>1763.5</ele>
        <time>2020-06-21T17:00:36.000Z</time>
      </trkpt>
      <trkpt lat="42.281439" lon="-6.761186">
        <ele>1763.0</ele>
        <time>2020-06-21T17:00:41.000Z</time>
      </trkpt>
      <trkpt lat="42.281470" lon="-6.761130">
        <ele>1762.4</ele>
        <time>2020-06-21T17:00:44.000Z</time>
      </trkpt>
      <trkpt lat="42.281498" lon="-6.761081">
        <ele>1761.8</ele>
        <time>2020-06-21T17:00:48.000Z</time>
      </trkpt>
      <trkpt lat="42.281524" lon="-6.761027">
        <ele>1760.9</ele>
        <time>2020-06-21T17:00:53.000Z</time>
      </trkpt>
      <trkpt lat="42.281551" lon="-6.760975">
        <ele>1760.3</ele>
        <time>2020-06-21T17:00:58.000Z</time>
      </trkpt>
      <trkpt lat="42.281580" lon="-6.760925">
        <ele>1759.8</ele>
        <time>2020-06-21T17:01:02.000Z</time>
      </trkpt>
      <trkpt lat="42.281614" lon="-6.760872">
        <ele>1759.3</ele>
        <time>2020-06-21T17:01:06.000Z</time>
      </trkpt>
      <trkpt lat="42.281644" lon="-6.760822">
        <ele>1758.8</ele>
        <time>2020-06-21T17:01:09.000Z</time>
      </trkpt>
      <trkpt lat="42.281675" lon="-6.760776">
        <ele>1758.2</ele>
        <time>2020-06-21T17:01:13.000Z</time>
      </trkpt>
      <trkpt lat="42.281705" lon="-6.760726">
        <ele>1757.9</ele>
        <time>2020-06-21T17:01:18.000Z</time>
      </trkpt>
      <trkpt lat="42.281740" lon="-6.760681">
        <ele>1757.6</ele>
        <time>2020-06-21T17:01:22.000Z</time>
      </trkpt>
      <trkpt lat="42.281775" lon="-6.760638">
        <ele>1757.2</ele>
        <time>2020-06-21T17:01:26.000Z</time>
      </trkpt>
      <trkpt lat="42.281807" lon="-6.760582">
        <ele>1756.8</ele>
        <time>2020-06-21T17:01:31.000Z</time>
      </trkpt>
      <trkpt lat="42.281840" lon="-6.760531">
        <ele>1756.3</ele>
        <time>2020-06-21T17:01:35.000Z</time>
      </trkpt>
      <trkpt lat="42.281872" lon="-6.760474">
        <ele>1755.6</ele>
        <time>2020-06-21T17:01:39.000Z</time>
      </trkpt>
      <trkpt lat="42.281902" lon="-6.760428">
        <ele>1755.0</ele>
        <time>2020-06-21T17:01:43.000Z</time>
      </trkpt>
      <trkpt lat="42.281937" lon="-6.760385">
        <ele>1754.3</ele>
        <time>2020-06-21T17:01:47.000Z</time>
      </trkpt>
      <trkpt lat="42.281964" lon="-6.760332">
        <ele>1753.6</ele>
        <time>2020-06-21T17:01:52.000Z</time>
      </trkpt>
      <trkpt lat="42.281994" lon="-6.760279">
        <ele>1753.1</ele>
        <time>2020-06-21T17:01:57.000Z</time>
      </trkpt>
      <trkpt lat="42.282020" lon="-6.760227">
        <ele>1752.8</ele>
        <time>2020-06-21T17:02:02.000Z</time>
      </trkpt>
      <trkpt lat="42.282056" lon="-6.760177">
        <ele>1752.5</ele>
        <time>2020-06-21T17:02:07.000Z</time>
      </trkpt>
      <trkpt lat="42.282096" lon="-6.760133">
        <ele>1752.0</ele>
        <time>2020-06-21T17:02:13.000Z</time>
      </trkpt>
      <trkpt lat="42.282125" lon="-6.760082">
        <ele>1751.3</ele>
        <time>2020-06-21T17:02:17.000Z</time>
      </trkpt>
      <trkpt lat="42.282161" lon="-6.760042">
        <ele>1750.6</ele>
        <time>2020-06-21T17:02:22.000Z</time>
      </trkpt>
      <trkpt lat="42.282190" lon="-6.759994">
        <ele>1749.7</ele>
        <time>2020-06-21T17:02:27.000Z</time>
      </trkpt>
      <trkpt lat="42.282225" lon="-6.759953">
        <ele>1749.3</ele>
        <time>2020-06-21T17:02:32.000Z</time>
      </trkpt>
      <trkpt lat="42.282253" lon="-6.759903">
        <ele>1748.9</ele>
        <time>2020-06-21T17:02:37.000Z</time>
      </trkpt>
      <trkpt lat="42.282286" lon="-6.759848">
        <ele>1748.5</ele>
        <time>2020-06-21T17:02:42.000Z</time>
      </trkpt>
      <trkpt lat="42.282313" lon="-6.759790">
        <ele>1747.5</ele>
        <time>2020-06-21T17:02:47.000Z</time>
      </trkpt>
      <trkpt lat="42.282337" lon="-6.759735">
        <ele>1746.5</ele>
        <time>2020-06-21T17:02:51.000Z</time>
      </trkpt>
      <trkpt lat="42.282363" lon="-6.759678">
        <ele>1745.6</ele>
        <time>2020-06-21T17:02:55.000Z</time>
      </trkpt>
      <trkpt lat="42.282385" lon="-6.759621">
        <ele>1744.8</ele>
        <time>2020-06-21T17:03:00.000Z</time>
      </trkpt>
      <trkpt lat="42.282407" lon="-6.759567">
        <ele>1743.7</ele>
        <time>2020-06-21T17:03:05.000Z</time>
      </trkpt>
      <trkpt lat="42.282431" lon="-6.759515">
        <ele>1742.6</ele>
        <time>2020-06-21T17:03:09.000Z</time>
      </trkpt>
      <trkpt lat="42.282462" lon="-6.759458">
        <ele>1741.5</ele>
        <time>2020-06-21T17:03:14.000Z</time>
      </trkpt>
      <trkpt lat="42.282490" lon="-6.759410">
        <ele>1740.2</ele>
        <time>2020-06-21T17:03:18.000Z</time>
      </trkpt>
      <trkpt lat="42.282517" lon="-6.759354">
        <ele>1738.6</ele>
        <time>2020-06-21T17:03:23.000Z</time>
      </trkpt>
      <trkpt lat="42.282544" lon="-6.759300">
        <ele>1737.1</ele>
        <time>2020-06-21T17:03:28.000Z</time>
      </trkpt>
      <trkpt lat="42.282545" lon="-6.759238">
        <ele>1735.8</ele>
        <time>2020-06-21T17:03:32.000Z</time>
      </trkpt>
      <trkpt lat="42.282548" lon="-6.759166">
        <ele>1734.6</ele>
        <time>2020-06-21T17:03:37.000Z</time>
      </trkpt>
      <trkpt lat="42.282553" lon="-6.759104">
        <ele>1733.3</ele>
        <time>2020-06-21T17:03:43.000Z</time>
      </trkpt>
      <trkpt lat="42.282549" lon="-6.759042">
        <ele>1732.4</ele>
        <time>2020-06-21T17:03:48.000Z</time>
      </trkpt>
      <trkpt lat="42.282548" lon="-6.758976">
        <ele>1731.6</ele>
        <time>2020-06-21T17:03:53.000Z</time>
      </trkpt>
      <trkpt lat="42.282546" lon="-6.758911">
        <ele>1731.2</ele>
        <time>2020-06-21T17:03:57.000Z</time>
      </trkpt>
      <trkpt lat="42.282548" lon="-6.758844">
        <ele>1730.9</ele>
        <time>2020-06-21T17:04:02.000Z</time>
      </trkpt>
      <trkpt lat="42.282554" lon="-6.758783">
        <ele>1730.9</ele>
        <time>2020-06-21T17:04:05.000Z</time>
      </trkpt>
      <trkpt lat="42.282554" lon="-6.758722">
        <ele>1731.1</ele>
        <time>2020-06-21T17:04:09.000Z</time>
      </trkpt>
      <trkpt lat="42.282553" lon="-6.758653">
        <ele>1731.2</ele>
        <time>2020-06-21T17:04:13.000Z</time>
      </trkpt>
      <trkpt lat="42.282560" lon="-6.758582">
        <ele>1731.3</ele>
        <time>2020-06-21T17:04:18.000Z</time>
      </trkpt>
      <trkpt lat="42.282569" lon="-6.758521">
        <ele>1731.3</ele>
        <time>2020-06-21T17:04:22.000Z</time>
      </trkpt>
      <trkpt lat="42.282577" lon="-6.758461">
        <ele>1731.4</ele>
        <time>2020-06-21T17:04:26.000Z</time>
      </trkpt>
      <trkpt lat="42.282585" lon="-6.758394">
        <ele>1731.4</ele>
        <time>2020-06-21T17:04:30.000Z</time>
      </trkpt>
      <trkpt lat="42.282593" lon="-6.758329">
        <ele>1731.6</ele>
        <time>2020-06-21T17:04:34.000Z</time>
      </trkpt>
      <trkpt lat="42.282600" lon="-6.758263">
        <ele>1731.6</ele>
        <time>2020-06-21T17:04:37.000Z</time>
      </trkpt>
      <trkpt lat="42.282606" lon="-6.758188">
        <ele>1732.2</ele>
        <time>2020-06-21T17:04:43.000Z</time>
      </trkpt>
      <trkpt lat="42.282619" lon="-6.758124">
        <ele>1733.0</ele>
        <time>2020-06-21T17:04:47.000Z</time>
      </trkpt>
      <trkpt lat="42.282632" lon="-6.758056">
        <ele>1733.9</ele>
        <time>2020-06-21T17:04:51.000Z</time>
      </trkpt>
      <trkpt lat="42.282652" lon="-6.757994">
        <ele>1734.3</ele>
        <time>2020-06-21T17:04:55.000Z</time>
      </trkpt>
      <trkpt lat="42.282670" lon="-6.757934">
        <ele>1734.6</ele>
        <time>2020-06-21T17:05:00.000Z</time>
      </trkpt>
      <trkpt lat="42.282689" lon="-6.757872">
        <ele>1734.7</ele>
        <time>2020-06-21T17:05:05.000Z</time>
      </trkpt>
      <trkpt lat="42.282707" lon="-6.757814">
        <ele>1734.9</ele>
        <time>2020-06-21T17:05:09.000Z</time>
      </trkpt>
      <trkpt lat="42.282727" lon="-6.757757">
        <ele>1735.0</ele>
        <time>2020-06-21T17:05:13.000Z</time>
      </trkpt>
      <trkpt lat="42.282750" lon="-6.757693">
        <ele>1735.0</ele>
        <time>2020-06-21T17:05:17.000Z</time>
      </trkpt>
      <trkpt lat="42.282778" lon="-6.757637">
        <ele>1735.3</ele>
        <time>2020-06-21T17:05:21.000Z</time>
      </trkpt>
      <trkpt lat="42.282810" lon="-6.757587">
        <ele>1735.5</ele>
        <time>2020-06-21T17:05:25.000Z</time>
      </trkpt>
      <trkpt lat="42.282848" lon="-6.757541">
        <ele>1735.4</ele>
        <time>2020-06-21T17:05:29.000Z</time>
      </trkpt>
      <trkpt lat="42.282891" lon="-6.757516">
        <ele>1735.5</ele>
        <time>2020-06-21T17:05:33.000Z</time>
      </trkpt>
      <trkpt lat="42.282939" lon="-6.757493">
        <ele>1735.8</ele>
        <time>2020-06-21T17:05:38.000Z</time>
      </trkpt>
      <trkpt lat="42.282990" lon="-6.757474">
        <ele>1736.3</ele>
        <time>2020-06-21T17:05:41.000Z</time>
      </trkpt>
      <trkpt lat="42.283030" lon="-6.757446">
        <ele>1736.9</ele>
        <time>2020-06-21T17:05:45.000Z</time>
      </trkpt>
      <trkpt lat="42.283066" lon="-6.757402">
        <ele>1737.1</ele>
        <time>2020-06-21T17:05:49.000Z</time>
      </trkpt>
      <trkpt lat="42.283101" lon="-6.757362">
        <ele>1737.1</ele>
        <time>2020-06-21T17:05:53.000Z</time>
      </trkpt>
      <trkpt lat="42.283136" lon="-6.757312">
        <ele>1737.2</ele>
        <time>2020-06-21T17:05:57.000Z</time>
      </trkpt>
      <trkpt lat="42.283171" lon="-6.757266">
        <ele>1737.1</ele>
        <time>2020-06-21T17:06:01.000Z</time>
      </trkpt>
      <trkpt lat="42.283208" lon="-6.757230">
        <ele>1737.1</ele>
        <time>2020-06-21T17:06:05.000Z</time>
      </trkpt>
      <trkpt lat="42.283248" lon="-6.757194">
        <ele>1737.1</ele>
        <time>2020-06-21T17:06:09.000Z</time>
      </trkpt>
      <trkpt lat="42.283286" lon="-6.757155">
        <ele>1736.9</ele>
        <time>2020-06-21T17:06:13.000Z</time>
      </trkpt>
      <trkpt lat="42.283312" lon="-6.757100">
        <ele>1736.5</ele>
        <time>2020-06-21T17:06:18.000Z</time>
      </trkpt>
      <trkpt lat="42.283335" lon="-6.757047">
        <ele>1735.8</ele>
        <time>2020-06-21T17:06:22.000Z</time>
      </trkpt>
      <trkpt lat="42.283356" lon="-6.756987">
        <ele>1735.1</ele>
        <time>2020-06-21T17:06:28.000Z</time>
      </trkpt>
      <trkpt lat="42.283375" lon="-6.756930">
        <ele>1734.5</ele>
        <time>2020-06-21T17:06:32.000Z</time>
      </trkpt>
      <trkpt lat="42.283400" lon="-6.756875">
        <ele>1733.9</ele>
        <time>2020-06-21T17:06:35.000Z</time>
      </trkpt>
      <trkpt lat="42.283434" lon="-6.756826">
        <ele>1733.4</ele>
        <time>2020-06-21T17:06:41.000Z</time>
      </trkpt>
      <trkpt lat="42.283444" lon="-6.756762">
        <ele>1732.5</ele>
        <time>2020-06-21T17:07:22.000Z</time>
      </trkpt>
      <trkpt lat="42.283459" lon="-6.756703">
        <ele>1731.6</ele>
        <time>2020-06-21T17:07:26.000Z</time>
      </trkpt>
      <trkpt lat="42.283489" lon="-6.756648">
        <ele>1731.3</ele>
        <time>2020-06-21T17:07:30.000Z</time>
      </trkpt>
      <trkpt lat="42.283529" lon="-6.756593">
        <ele>1730.9</ele>
        <time>2020-06-21T17:07:35.000Z</time>
      </trkpt>
      <trkpt lat="42.283570" lon="-6.756557">
        <ele>1730.6</ele>
        <time>2020-06-21T17:07:38.000Z</time>
      </trkpt>
      <trkpt lat="42.283608" lon="-6.756509">
        <ele>1730.0</ele>
        <time>2020-06-21T17:07:42.000Z</time>
      </trkpt>
      <trkpt lat="42.283639" lon="-6.756454">
        <ele>1729.1</ele>
        <time>2020-06-21T17:07:46.000Z</time>
      </trkpt>
      <trkpt lat="42.283659" lon="-6.756396">
        <ele>1727.8</ele>
        <time>2020-06-21T17:07:50.000Z</time>
      </trkpt>
      <trkpt lat="42.283689" lon="-6.756344">
        <ele>1726.4</ele>
        <time>2020-06-21T17:07:54.000Z</time>
      </trkpt>
      <trkpt lat="42.283717" lon="-6.756292">
        <ele>1724.6</ele>
        <time>2020-06-21T17:07:59.000Z</time>
      </trkpt>
      <trkpt lat="42.283759" lon="-6.756264">
        <ele>1723.1</ele>
        <time>2020-06-21T17:08:02.000Z</time>
      </trkpt>
      <trkpt lat="42.283805" lon="-6.756251">
        <ele>1721.7</ele>
        <time>2020-06-21T17:08:07.000Z</time>
      </trkpt>
      <trkpt lat="42.283850" lon="-6.756243">
        <ele>1720.5</ele>
        <time>2020-06-21T17:08:11.000Z</time>
      </trkpt>
      <trkpt lat="42.283894" lon="-6.756227">
        <ele>1719.1</ele>
        <time>2020-06-21T17:08:15.000Z</time>
      </trkpt>
      <trkpt lat="42.283941" lon="-6.756202">
        <ele>1717.9</ele>
        <time>2020-06-21T17:08:21.000Z</time>
      </trkpt>
      <trkpt lat="42.283983" lon="-6.756177">
        <ele>1716.6</ele>
        <time>2020-06-21T17:08:24.000Z</time>
      </trkpt>
      <trkpt lat="42.284030" lon="-6.756155">
        <ele>1715.8</ele>
        <time>2020-06-21T17:08:28.000Z</time>
      </trkpt>
      <trkpt lat="42.284074" lon="-6.756139">
        <ele>1715.1</ele>
        <time>2020-06-21T17:08:31.000Z</time>
      </trkpt>
      <trkpt lat="42.284129" lon="-6.756125">
        <ele>1714.5</ele>
        <time>2020-06-21T17:08:36.000Z</time>
      </trkpt>
      <trkpt lat="42.284175" lon="-6.756132">
        <ele>1714.1</ele>
        <time>2020-06-21T17:08:41.000Z</time>
      </trkpt>
      <trkpt lat="42.284223" lon="-6.756153">
        <ele>1713.8</ele>
        <time>2020-06-21T17:08:45.000Z</time>
      </trkpt>
      <trkpt lat="42.284272" lon="-6.756170">
        <ele>1713.6</ele>
        <time>2020-06-21T17:08:49.000Z</time>
      </trkpt>
      <trkpt lat="42.284323" lon="-6.756174">
        <ele>1713.0</ele>
        <time>2020-06-21T17:08:54.000Z</time>
      </trkpt>
      <trkpt lat="42.284367" lon="-6.756159">
        <ele>1712.5</ele>
        <time>2020-06-21T17:09:00.000Z</time>
      </trkpt>
      <trkpt lat="42.284409" lon="-6.756134">
        <ele>1711.7</ele>
        <time>2020-06-21T17:09:04.000Z</time>
      </trkpt>
      <trkpt lat="42.284448" lon="-6.756103">
        <ele>1710.8</ele>
        <time>2020-06-21T17:09:10.000Z</time>
      </trkpt>
      <trkpt lat="42.284491" lon="-6.756078">
        <ele>1709.8</ele>
        <time>2020-06-21T17:09:15.000Z</time>
      </trkpt>
      <trkpt lat="42.284538" lon="-6.756056">
        <ele>1708.6</ele>
        <time>2020-06-21T17:09:20.000Z</time>
      </trkpt>
      <trkpt lat="42.284588" lon="-6.756047">
        <ele>1707.4</ele>
        <time>2020-06-21T17:09:26.000Z</time>
      </trkpt>
      <trkpt lat="42.284634" lon="-6.756051">
        <ele>1706.2</ele>
        <time>2020-06-21T17:09:30.000Z</time>
      </trkpt>
      <trkpt lat="42.284678" lon="-6.756041">
        <ele>1705.1</ele>
        <time>2020-06-21T17:09:35.000Z</time>
      </trkpt>
      <trkpt lat="42.284727" lon="-6.756039">
        <ele>1703.9</ele>
        <time>2020-06-21T17:09:40.000Z</time>
      </trkpt>
      <trkpt lat="42.284775" lon="-6.756042">
        <ele>1702.6</ele>
        <time>2020-06-21T17:09:45.000Z</time>
      </trkpt>
      <trkpt lat="42.284820" lon="-6.756039">
        <ele>1701.3</ele>
        <time>2020-06-21T17:09:51.000Z</time>
      </trkpt>
      <trkpt lat="42.284867" lon="-6.756034">
        <ele>1699.8</ele>
        <time>2020-06-21T17:09:55.000Z</time>
      </trkpt>
      <trkpt lat="42.284917" lon="-6.756030">
        <ele>1698.4</ele>
        <time>2020-06-21T17:10:01.000Z</time>
      </trkpt>
      <trkpt lat="42.284965" lon="-6.756050">
        <ele>1697.2</ele>
        <time>2020-06-21T17:10:06.000Z</time>
      </trkpt>
      <trkpt lat="42.285012" lon="-6.756064">
        <ele>1696.0</ele>
        <time>2020-06-21T17:10:11.000Z</time>
      </trkpt>
      <trkpt lat="42.285059" lon="-6.756074">
        <ele>1694.9</ele>
        <time>2020-06-21T17:10:15.000Z</time>
      </trkpt>
      <trkpt lat="42.285110" lon="-6.756081">
        <ele>1693.8</ele>
        <time>2020-06-21T17:10:19.000Z</time>
      </trkpt>
      <trkpt lat="42.285157" lon="-6.756073">
        <ele>1692.7</ele>
        <time>2020-06-21T17:10:23.000Z</time>
      </trkpt>
      <trkpt lat="42.285204" lon="-6.756067">
        <ele>1691.0</ele>
        <time>2020-06-21T17:10:28.000Z</time>
      </trkpt>
      <trkpt lat="42.285249" lon="-6.756057">
        <ele>1689.7</ele>
        <time>2020-06-21T17:10:34.000Z</time>
      </trkpt>
      <trkpt lat="42.285297" lon="-6.756059">
        <ele>1688.6</ele>
        <time>2020-06-21T17:10:44.000Z</time>
      </trkpt>
      <trkpt lat="42.285345" lon="-6.756052">
        <ele>1688.0</ele>
        <time>2020-06-21T17:10:48.000Z</time>
      </trkpt>
      <trkpt lat="42.285395" lon="-6.756046">
        <ele>1687.2</ele>
        <time>2020-06-21T17:10:52.000Z</time>
      </trkpt>
      <trkpt lat="42.285443" lon="-6.756039">
        <ele>1686.4</ele>
        <time>2020-06-21T17:10:56.000Z</time>
      </trkpt>
      <trkpt lat="42.285488" lon="-6.756033">
        <ele>1685.8</ele>
        <time>2020-06-21T17:11:00.000Z</time>
      </trkpt>
      <trkpt lat="42.285535" lon="-6.756023">
        <ele>1685.3</ele>
        <time>2020-06-21T17:11:04.000Z</time>
      </trkpt>
      <trkpt lat="42.285580" lon="-6.756016">
        <ele>1684.7</ele>
        <time>2020-06-21T17:11:09.000Z</time>
      </trkpt>
      <trkpt lat="42.285633" lon="-6.756016">
        <ele>1684.1</ele>
        <time>2020-06-21T17:11:13.000Z</time>
      </trkpt>
      <trkpt lat="42.285678" lon="-6.756015">
        <ele>1683.3</ele>
        <time>2020-06-21T17:11:18.000Z</time>
      </trkpt>
      <trkpt lat="42.285729" lon="-6.756012">
        <ele>1682.5</ele>
        <time>2020-06-21T17:11:21.000Z</time>
      </trkpt>
      <trkpt lat="42.285777" lon="-6.756013">
        <ele>1681.4</ele>
        <time>2020-06-21T17:11:25.000Z</time>
      </trkpt>
      <trkpt lat="42.285826" lon="-6.756019">
        <ele>1680.3</ele>
        <time>2020-06-21T17:11:29.000Z</time>
      </trkpt>
      <trkpt lat="42.285874" lon="-6.756021">
        <ele>1679.2</ele>
        <time>2020-06-21T17:11:34.000Z</time>
      </trkpt>
      <trkpt lat="42.285918" lon="-6.756032">
        <ele>1678.3</ele>
        <time>2020-06-21T17:11:38.000Z</time>
      </trkpt>
      <trkpt lat="42.285968" lon="-6.756055">
        <ele>1677.4</ele>
        <time>2020-06-21T17:11:42.000Z</time>
      </trkpt>
      <trkpt lat="42.286003" lon="-6.756098">
        <ele>1676.8</ele>
        <time>2020-06-21T17:11:46.000Z</time>
      </trkpt>
      <trkpt lat="42.286035" lon="-6.756145">
        <ele>1676.3</ele>
        <time>2020-06-21T17:11:51.000Z</time>
      </trkpt>
      <trkpt lat="42.286062" lon="-6.756195">
        <ele>1675.8</ele>
        <time>2020-06-21T17:11:58.000Z</time>
      </trkpt>
      <trkpt lat="42.286101" lon="-6.756233">
        <ele>1675.4</ele>
        <time>2020-06-21T17:12:03.000Z</time>
      </trkpt>
      <trkpt lat="42.286133" lon="-6.756282">
        <ele>1675.1</ele>
        <time>2020-06-21T17:12:07.000Z</time>
      </trkpt>
      <trkpt lat="42.286163" lon="-6.756335">
        <ele>1674.6</ele>
        <time>2020-06-21T17:12:12.000Z</time>
      </trkpt>
      <trkpt lat="42.286197" lon="-6.756382">
        <ele>1674.0</ele>
        <time>2020-06-21T17:12:17.000Z</time>
      </trkpt>
      <trkpt lat="42.286230" lon="-6.756435">
        <ele>1673.2</ele>
        <time>2020-06-21T17:12:21.000Z</time>
      </trkpt>
      <trkpt lat="42.286237" lon="-6.756497">
        <ele>1672.6</ele>
        <time>2020-06-21T17:12:25.000Z</time>
      </trkpt>
      <trkpt lat="42.286255" lon="-6.756557">
        <ele>1672.1</ele>
        <time>2020-06-21T17:12:28.000Z</time>
      </trkpt>
      <trkpt lat="42.286287" lon="-6.756611">
        <ele>1671.6</ele>
        <time>2020-06-21T17:12:32.000Z</time>
      </trkpt>
      <trkpt lat="42.286323" lon="-6.756651">
        <ele>1671.0</ele>
        <time>2020-06-21T17:12:36.000Z</time>
      </trkpt>
      <trkpt lat="42.286363" lon="-6.756689">
        <ele>1670.1</ele>
        <time>2020-06-21T17:12:40.000Z</time>
      </trkpt>
      <trkpt lat="42.286410" lon="-6.756717">
        <ele>1668.9</ele>
        <time>2020-06-21T17:12:44.000Z</time>
      </trkpt>
      <trkpt lat="42.286451" lon="-6.756747">
        <ele>1668.0</ele>
        <time>2020-06-21T17:12:48.000Z</time>
      </trkpt>
      <trkpt lat="42.286487" lon="-6.756786">
        <ele>1667.1</ele>
        <time>2020-06-21T17:12:52.000Z</time>
      </trkpt>
      <trkpt lat="42.286522" lon="-6.756830">
        <ele>1666.6</ele>
        <time>2020-06-21T17:12:56.000Z</time>
      </trkpt>
      <trkpt lat="42.286551" lon="-6.756877">
        <ele>1666.2</ele>
        <time>2020-06-21T17:13:00.000Z</time>
      </trkpt>
      <trkpt lat="42.286591" lon="-6.756913">
        <ele>1666.2</ele>
        <time>2020-06-21T17:13:04.000Z</time>
      </trkpt>
      <trkpt lat="42.286636" lon="-6.756936">
        <ele>1666.2</ele>
        <time>2020-06-21T17:13:09.000Z</time>
      </trkpt>
      <trkpt lat="42.286674" lon="-6.756971">
        <ele>1666.1</ele>
        <time>2020-06-21T17:13:13.000Z</time>
      </trkpt>
      <trkpt lat="42.286718" lon="-6.757006">
        <ele>1666.0</ele>
        <time>2020-06-21T17:13:18.000Z</time>
      </trkpt>
      <trkpt lat="42.286763" lon="-6.757026">
        <ele>1665.8</ele>
        <time>2020-06-21T17:13:22.000Z</time>
      </trkpt>
      <trkpt lat="42.286808" lon="-6.757047">
        <ele>1665.8</ele>
        <time>2020-06-21T17:13:26.000Z</time>
      </trkpt>
      <trkpt lat="42.286851" lon="-6.757076">
        <ele>1665.8</ele>
        <time>2020-06-21T17:13:31.000Z</time>
      </trkpt>
      <trkpt lat="42.286869" lon="-6.757143">
        <ele>1666.0</ele>
        <time>2020-06-21T17:13:36.000Z</time>
      </trkpt>
      <trkpt lat="42.286915" lon="-6.757140">
        <ele>1665.3</ele>
        <time>2020-06-21T17:13:45.000Z</time>
      </trkpt>
      <trkpt lat="42.286959" lon="-6.757102">
        <ele>1665.0</ele>
        <time>2020-06-21T17:14:19.000Z</time>
      </trkpt>
      <trkpt lat="42.287003" lon="-6.757114">
        <ele>1664.9</ele>
        <time>2020-06-21T17:14:21.000Z</time>
      </trkpt>
      <trkpt lat="42.287059" lon="-6.757124">
        <ele>1664.7</ele>
        <time>2020-06-21T17:14:25.000Z</time>
      </trkpt>
      <trkpt lat="42.287107" lon="-6.757129">
        <ele>1664.1</ele>
        <time>2020-06-21T17:14:28.000Z</time>
      </trkpt>
      <trkpt lat="42.287157" lon="-6.757125">
        <ele>1663.8</ele>
        <time>2020-06-21T17:14:31.000Z</time>
      </trkpt>
      <trkpt lat="42.287202" lon="-6.757127">
        <ele>1663.2</ele>
        <time>2020-06-21T17:14:36.000Z</time>
      </trkpt>
      <trkpt lat="42.287251" lon="-6.757120">
        <ele>1663.0</ele>
        <time>2020-06-21T17:15:05.000Z</time>
      </trkpt>
      <trkpt lat="42.287301" lon="-6.757128">
        <ele>1662.8</ele>
        <time>2020-06-21T17:15:10.000Z</time>
      </trkpt>
      <trkpt lat="42.287354" lon="-6.757138">
        <ele>1662.4</ele>
        <time>2020-06-21T17:15:15.000Z</time>
      </trkpt>
      <trkpt lat="42.287400" lon="-6.757142">
        <ele>1662.0</ele>
        <time>2020-06-21T17:15:20.000Z</time>
      </trkpt>
      <trkpt lat="42.287451" lon="-6.757133">
        <ele>1661.5</ele>
        <time>2020-06-21T17:15:25.000Z</time>
      </trkpt>
      <trkpt lat="42.287499" lon="-6.757121">
        <ele>1660.8</ele>
        <time>2020-06-21T17:15:29.000Z</time>
      </trkpt>
      <trkpt lat="42.287548" lon="-6.757118">
        <ele>1659.9</ele>
        <time>2020-06-21T17:15:33.000Z</time>
      </trkpt>
      <trkpt lat="42.287593" lon="-6.757104">
        <ele>1659.1</ele>
        <time>2020-06-21T17:15:37.000Z</time>
      </trkpt>
      <trkpt lat="42.287639" lon="-6.757086">
        <ele>1658.1</ele>
        <time>2020-06-21T17:15:41.000Z</time>
      </trkpt>
      <trkpt lat="42.287684" lon="-6.757068">
        <ele>1657.4</ele>
        <time>2020-06-21T17:15:46.000Z</time>
      </trkpt>
      <trkpt lat="42.287729" lon="-6.757054">
        <ele>1656.6</ele>
        <time>2020-06-21T17:15:50.000Z</time>
      </trkpt>
      <trkpt lat="42.287780" lon="-6.757047">
        <ele>1656.0</ele>
        <time>2020-06-21T17:15:55.000Z</time>
      </trkpt>
      <trkpt lat="42.287831" lon="-6.757042">
        <ele>1655.5</ele>
        <time>2020-06-21T17:16:00.000Z</time>
      </trkpt>
      <trkpt lat="42.287880" lon="-6.757031">
        <ele>1655.1</ele>
        <time>2020-06-21T17:16:04.000Z</time>
      </trkpt>
      <trkpt lat="42.287928" lon="-6.757017">
        <ele>1654.8</ele>
        <time>2020-06-21T17:16:08.000Z</time>
      </trkpt>
      <trkpt lat="42.287974" lon="-6.756994">
        <ele>1654.5</ele>
        <time>2020-06-21T17:16:12.000Z</time>
      </trkpt>
      <trkpt lat="42.288019" lon="-6.756969">
        <ele>1654.5</ele>
        <time>2020-06-21T17:16:16.000Z</time>
      </trkpt>
      <trkpt lat="42.288067" lon="-6.756948">
        <ele>1654.4</ele>
        <time>2020-06-21T17:16:21.000Z</time>
      </trkpt>
      <trkpt lat="42.288113" lon="-6.756924">
        <ele>1654.5</ele>
        <time>2020-06-21T17:16:25.000Z</time>
      </trkpt>
      <trkpt lat="42.288161" lon="-6.756898">
        <ele>1654.7</ele>
        <time>2020-06-21T17:16:29.000Z</time>
      </trkpt>
      <trkpt lat="42.288204" lon="-6.756873">
        <ele>1654.8</ele>
        <time>2020-06-21T17:16:33.000Z</time>
      </trkpt>
      <trkpt lat="42.288243" lon="-6.756835">
        <ele>1655.2</ele>
        <time>2020-06-21T17:16:37.000Z</time>
      </trkpt>
      <trkpt lat="42.288280" lon="-6.756789">
        <ele>1655.5</ele>
        <time>2020-06-21T17:16:41.000Z</time>
      </trkpt>
      <trkpt lat="42.288318" lon="-6.756744">
        <ele>1656.0</ele>
        <time>2020-06-21T17:16:46.000Z</time>
      </trkpt>
      <trkpt lat="42.288346" lon="-6.756695">
        <ele>1656.3</ele>
        <time>2020-06-21T17:16:51.000Z</time>
      </trkpt>
      <trkpt lat="42.288379" lon="-6.756651">
        <ele>1656.8</ele>
        <time>2020-06-21T17:16:55.000Z</time>
      </trkpt>
      <trkpt lat="42.288420" lon="-6.756606">
        <ele>1657.4</ele>
        <time>2020-06-21T17:17:01.000Z</time>
      </trkpt>
      <trkpt lat="42.288457" lon="-6.756559">
        <ele>1657.7</ele>
        <time>2020-06-21T17:17:04.000Z</time>
      </trkpt>
      <trkpt lat="42.288491" lon="-6.756508">
        <ele>1657.9</ele>
        <time>2020-06-21T17:17:09.000Z</time>
      </trkpt>
      <trkpt lat="42.288525" lon="-6.756467">
        <ele>1658.0</ele>
        <time>2020-06-21T17:17:14.000Z</time>
      </trkpt>
      <trkpt lat="42.288555" lon="-6.756417">
        <ele>1658.2</ele>
        <time>2020-06-21T17:17:19.000Z</time>
      </trkpt>
      <trkpt lat="42.288580" lon="-6.756354">
        <ele>1658.2</ele>
        <time>2020-06-21T17:17:25.000Z</time>
      </trkpt>
      <trkpt lat="42.288603" lon="-6.756297">
        <ele>1658.3</ele>
        <time>2020-06-21T17:17:30.000Z</time>
      </trkpt>
      <trkpt lat="42.288623" lon="-6.756237">
        <ele>1658.5</ele>
        <time>2020-06-21T17:17:34.000Z</time>
      </trkpt>
      <trkpt lat="42.288648" lon="-6.756176">
        <ele>1658.6</ele>
        <time>2020-06-21T17:17:38.000Z</time>
      </trkpt>
      <trkpt lat="42.288673" lon="-6.756125">
        <ele>1658.5</ele>
        <time>2020-06-21T17:17:42.000Z</time>
      </trkpt>
      <trkpt lat="42.288704" lon="-6.756074">
        <ele>1658.8</ele>
        <time>2020-06-21T17:17:48.000Z</time>
      </trkpt>
      <trkpt lat="42.288734" lon="-6.756027">
        <ele>1659.2</ele>
        <time>2020-06-21T17:17:52.000Z</time>
      </trkpt>
      <trkpt lat="42.288767" lon="-6.755979">
        <ele>1659.4</ele>
        <time>2020-06-21T17:17:57.000Z</time>
      </trkpt>
      <trkpt lat="42.288802" lon="-6.755936">
        <ele>1659.8</ele>
        <time>2020-06-21T17:18:02.000Z</time>
      </trkpt>
      <trkpt lat="42.288836" lon="-6.755883">
        <ele>1660.5</ele>
        <time>2020-06-21T17:18:07.000Z</time>
      </trkpt>
      <trkpt lat="42.288868" lon="-6.755836">
        <ele>1661.1</ele>
        <time>2020-06-21T17:18:12.000Z</time>
      </trkpt>
      <trkpt lat="42.288900" lon="-6.755791">
        <ele>1662.1</ele>
        <time>2020-06-21T17:18:16.000Z</time>
      </trkpt>
      <trkpt lat="42.288937" lon="-6.755745">
        <ele>1663.6</ele>
        <time>2020-06-21T17:18:22.000Z</time>
      </trkpt>
      <trkpt lat="42.288968" lon="-6.755696">
        <ele>1664.9</ele>
        <time>2020-06-21T17:18:27.000Z</time>
      </trkpt>
      <trkpt lat="42.289000" lon="-6.755644">
        <ele>1666.3</ele>
        <time>2020-06-21T17:18:31.000Z</time>
      </trkpt>
      <trkpt lat="42.289037" lon="-6.755607">
        <ele>1667.4</ele>
        <time>2020-06-21T17:18:35.000Z</time>
      </trkpt>
      <trkpt lat="42.289072" lon="-6.755563">
        <ele>1668.3</ele>
        <time>2020-06-21T17:18:38.000Z</time>
      </trkpt>
      <trkpt lat="42.289106" lon="-6.755509">
        <ele>1669.0</ele>
        <time>2020-06-21T17:18:43.000Z</time>
      </trkpt>
      <trkpt lat="42.289115" lon="-6.755446">
        <ele>1669.2</ele>
        <time>2020-06-21T17:18:49.000Z</time>
      </trkpt>
    </trkseg>
  </trk>
</gpx>
